CustomerID,Recency,Frequency,Monetary,RFM_Baseline_Group,KMeans_k2,KMeans_k3,Hierarchical_k2,GMM_k2,GMM_k8_Diagnostic
12346,233,1,77183.6,1,1,0,0,1,0
12347,37,5,2790.86,3,1,0,0,0,5
12348,156,3,1167.24,2,0,2,1,1,4
12350,218,1,294.4,0,0,1,1,1,3
12352,170,5,1481.81,2,1,0,0,0,1
12353,112,1,89.0,0,0,1,1,1,0
12354,140,1,1079.4,1,0,2,1,1,0
12355,122,1,459.4,1,0,2,1,1,0
12356,153,2,2429.08,2,0,2,1,1,6
12358,58,1,404.86,1,0,2,1,0,0
12359,97,3,3495.73,2,1,0,0,0,4
12360,20,2,1378.28,2,1,2,0,0,6
12361,195,1,174.9,0,0,1,1,1,3
12362,28,4,1582.35,2,1,0,0,0,7
12363,17,2,552.0,2,1,2,0,0,6
12364,20,1,578.92,1,0,2,0,0,0
12365,199,2,641.38,1,0,1,1,1,6
12370,182,3,2682.66,2,1,2,1,1,4
12372,120,2,842.9200000000001,1,0,2,0,1,6
12373,219,1,324.6,0,0,1,1,1,3
12375,6,1,190.3,1,0,2,1,1,0
12377,223,2,1548.12,1,0,1,1,1,6
12378,37,1,4008.62,2,1,2,0,1,0
12379,78,1,414.84,1,0,2,1,1,0
12380,93,1,562.5500000000001,1,0,2,1,1,0
12381,27,1,1028.74,2,0,2,0,0,0
12383,92,5,1628.56,2,1,0,0,0,1
12384,29,1,212.69,1,0,2,1,1,0
12386,245,2,401.9,1,0,1,1,1,6
12388,56,4,1668.3400000000001,2,1,0,0,0,7
12393,153,3,1061.1000000000001,2,0,2,1,1,4
12394,125,1,351.08,0,0,1,1,1,0
12395,20,8,1674.57,3,1,0,0,0,5
12397,43,1,1109.81,2,0,2,0,0,0
12399,27,4,1033.65,2,1,0,0,0,7
12401,211,1,69.3,0,0,1,1,1,3
12402,231,1,195.6,0,0,1,1,1,3
12405,56,1,1390.39,1,0,2,0,1,0
12406,91,1,1621.25,1,0,2,0,1,0
12407,42,4,1242.3600000000001,2,1,0,0,0,7
12408,6,4,1939.05,3,1,0,0,0,7
12409,90,1,6207.08,2,1,2,0,1,0
12410,216,2,533.33,1,0,1,1,1,6
12412,45,2,836.74,2,1,2,0,0,6
12413,144,2,509.90000000000003,1,0,1,1,1,6
12414,125,3,442.41,1,0,2,1,1,4
12415,7,14,101737.88,3,1,0,0,0,2
12417,14,7,2483.52,3,1,0,0,0,5
12418,20,1,668.58,1,0,2,0,0,0
12421,22,3,488.56,2,1,2,0,0,4
12422,3,3,683.5600000000001,2,1,2,0,0,4
12423,8,7,1440.67,3,1,0,0,0,5
12424,70,2,1760.96,2,1,2,0,1,6
12426,102,1,510.73,1,0,2,1,1,0
12427,279,1,249.5,0,0,1,1,1,3
12428,28,8,6628.12,3,1,0,0,0,5
12429,80,3,2482.88,2,1,0,0,0,4
12431,27,11,4732.07,3,1,0,0,0,5
12432,80,2,3316.6600000000003,2,1,2,0,1,6
12433,274,2,3787.12,1,0,1,1,1,6
12434,168,1,286.25,0,0,1,1,1,3
12435,175,1,3978.9900000000002,1,0,1,1,1,0
12436,7,1,429.01000000000005,2,0,2,0,0,0
12437,6,11,2505.41,3,1,0,0,0,2
12438,48,1,770.0699999999999,2,0,2,0,0,0
12441,274,1,155.55,0,0,1,1,1,3
12444,29,2,2347.27,2,1,2,0,0,6
12447,151,1,431.49,1,0,1,1,1,0
12449,37,2,1456.88,2,1,2,0,0,6
12450,64,2,197.88,1,0,2,1,1,6
12451,126,2,5307.82,2,1,0,0,1,6
12453,42,1,707.09,1,0,2,0,0,0
12455,35,4,2077.36,3,1,0,0,0,7
12456,39,2,1825.4,2,1,2,0,0,6
12457,141,3,907.25,2,0,2,1,1,4
12458,192,1,361.92,0,0,1,1,1,3
12461,62,1,626.88,1,0,2,0,0,0
12462,211,1,594.11,0,0,1,1,1,3
12463,83,3,877.79,2,1,2,0,0,4
12464,14,6,615.55,3,1,0,0,0,5
12465,77,1,410.94,1,0,2,1,1,0
12468,95,2,657.54,1,0,2,0,1,6
12471,15,18,9695.0,3,1,0,0,0,2
12472,46,5,4549.6,3,1,0,0,0,5
12473,22,2,1013.75,2,1,2,0,0,6
12474,6,13,3984.06,3,1,0,0,0,2
12476,49,6,2687.67,3,1,0,0,0,5
12477,8,3,8834.03,3,1,0,0,0,4
12480,51,3,1892.95,2,1,0,0,0,4
12481,87,8,3671.2599999999998,3,1,0,0,0,1
12483,6,6,1290.06,3,1,0,0,0,5
12484,11,3,3210.65,3,1,0,0,0,4
12489,244,1,298.93,0,0,1,1,1,3
12490,1,6,3210.59,3,1,0,0,0,5
12492,13,1,108.39000000000001,1,0,2,1,1,0
12493,73,2,379.74,1,0,2,1,0,6
12494,69,5,760.86,2,1,0,0,0,1
12500,14,6,1647.8400000000001,3,1,0,0,0,5
12501,244,1,2025.39,1,0,1,1,1,3
12502,3,5,2995.87,3,1,0,0,0,5
12506,140,1,73.5,0,0,1,1,1,0
12507,42,3,1052.81,2,1,2,0,0,4
12509,192,1,158.5,0,0,1,1,1,3
12510,50,2,814.5699999999999,2,1,2,0,0,6
12513,20,1,558.29,1,0,2,0,0,0
12514,175,1,1017.68,1,0,1,1,1,0
12515,261,1,278.7,0,0,1,1,1,3
12516,88,1,529.2,1,0,2,1,1,0
12517,34,2,1431.45,2,1,2,0,0,6
12518,18,1,288.83,1,0,2,1,0,0
12520,50,4,1829.85,3,1,0,0,0,7
12521,50,1,545.68,1,0,2,0,0,0
12523,15,7,927.75,3,1,0,0,0,5
12524,70,6,2744.48,3,1,0,0,0,1
12526,2,1,484.3,2,0,2,0,0,0
12527,202,2,266.92,0,0,1,1,1,6
12528,22,4,1089.3700000000001,2,1,0,0,0,7
12530,31,3,1095.65,2,1,2,0,0,4
12534,38,1,981.18,2,0,2,0,0,0
12535,94,1,371.45,1,0,2,1,1,0
12539,170,3,4517.69,2,1,0,1,1,4
12540,0,11,7874.86,3,1,0,0,0,2
12541,81,2,480.14,1,0,2,0,1,6
12545,167,1,544.15,1,0,1,1,1,3
12547,105,2,151.79999999999998,0,0,2,1,1,6
12548,74,1,67.19999999999999,0,0,2,1,1,0
12551,265,1,168.0,0,0,1,1,1,3
12553,18,7,2113.59,3,1,0,0,0,5
12556,59,1,308.75,1,0,2,1,1,0
12557,66,4,9000.960000000001,2,1,0,0,0,7
12559,218,2,525.71,1,0,1,1,1,6
12560,51,1,1292.31,1,0,2,0,1,0
12561,210,1,238.85,0,0,1,1,1,3
12562,34,3,1443.23,2,1,2,0,0,4
12564,169,1,402.9,1,0,1,1,1,3
12565,196,1,145.92,0,0,1,1,1,3
12567,4,9,7165.98,3,1,0,0,0,2
12569,0,15,1645.68,3,1,0,0,0,2
12571,29,1,248.35,1,0,2,1,1,0
12573,135,1,160.54000000000002,0,0,1,1,1,0
12574,223,1,182.45000000000002,0,0,1,1,1,3
12576,3,4,936.55,3,1,0,0,0,7
12577,267,1,195.89,0,0,1,1,1,3
12578,238,1,1412.66,1,0,1,1,1,3
12580,154,1,379.7,0,0,1,1,1,0
12582,146,2,351.36,1,0,1,1,1,6
12583,14,9,3908.21,3,1,0,0,0,5
12584,35,4,698.59,2,1,2,0,0,7
12585,142,2,1824.1,2,0,2,1,1,6
12589,52,1,113.5,0,0,2,1,1,0
12590,119,1,9341.26,1,1,2,0,1,0
12591,225,1,368.85,0,0,1,1,1,3
12592,0,2,401.6,2,1,2,0,0,6
12593,16,3,382.09999999999997,2,1,2,0,0,4
12594,29,7,2399.9,3,1,0,0,0,5
12596,150,1,213.95,0,0,1,1,1,0
12597,91,2,1120.81,2,0,2,0,1,6
12598,69,3,1422.3799999999999,2,1,2,0,0,4
12599,34,6,731.04,2,1,0,0,0,5
12600,20,8,1720.5600000000002,3,1,0,0,0,5
12601,97,5,487.06,2,1,2,0,0,1
12604,169,1,160.5,0,0,1,1,1,3
12609,94,2,674.73,1,0,2,0,1,6
12610,14,2,1104.25,2,1,2,0,0,6
12613,105,3,1336.52,2,1,2,0,0,4
12614,185,1,315.6,0,0,1,1,1,3
12615,76,1,580.74,1,0,2,1,1,0
12616,3,2,641.3,2,1,2,0,0,6
12619,24,5,1925.46,3,1,0,0,0,5
12620,112,1,561.66,1,0,2,1,1,0
12621,8,15,9223.04,3,1,0,0,0,2
12622,140,1,162.1,0,0,1,1,1,0
12623,184,1,269.1,0,0,1,1,1,3
12624,14,2,569.13,2,1,2,0,0,6
12625,119,2,2413.82,2,1,2,0,1,6
12626,20,6,4288.0,3,1,0,0,0,5
12627,4,4,2493.83,3,1,0,0,0,7
12633,37,3,1732.75,3,1,0,0,0,4
12635,62,1,629.64,1,0,2,0,0,0
12637,1,6,4192.2,3,1,0,0,0,2
12639,146,1,366.1,0,0,1,1,1,0
12641,23,1,145.9,1,0,2,1,1,0
12642,15,1,330.45,1,0,2,1,0,0
12643,36,6,3041.64,3,1,0,0,0,5
12644,37,1,477.91,1,0,2,0,0,0
12645,17,3,1220.8600000000001,3,1,2,0,0,4
12647,34,9,2472.71,3,1,0,0,0,5
12648,62,1,300.05,1,0,2,1,1,0
12649,15,3,569.51,2,1,2,0,0,4
12651,242,1,114.0,0,0,1,1,1,3
12652,239,1,793.98,1,0,1,1,1,3
12653,56,2,2209.85,2,1,2,0,0,6
12654,105,3,301.75,1,0,2,1,0,4
12656,24,3,2514.67,3,1,0,0,0,4
12662,15,7,2437.66,3,1,0,0,0,5
12664,51,3,1757.48,2,1,0,0,0,4
12665,232,1,45.0,0,0,1,1,1,3
12668,167,3,2438.4700000000003,2,1,2,1,1,4
12669,58,3,2564.0299999999997,2,1,0,0,0,4
12670,6,3,1490.47,3,1,0,0,0,4
12672,237,1,225.89999999999998,0,0,1,1,1,3
12673,234,1,220.9,0,0,1,1,1,3
12674,78,2,904.8,2,0,2,0,0,6
12676,31,4,838.0500000000001,2,1,2,0,0,7
12678,8,6,7474.26,3,1,0,0,0,2
12679,113,2,798.38,1,0,2,0,1,6
12680,21,1,275.78,1,0,2,1,0,0
12681,59,15,8948.58,3,1,0,0,0,5
12682,8,20,7373.92,3,1,0,0,0,2
12683,0,12,5956.19,3,1,0,0,0,2
12684,78,4,1271.48,2,1,0,0,0,7
12685,0,2,1462.42,2,1,2,0,0,6
12686,279,1,71.14,0,0,1,1,1,3
12688,21,1,4873.8099999999995,2,1,2,0,1,0
12689,35,1,475.03,1,0,2,0,0,0
12690,113,1,335.01,0,0,2,1,1,0
12691,53,3,484.3,2,1,2,0,0,4
12693,35,4,711.91,2,1,2,0,0,7
12694,91,1,385.5,1,0,2,1,1,0
12695,15,2,333.90000000000003,2,0,2,0,0,6
12697,39,2,573.91,2,0,2,0,0,6
12700,64,2,1951.05,2,1,2,0,0,6
12701,150,1,301.08,0,0,1,1,1,0
12704,13,3,900.92,3,1,2,0,0,4
12705,66,4,3928.52,2,1,0,0,0,7
12707,199,1,603.42,0,0,1,1,1,3
12708,9,7,1833.77,3,1,0,0,0,5
12709,4,11,6930.79,3,1,0,0,0,2
12710,4,3,1023.02,3,1,2,0,0,4
12712,14,11,3499.08,3,1,0,0,0,2
12714,14,4,3065.7,3,1,0,0,0,7
12715,14,1,263.36,1,0,2,1,1,0
12716,41,1,623.9,1,0,2,0,0,0
12717,59,2,830.98,2,1,2,0,0,6
12720,2,17,3275.84,3,1,0,0,0,2
12721,91,4,1500.91,2,1,0,0,0,7
12722,22,3,929.65,2,1,2,0,0,4
12724,81,2,244.36,1,0,2,1,1,6
12725,279,1,371.8,0,0,1,1,1,3
12726,92,5,1359.32,2,1,0,0,0,1
12727,3,6,2869.7,3,1,0,0,0,5
12728,165,3,527.31,1,0,1,1,1,4
12729,21,1,417.01,1,0,2,0,0,0
12731,52,8,11180.25,3,1,0,0,0,5
12732,87,1,218.26000000000002,1,0,2,1,1,0
12733,142,1,383.95,0,0,1,1,1,0
12734,260,1,110.39999999999999,0,0,1,1,1,3
12735,223,2,689.5699999999999,1,0,1,1,1,6
12736,240,1,144.0,0,0,1,1,1,3
12738,280,1,137.35,0,0,1,1,1,3
12739,7,1,975.54,2,1,2,0,0,0
12743,42,2,540.13,2,0,2,0,0,6
12744,52,5,14211.970000000001,3,1,0,0,0,5
12747,17,8,2769.4,3,1,0,0,0,5
12748,1,131,13662.76,3,1,0,0,0,2
12749,38,3,2755.23,3,1,0,0,0,4
12750,36,1,275.88,1,0,2,1,0,0
12753,43,5,16620.91,3,1,0,0,0,5
12754,143,3,3010.74,2,1,0,1,1,4
12755,188,2,3811.95,1,0,1,1,1,6
12757,50,7,5281.08,3,1,0,0,0,5
12758,24,2,2791.59,2,1,2,0,0,6
12759,79,2,1007.52,2,0,2,0,1,6
12763,46,2,494.08,2,0,2,0,0,6
12764,224,1,1693.88,1,0,1,1,1,3
12766,57,5,4532.1900000000005,3,1,0,0,0,5
12769,146,1,1143.6,1,0,2,1,1,0
12770,118,1,1351.45,1,0,2,1,1,0
12775,97,4,1074.68,2,1,2,0,0,7
12778,91,4,432.06,2,1,2,0,0,7
12779,97,7,2999.41,3,1,0,0,0,1
12781,192,1,549.26,0,0,1,1,1,3
12782,57,4,1714.67,2,1,0,0,0,7
12785,272,1,255.95,0,0,1,1,1,3
12787,100,1,143.1,0,0,2,1,1,0
12790,100,1,294.92,0,0,2,1,1,0
12791,281,1,177.60000000000002,0,0,1,1,1,3
12792,164,1,344.53999999999996,0,0,1,1,1,3
12793,242,2,461.48,1,0,1,1,1,6
12794,6,1,317.0,1,0,2,1,1,0
12797,273,1,226.03,0,0,1,1,1,3
12798,78,1,1607.04,1,0,2,0,1,0
12802,94,1,397.58,1,0,2,1,1,0
12808,92,2,253.35,1,0,2,1,1,6
12809,85,1,405.31,1,0,2,1,1,0
12811,169,2,458.85,1,0,1,1,1,6
12814,9,1,85.92,1,0,2,1,1,0
12815,55,2,863.46,2,1,2,0,0,6
12816,3,2,452.20000000000005,2,1,2,0,0,6
12817,189,1,126.03999999999999,0,0,1,1,1,3
12818,169,1,1182.0800000000002,1,0,1,1,1,0
12820,234,1,170.46,0,0,1,1,1,3
12821,122,1,92.72,0,0,1,1,1,0
12823,35,4,1224.0,2,1,0,0,0,7
12826,86,4,818.62,2,1,2,0,0,7
12828,7,3,415.51,2,1,2,0,0,4
12829,244,2,293.0,0,0,1,1,1,6
12830,42,4,5204.0,3,1,0,0,0,7
12831,170,1,215.05,0,0,1,1,1,3
12832,6,1,267.8,1,0,2,1,1,0
12833,53,1,417.38,1,0,2,0,0,0
12834,190,1,312.38,0,0,1,1,1,3
12836,45,3,2112.53,3,1,0,0,0,4
12837,81,1,134.1,0,0,2,1,1,0
12838,281,1,390.79,0,0,1,1,1,3
12839,0,9,3097.39,3,1,0,0,0,2
12840,51,4,2726.77,2,1,0,0,0,7
12841,14,17,2829.91,3,1,0,0,0,2
12842,216,1,310.73,0,0,1,1,1,3
12843,67,7,1692.31,3,1,0,0,0,1
12844,38,1,174.88,1,0,2,1,1,0
12845,175,4,354.09,1,0,1,1,1,7
12849,176,1,668.8499999999999,0,0,1,1,1,3
12851,4,1,131.81,1,0,2,1,1,0
12852,202,1,311.55,0,0,1,1,1,3
12853,42,6,1957.1000000000001,3,1,0,0,0,5
12854,149,2,810.37,1,0,2,1,1,6
12855,280,1,38.1,0,0,1,1,1,3
12857,118,2,1106.4,1,0,2,0,1,6
12864,46,1,147.12,1,0,2,1,1,0
12865,31,1,981.38,2,0,2,0,0,0
12866,191,1,499.12,0,0,1,1,1,3
12867,4,6,3015.96,3,1,0,0,0,5
12868,93,6,1607.0600000000002,2,1,0,0,0,1
12871,115,1,132.0,0,0,1,1,1,0
12872,234,2,599.97,1,0,1,1,1,6
12873,190,1,374.0,0,0,1,1,1,3
12875,51,2,343.2300000000001,1,0,2,0,0,6
12876,104,1,666.43,1,0,2,1,1,0
12877,32,9,1059.23,3,1,0,0,0,5
12878,144,2,854.99,1,0,2,1,1,6
12881,183,1,298.0,0,0,1,1,1,3
12885,31,1,645.35,1,0,2,0,0,0
12886,127,1,775.0,1,0,2,1,1,0
12888,122,2,354.12,1,0,2,1,1,6
12891,93,3,331.0,1,0,2,1,0,4
12897,112,2,216.5,1,0,2,1,1,6
12901,16,19,11639.470000000001,3,1,0,0,0,2
12902,172,1,138.68,0,0,1,1,1,3
12904,80,1,244.69,1,0,2,1,1,0
12908,84,2,750.0,1,0,2,0,1,6
12909,109,3,1528.37,2,1,2,0,0,4
12910,42,4,1486.9,2,1,0,0,0,7
12913,190,3,866.39,1,0,1,1,1,4
12915,56,2,363.65,1,0,2,0,0,6
12916,46,4,2944.95,3,1,0,0,0,7
12917,36,1,594.0,1,0,2,0,0,0
12919,24,3,441.65,2,1,2,0,0,4
12921,6,24,10083.47,3,1,0,0,0,2
12922,69,1,405.38,1,0,2,1,1,0
12924,106,3,655.27,1,0,2,0,0,4
12928,55,3,1136.14,2,1,2,0,0,4
12929,219,1,117.85,0,0,1,1,1,3
12930,79,1,221.56,1,0,2,1,1,0
12931,9,11,32530.7,3,1,0,0,0,2
12933,79,2,357.49,1,0,2,1,1,6
12935,17,4,1535.34,3,1,0,0,0,7
12937,105,2,428.23,1,0,2,1,1,6
12939,46,4,7990.08,3,1,0,0,0,7
12942,39,3,675.6,2,1,2,0,0,4
12944,262,1,286.95,0,0,1,1,1,3
12945,196,1,462.95,0,0,1,1,1,3
12947,51,6,1603.99,2,1,0,0,0,5
12948,13,4,1423.96,3,1,0,0,0,7
12949,22,7,3449.42,3,1,0,0,0,5
12951,81,5,751.78,2,1,2,0,0,1
12955,0,6,1843.36,3,1,0,0,0,5
12956,214,1,108.07,0,0,1,1,1,3
12957,94,4,1715.29,2,1,0,0,0,7
12962,21,1,170.54000000000002,1,0,2,1,1,0
12963,273,1,365.8,0,0,1,1,1,3
12967,266,2,1660.9,1,0,1,1,1,6
12968,20,1,135.95,1,0,2,1,1,0
12970,230,2,23.8,0,0,1,1,1,6
12971,0,64,8165.320000000001,3,1,0,0,0,2
12974,105,1,144.8,0,0,2,1,1,0
12976,119,1,738.6,1,0,2,1,1,0
12977,64,1,39.239999999999995,0,0,2,1,1,0
12980,65,9,7374.900000000001,3,1,0,0,0,5
12981,41,1,187.18,1,0,2,1,1,0
12982,150,1,390.54,0,0,1,1,1,0
12987,105,1,304.3,0,0,2,1,1,0
12988,200,1,505.82,0,0,1,1,1,3
12989,65,8,4469.14,3,1,0,0,0,5
12990,93,2,263.9,1,0,2,1,1,6
12991,20,1,303.56,1,0,2,1,0,0
12993,28,3,372.4,2,1,2,0,0,4
12994,28,2,645.47,2,1,2,0,0,6
12997,144,2,608.47,1,0,2,1,1,6
12999,104,3,455.88,1,0,2,1,0,4
13000,14,3,534.85,2,1,2,0,0,4
13001,66,11,8582.57,3,1,0,0,0,5
13002,226,1,120.94999999999999,0,0,1,1,1,3
13003,13,3,149.05,2,0,2,1,0,4
13004,22,12,3785.09,3,1,0,0,0,5
13005,81,2,513.7,1,0,2,0,1,6
13008,231,1,229.46999999999997,0,0,1,1,1,3
13011,280,1,50.550000000000004,0,0,1,1,1,3
13012,56,4,1012.3100000000001,2,1,2,0,0,7
13013,0,9,3686.09,3,1,0,0,0,2
13014,21,5,2022.48,3,1,0,0,0,5
13015,105,4,1763.04,2,1,0,0,0,7
13016,31,1,425.25,1,0,2,1,0,0
13018,0,18,5075.71,3,1,0,0,0,2
13021,74,4,1152.47,2,1,0,0,0,7
13023,37,1,291.40000000000003,1,0,2,1,0,0
13026,0,3,604.2,2,1,2,0,0,4
13027,21,6,6912.0,3,1,0,0,0,5
13029,46,2,773.1999999999999,2,1,2,0,0,6
13030,276,1,402.36,0,0,1,1,1,3
13033,265,1,190.55,0,0,1,1,1,3
13034,277,1,165.86,0,0,1,1,1,3
13035,168,1,333.0,0,0,1,1,1,3
13037,46,3,881.07,2,1,2,0,0,4
13038,91,2,591.76,1,0,2,0,1,6
13043,181,1,516.42,0,0,1,1,1,3
13044,199,1,560.47,0,0,1,1,1,3
13045,7,1,305.28000000000003,1,0,2,1,1,0
13046,174,1,197.72,0,0,1,1,1,3
13047,35,8,2682.01,3,1,0,0,0,5
13048,21,3,1358.55,2,1,2,0,0,4
13049,226,1,153.78,0,0,1,1,1,3
13050,14,13,4509.74,3,1,0,0,0,2
13052,120,1,348.15000000000003,0,0,2,1,1,0
13055,121,1,344.86,0,0,2,1,1,0
13058,59,1,47.550000000000004,0,0,2,1,1,0
13059,157,1,183.4,0,0,1,1,1,3
13060,161,1,307.53,0,0,1,1,1,3
13062,99,1,346.98,0,0,2,1,1,0
13064,60,2,659.25,1,0,2,0,0,6
13065,281,1,205.86,0,0,1,1,1,3
13068,227,1,165.0,0,0,1,1,1,3
13069,7,20,3870.02,3,1,0,0,0,2
13070,100,1,228.8,0,0,2,1,1,0
13072,174,1,177.15,0,0,1,1,1,3
13075,37,1,919.61,2,0,2,0,0,0
13077,198,3,576.19,1,0,1,1,1,4
13078,14,15,6917.150000000001,3,1,0,0,0,2
13079,48,1,23.8,1,0,2,1,1,0
13080,87,1,58.08,0,0,2,1,1,0
13081,51,8,18870.12,3,1,0,0,0,5
13082,34,9,3613.63,3,1,0,0,0,5
13085,65,2,416.08000000000004,1,0,2,0,0,6
13089,7,71,43260.74,3,1,0,0,0,2
13090,44,9,4912.02,3,1,0,0,0,5
13092,119,4,439.75,1,0,2,0,0,7
13093,183,8,7832.47,2,1,0,0,0,1
13094,37,10,1545.72,3,1,0,0,0,5
13097,30,8,4636.51,3,1,0,0,0,5
13098,2,18,15169.46,3,1,0,0,0,2
13099,7,1,207.35999999999999,1,0,2,1,1,0
13101,142,1,101.19,0,0,1,1,1,0
13102,41,19,4961.7,3,1,0,0,0,5
13104,41,3,376.44,2,1,2,0,0,4
13106,41,1,76.5,1,0,2,1,1,0
13107,83,2,935.22,2,0,2,0,1,6
13108,280,1,350.06,0,0,1,1,1,3
13109,65,1,369.85,1,0,2,1,1,0
13110,45,5,1042.24,3,1,0,0,0,5
13113,21,20,10787.06,3,1,0,0,0,2
13115,92,1,878.55,1,0,2,1,1,0
13116,46,1,501.14,1,0,2,0,0,0
13117,29,7,841.77,3,1,0,0,0,5
13118,116,3,799.7,2,0,2,1,0,4
13120,146,1,30.599999999999998,0,0,1,1,1,0
13121,177,1,283.73,0,0,1,1,1,3
13122,2,2,922.39,2,1,2,0,0,6
13124,160,2,2516.47,2,0,2,1,1,6
13126,161,5,1077.42,2,1,0,0,0,1
13130,2,1,64.0,1,0,2,1,1,0
13131,95,1,324.9,1,0,2,1,1,0
13132,169,1,77.3,0,0,1,1,1,3
13133,181,2,109.8,0,0,1,1,1,6
13134,91,3,885.74,2,1,2,0,0,4
13135,104,1,3096.0,1,0,2,1,1,0
13136,50,3,1226.68,2,1,2,0,0,4
13137,0,5,1888.32,3,1,0,0,0,5
13138,41,3,489.45,2,1,2,0,0,4
13139,17,3,1710.94,3,1,0,0,0,4
13140,16,3,422.47,2,1,2,0,0,4
13141,122,4,1401.03,2,1,0,0,0,7
13144,240,1,110.95,0,0,1,1,1,3
13145,35,2,413.8,2,0,2,0,0,6
13147,7,1,118.80000000000001,1,0,2,1,1,0
13148,41,10,2766.01,3,1,0,0,0,5
13149,14,3,1132.62,3,1,2,0,0,4
13151,203,1,1257.8700000000001,1,0,1,1,1,3
13155,234,2,569.2,1,0,1,1,1,6
13157,49,3,873.1999999999999,2,1,2,0,0,4
13158,2,4,1201.06,3,1,0,0,0,7
13159,14,2,843.09,2,1,2,0,0,6
13161,221,1,112.75,0,0,1,1,1,3
13162,30,4,1688.29,3,1,0,0,0,7
13165,259,1,354.64,0,0,1,1,1,3
13166,191,1,417.2,0,0,1,1,1,3
13167,38,2,417.55,2,0,2,0,0,6
13168,107,3,953.0600000000001,2,1,2,0,0,4
13169,160,1,505.2,1,0,1,1,1,0
13171,207,1,140.35,0,0,1,1,1,3
13173,275,1,165.94,0,0,1,1,1,3
13174,224,2,2034.06,1,0,1,1,1,6
13178,41,8,4391.7300000000005,3,1,0,0,0,5
13183,9,6,2394.98,3,1,0,0,0,5
13184,38,9,1472.1,3,1,0,0,0,5
13185,175,1,71.4,0,0,1,1,1,3
13186,1,2,1301.94,2,1,2,0,0,6
13187,245,1,236.02,0,0,1,1,1,3
13189,23,1,127.0,1,0,2,1,1,0
13192,3,2,911.94,2,1,2,0,0,6
13194,43,1,60.7,1,0,2,1,1,0
13196,170,1,512.13,0,0,1,1,1,3
13198,28,5,3009.18,3,1,0,0,0,5
13199,0,22,4740.16,3,1,0,0,0,2
13200,34,1,319.32,1,0,2,1,0,0
13203,28,2,309.86,1,0,2,0,0,6
13207,58,1,197.52000000000004,0,0,2,1,1,0
13208,63,4,828.8199999999999,2,1,2,0,0,7
13209,36,5,4156.08,3,1,0,0,0,5
13210,1,1,353.48,1,0,2,0,1,0
13211,3,2,784.64,2,1,2,0,0,6
13213,36,4,963.88,2,1,0,0,0,7
13216,175,1,333.74,0,0,1,1,1,3
13217,30,3,533.98,2,1,2,0,0,4
13218,35,1,62.63999999999999,1,0,2,1,1,0
13220,93,3,726.49,2,1,2,0,0,4
13221,148,2,847.41,1,0,2,1,1,6
13223,108,2,163.20000000000002,0,0,2,1,1,6
13224,59,1,1212.26,1,0,2,0,1,0
13225,51,5,4299.56,3,1,0,0,0,5
13226,181,1,108.21000000000001,0,0,1,1,1,3
13227,109,1,257.7,0,0,2,1,1,0
13229,133,1,160.95,0,0,1,1,1,0
13230,46,12,2195.23,3,1,0,0,0,5
13232,6,5,1019.05,3,1,0,0,0,5
13233,244,1,304.24,0,0,1,1,1,3
13235,120,1,1031.07,1,0,2,1,1,0
13236,14,1,439.23,2,0,2,0,0,0
13238,71,2,318.85,1,0,2,1,1,6
13239,169,1,329.56,0,0,1,1,1,3
13240,4,4,663.65,2,1,2,0,0,7
13242,20,3,270.40000000000003,2,1,2,0,0,4
13243,111,1,585.12,1,0,2,1,1,0
13244,0,1,121.74000000000001,1,0,2,1,1,0
13246,84,5,1838.51,3,1,0,0,0,1
13248,32,2,465.68,2,0,2,0,0,6
13249,0,3,711.41,2,1,2,0,0,4
13253,64,2,1030.4,2,1,2,0,0,6
13255,281,1,225.7,0,0,1,1,1,3
13258,113,1,198.87,0,0,1,1,1,0
13261,176,2,944.1,1,0,1,1,1,6
13262,171,1,200.29,0,0,1,1,1,3
13263,16,23,4854.79,3,1,0,0,0,2
13265,91,3,1450.66,2,1,2,0,0,4
13266,20,8,2535.58,3,1,0,0,0,5
13267,0,15,3119.34,3,1,0,0,0,2
13268,77,6,2117.81,3,1,0,0,0,1
13269,17,8,2978.5,3,1,0,0,0,5
13270,274,1,590.0,0,0,1,1,1,3
13273,21,1,138.98,1,0,2,1,1,0
13276,7,1,137.38,1,0,2,1,1,0
13277,24,2,125.9,1,0,2,1,1,6
13280,30,3,798.46,2,1,2,0,0,4
13282,70,2,773.1,2,0,2,0,0,6
13283,93,1,25.5,0,0,1,1,1,0
13284,238,1,201.19,0,0,1,1,1,3
13285,69,3,1970.1,2,1,0,0,0,4
13291,63,1,361.11,1,0,2,1,1,0
13292,192,1,249.57,0,0,1,1,1,3
13294,97,2,873.74,2,0,2,0,1,6
13295,267,1,201.20000000000002,0,0,1,1,1,3
13296,45,1,87.4,1,0,2,1,1,0
13299,176,1,142.5,0,0,1,1,1,3
13300,77,1,371.89,1,0,2,1,1,0
13301,11,4,618.09,2,1,2,0,0,7
13302,63,1,63.75,0,0,2,1,1,0
13304,259,1,300.42,0,0,1,1,1,3
13305,0,8,1471.25,3,1,0,0,0,2
13307,28,1,15.0,1,0,2,1,1,0
13308,111,1,814.95,1,0,2,1,1,0
13309,114,2,546.64,1,0,2,0,1,6
13310,114,2,817.65,1,0,2,0,1,6
13311,58,1,490.11,1,0,2,1,0,0
13313,49,3,918.34,2,1,2,0,0,4
13316,39,2,3535.18,2,1,0,0,1,6
13317,106,5,1313.98,2,1,0,0,0,1
13319,21,18,6897.070000000001,3,1,0,0,0,2
13320,14,3,981.15,3,1,2,0,0,4
13324,111,7,3798.99,2,1,0,0,0,1
13327,20,7,2738.75,3,1,0,0,0,5
13328,224,1,1308.48,1,0,1,1,1,3
13329,274,1,304.2,0,0,1,1,1,3
13330,0,3,1140.93,3,1,2,0,0,4
13334,98,2,2708.59,2,1,2,0,1,6
13338,65,1,437.02,1,0,2,1,1,0
13339,108,1,860.12,1,0,2,1,1,0
13340,13,5,9229.54,3,1,0,0,0,2
13341,168,1,775.85,1,0,1,1,1,0
13343,85,1,303.43,1,0,2,1,1,0
13344,185,1,1656.15,1,0,1,1,1,0
13345,195,1,339.5,0,0,1,1,1,3
13355,30,1,674.7,1,0,2,0,0,0
13357,165,1,609.4,1,0,1,1,1,3
13358,176,1,389.03,0,0,1,1,1,3
13362,153,2,1581.53,1,0,2,1,1,6
13365,125,1,700.6,1,0,2,1,1,0
13368,164,2,573.4,1,0,1,1,1,6
13369,273,1,258.28000000000003,0,0,1,1,1,3
13370,279,1,754.87,0,0,1,1,1,3
13373,66,2,2055.58,2,1,2,0,1,6
13376,7,3,869.76,3,1,2,0,0,4
13379,44,1,136.29,1,0,2,1,1,0
13381,21,4,2461.33,3,1,0,0,0,7
13382,188,1,222.99,0,0,1,1,1,3
13384,36,2,1755.84,2,1,2,0,0,6
13385,237,1,534.57,0,0,1,1,1,3
13388,39,2,677.1,2,1,2,0,0,6
13389,140,1,257.89,0,0,1,1,1,0
13391,111,1,59.8,0,0,1,1,1,0
13394,23,5,1543.45,3,1,0,0,0,5
13395,93,1,307.72,1,0,2,1,1,0
13396,227,1,387.27000000000004,0,0,1,1,1,3
13397,18,4,1228.19,3,1,0,0,0,7
13398,100,1,457.34,1,0,2,1,1,0
13402,35,2,621.23,2,1,2,0,0,6
13404,120,1,217.81,0,0,1,1,1,0
13405,112,2,557.45,1,0,2,0,1,6
13408,7,41,17836.68,3,1,0,0,0,2
13410,95,3,545.04,2,0,2,0,0,4
13411,15,1,213.55,1,0,2,1,1,0
13414,41,3,1390.5,2,1,2,0,0,4
13417,113,1,236.0,0,0,2,1,1,0
13418,6,15,4744.13,3,1,0,0,0,2
13420,57,2,159.85,1,0,2,1,1,6
13421,198,1,825.04,1,0,1,1,1,3
13425,16,3,1624.21,3,1,0,0,0,4
13426,90,5,1558.68,2,1,0,0,0,1
13427,28,2,464.86,2,0,2,0,0,6
13434,4,1,72.84,1,0,2,1,1,0
13435,18,3,1088.1200000000001,3,1,2,0,0,4
13437,7,4,2173.6,3,1,0,0,0,7
13439,163,1,283.71,0,0,1,1,1,3
13448,126,4,1423.26,2,1,0,0,0,7
13450,32,4,1421.46,2,1,0,0,0,7
13451,34,4,2385.5,3,1,0,0,0,7
13452,167,2,590.0,1,0,1,1,1,6
13453,73,2,356.97999999999996,1,0,2,1,0,6
13455,274,1,692.94,0,0,1,1,1,3
13456,63,3,855.0600000000001,2,1,2,0,0,4
13458,7,10,7678.42,3,1,0,0,0,2
13461,46,2,884.2,2,1,2,0,0,6
13462,160,1,151.5,0,0,1,1,1,3
13466,92,1,307.9,1,0,2,1,1,0
13468,0,29,4739.02,3,1,0,0,0,2
13470,7,2,165.0,1,0,2,1,1,6
13473,240,1,241.26,0,0,1,1,1,3
13474,144,1,226.84,0,0,1,1,1,0
13475,99,4,1431.78,2,1,0,0,0,7
13476,86,2,1238.47,2,1,2,0,1,6
13477,46,4,899.55,2,1,2,0,0,7
13479,108,2,300.95,1,0,2,1,1,6
13481,16,4,1361.33,3,1,0,0,0,7
13482,140,1,184.64,0,0,1,1,1,0
13484,149,1,313.8,0,0,1,1,1,0
13485,141,1,454.24,1,0,1,1,1,0
13486,36,2,819.61,2,1,2,0,0,6
13487,121,2,408.8,1,0,2,1,1,6
13488,28,9,6596.38,3,1,0,0,0,5
13489,13,4,449.52,2,1,2,0,0,7
13491,55,9,1088.45,2,1,0,0,0,5
13492,44,3,1269.84,2,1,2,0,0,4
13493,183,2,498.63,1,0,1,1,1,6
13494,219,1,316.26000000000005,0,0,1,1,1,3
13495,140,3,1072.43,2,0,2,1,1,4
13496,267,1,501.01,0,0,1,1,1,3
13497,190,2,348.05,0,0,1,1,1,6
13499,133,2,463.79,1,0,2,1,1,6
13500,30,1,326.4,1,0,2,1,0,0
13501,196,1,1340.32,1,0,1,1,1,3
13502,182,2,189.16,0,0,1,1,1,6
13505,74,3,2143.12,2,1,0,0,0,4
13506,224,2,458.52,1,0,1,1,1,6
13507,6,3,2022.79,3,1,0,0,0,4
13508,151,1,110.97,0,0,1,1,1,0
13509,7,4,690.02,2,1,2,0,0,7
13510,3,2,897.81,2,1,2,0,0,6
13512,168,1,251.21,0,0,1,1,1,3
13513,34,1,205.1,1,0,2,1,1,0
13515,25,3,523.96,2,1,2,0,0,4
13516,146,1,146.0,0,0,1,1,1,0
13517,14,2,1612.18,2,1,2,0,0,6
13520,45,5,2387.98,3,1,0,0,0,5
13523,107,3,2369.24,2,1,0,0,0,4
13524,9,3,408.86,2,1,2,0,0,4
13525,156,1,282.88,0,0,1,1,1,3
13527,13,4,1362.52,3,1,0,0,0,7
13529,112,1,181.1,0,0,1,1,1,0
13531,113,2,483.8,1,0,2,0,1,6
13533,90,3,269.09,1,0,2,1,0,4
13534,15,21,4371.53,3,1,0,0,0,2
13538,2,6,990.75,3,1,0,0,0,5
13539,148,2,315.65,1,0,1,1,1,6
13544,148,1,113.01,0,0,1,1,1,0
13546,108,1,182.26,0,0,2,1,1,0
13548,4,2,678.16,2,1,2,0,0,6
13549,50,5,762.05,2,1,0,0,0,1
13551,227,1,91.80000000000001,0,0,1,1,1,3
13552,31,9,2762.91,3,1,0,0,0,5
13555,109,2,1590.05,1,1,2,0,1,6
13557,188,1,240.68,0,0,1,1,1,3
13561,123,1,141.85999999999999,0,0,1,1,1,0
13562,49,2,1209.73,2,1,2,0,0,6
13563,48,1,310.88,1,0,2,1,0,0
13564,52,3,1724.67,2,1,0,0,0,4
13565,242,1,110.17999999999999,0,0,1,1,1,3
13568,81,1,187.05,0,0,2,1,1,0
13569,275,1,109.82000000000001,0,0,1,1,1,3
13570,151,1,239.49,0,0,1,1,1,0
13571,0,7,1083.83,3,1,0,0,0,5
13572,113,1,1384.25,1,0,2,1,1,0
13573,161,1,31.770000000000003,0,0,1,1,1,0
13575,41,2,218.75,1,0,2,1,0,6
13576,4,13,4840.9400000000005,3,1,0,0,0,2
13577,0,3,1193.8,3,1,2,0,0,4
13579,277,1,164.70000000000002,0,0,1,1,1,3
13581,217,1,118.0,0,0,1,1,1,3
13583,63,1,781.03,1,0,2,0,1,0
13584,214,1,142.4,0,0,1,1,1,3
13588,7,4,1420.72,3,1,0,0,0,7
13589,87,1,147.0,0,0,2,1,1,0
13590,58,4,1116.38,2,1,0,0,0,7
13591,112,2,776.23,1,0,2,0,1,6
13592,113,3,205.51,1,0,2,1,1,4
13593,16,5,2011.88,3,1,0,0,0,5
13599,64,8,2313.84,3,1,0,0,0,5
13600,220,1,219.52,0,0,1,1,1,3
13601,119,1,373.2,0,0,2,1,1,0
13606,151,2,246.63,1,0,1,1,1,6
13610,18,5,764.76,3,1,0,0,0,5
13611,78,2,636.72,1,0,2,0,0,6
13614,72,2,778.88,2,0,2,0,0,6
13615,226,1,417.69,0,0,1,1,1,3
13617,21,2,365.7,1,0,2,0,0,6
13618,81,1,177.34,0,0,2,1,1,0
13621,24,1,213.85,1,0,2,1,1,0
13623,118,4,539.17,1,0,2,0,0,7
13626,160,1,257.23,0,0,1,1,1,3
13627,84,3,1027.0,2,1,2,0,0,4
13629,7,8,5718.36,3,1,0,0,0,2
13630,13,5,1361.46,3,1,0,0,0,5
13631,7,11,3070.42,3,1,0,0,0,2
13632,81,3,812.26,2,1,2,0,0,4
13634,14,3,755.97,2,1,2,0,0,4
13636,30,4,646.55,2,1,2,0,0,7
13637,95,2,678.65,1,0,2,0,1,6
13642,123,1,312.28,0,0,1,1,1,0
13643,6,2,259.40000000000003,2,0,2,0,0,6
13644,13,1,851.09,2,0,2,0,0,0
13645,28,1,252.1,1,0,2,1,1,0
13647,83,2,803.86,2,0,2,0,1,6
13649,164,2,346.6,1,0,1,1,1,6
13650,115,2,745.52,1,0,2,0,1,6
13652,164,2,638.24,1,0,1,1,1,6
13654,53,4,1714.27,2,1,0,0,0,7
13655,22,2,932.97,2,1,2,0,0,6
13656,72,2,379.65,1,0,2,1,0,6
13657,109,1,152.34,0,0,1,1,1,0
13658,112,1,933.3,1,0,2,1,1,0
13659,113,2,1563.0,1,1,2,0,1,6
13662,120,2,516.44,1,0,2,0,1,6
13663,87,1,189.47,0,0,2,1,1,0
13666,195,2,64.05,0,0,1,1,1,6
13667,57,1,299.05,1,0,2,1,1,0
13668,21,16,4900.97,3,1,0,0,0,2
13669,57,1,48.150000000000006,0,0,2,1,1,0
13672,209,2,186.39000000000001,0,0,1,1,1,6
13675,59,2,486.82000000000005,1,0,2,0,0,6
13678,59,1,232.6,1,0,2,1,1,0
13680,245,2,2391.59,1,0,1,1,1,6
13681,63,1,203.46,0,0,2,1,1,0
13682,95,1,59.5,0,0,1,1,1,0
13684,193,1,65.13,0,0,1,1,1,3
13686,90,1,72.0,0,0,2,1,1,0
13692,121,2,871.58,1,0,2,0,1,6
13694,15,39,45911.64,3,1,0,0,0,2
13695,6,12,1767.07,3,1,0,0,0,2
13699,63,1,308.58000000000004,1,0,2,1,1,0
13700,0,8,1634.77,3,1,0,0,0,2
13703,226,1,99.5,0,0,1,1,1,3
13705,52,2,522.68,1,0,2,0,0,6
13706,210,1,330.79,0,0,1,1,1,3
13707,175,2,806.41,1,0,1,1,1,6
13708,179,1,285.33,0,0,1,1,1,3
13709,9,5,2918.81,3,1,0,0,0,5
13711,126,2,252.06,1,0,2,1,1,6
13712,154,1,228.84,0,0,1,1,1,0
13715,189,5,1077.39,2,1,1,1,1,1
13716,177,1,138.28,0,0,1,1,1,3
13717,36,4,955.99,2,1,2,0,0,7
13718,154,2,306.55,1,0,1,1,1,6
13719,113,2,338.74,1,0,2,1,1,6
13720,24,4,799.9,2,1,2,0,0,7
13722,39,3,2375.41,3,1,0,0,0,4
13723,125,1,199.85000000000002,0,0,1,1,1,0
13725,77,7,1865.7,3,1,0,0,0,1
13726,8,1,292.68,1,0,2,1,1,0
13728,15,5,797.02,3,1,0,0,0,5
13730,43,2,752.6,2,1,2,0,0,6
13731,127,2,610.59,1,0,2,0,1,6
13735,83,2,1409.69,2,1,2,0,1,6
13736,168,1,357.53,0,0,1,1,1,3
13737,108,1,339.59999999999997,0,0,2,1,1,0
13740,148,1,350.75,0,0,1,1,1,0
13741,91,2,363.13,1,0,2,1,1,6
13742,70,10,2632.57,3,1,0,0,0,5
13743,15,5,912.1199999999999,3,1,0,0,0,5
13744,3,2,1080.52,2,1,2,0,0,6
13745,70,1,300.04,1,0,2,1,1,0
13747,281,1,79.6,0,0,1,1,1,3
13748,3,5,948.25,3,1,0,0,0,5
13750,48,4,1316.63,2,1,0,0,0,7
13751,196,1,296.25,0,0,1,1,1,3
13752,32,6,1175.38,3,1,0,0,0,5
13753,195,1,741.26,0,0,1,1,1,3
13754,59,2,282.59999999999997,1,0,2,1,0,6
13756,1,8,2972.3300000000004,3,1,0,0,0,2
13758,109,5,2351.52,2,1,0,0,0,1
13760,164,1,135.09,0,0,1,1,1,3
13761,87,1,491.71000000000004,1,0,2,1,1,0
13762,126,1,306.72,0,0,1,1,1,0
13764,52,2,943.29,2,1,2,0,0,6
13767,16,28,9676.37,3,1,0,0,0,2
13769,0,8,2176.62,3,1,0,0,0,2
13771,107,2,1464.8500000000001,1,1,2,0,1,6
13772,4,2,682.97,2,1,2,0,0,6
13777,37,24,12360.24,3,1,0,0,0,5
13778,11,1,178.7,1,0,2,1,1,0
13780,78,1,116.28000000000002,0,0,2,1,1,0
13781,158,1,127.84,0,0,1,1,1,0
13782,32,3,484.79,2,1,2,0,0,4
13784,2,9,2124.15,3,1,0,0,0,2
13786,275,1,230.39999999999998,0,0,1,1,1,3
13787,272,1,106.4,0,0,1,1,1,3
13791,35,2,1516.0,2,1,2,0,0,6
13792,195,1,74.60000000000001,0,0,1,1,1,3
13798,1,42,29161.14,3,1,0,0,0,2
13799,24,2,688.86,2,1,2,0,0,6
13800,217,1,558.32,0,0,1,1,1,3
13802,46,3,4599.42,3,1,0,0,0,4
13803,163,1,277.07,0,0,1,1,1,3
13804,4,4,1526.01,3,1,0,0,0,7
13805,37,1,500.24,1,0,2,0,0,0
13807,275,1,112.6,0,0,1,1,1,3
13808,1,2,723.1,2,1,2,0,0,6
13809,213,1,155.05,0,0,1,1,1,3
13811,91,3,742.5,2,1,2,0,0,4
13812,13,1,260.74,1,0,2,1,1,0
13813,42,1,331.14,1,0,2,1,0,0
13814,0,2,1579.12,2,1,2,0,0,6
13815,80,2,2689.75,2,1,2,0,1,6
13817,259,1,110.7,0,0,1,1,1,3
13819,209,3,1140.35,1,0,1,1,1,4
13821,52,2,385.64,1,0,2,0,0,6
13824,43,4,1429.84,2,1,0,0,0,7
13826,84,1,189.5,0,0,2,1,1,0
13827,41,2,300.76,1,0,2,0,0,6
13831,46,4,1450.85,2,1,0,0,0,7
13833,67,1,383.85,1,0,2,1,1,0
13835,63,2,537.34,1,0,2,0,0,6
13837,119,2,266.59000000000003,1,0,2,1,1,6
13838,25,3,467.54,2,1,2,0,0,4
13841,160,1,85.0,0,0,1,1,1,0
13842,63,7,2165.27,3,1,0,0,0,1
13846,150,2,663.9300000000001,1,0,1,1,1,6
13848,0,3,1255.0,3,1,2,0,0,4
13849,78,1,593.5799999999999,1,0,2,1,1,0
13850,37,1,1595.48,2,1,2,0,1,0
13851,3,3,2651.46,3,1,0,0,0,4
13854,0,20,6469.16,3,1,0,0,0,2
13856,76,3,388.5,1,0,2,0,0,4
13859,234,1,201.16,0,0,1,1,1,3
13862,16,6,1781.3,3,1,0,0,0,5
13863,155,1,305.78,0,0,1,1,1,0
13865,44,3,383.34000000000003,2,1,2,0,0,4
13867,126,1,138.85,0,0,1,1,1,0
13869,31,4,3083.65,3,1,0,0,0,7
13870,9,5,2179.4700000000003,3,1,0,0,0,5
13871,0,9,4612.64,3,1,0,0,0,2
13873,27,3,389.6,2,1,2,0,0,4
13874,266,1,540.45,0,0,1,1,1,3
13875,41,4,1424.8,2,1,0,0,0,7
13880,53,8,1680.76,3,1,0,0,0,5
13881,3,11,9398.68,3,1,0,0,0,2
13883,126,4,1742.78,2,1,0,0,0,7
13884,185,3,196.25,0,0,1,1,1,4
13885,97,2,506.8,1,0,2,0,1,6
13887,112,1,349.55,0,0,2,1,1,0
13888,27,2,595.67,2,1,2,0,0,6
13889,0,1,416.90000000000003,2,0,2,0,1,0
13890,15,2,501.11,2,1,2,0,0,6
13892,154,1,54.519999999999996,0,0,1,1,1,0
13893,205,1,821.1,1,0,1,1,1,3
13894,218,1,160.85,0,0,1,1,1,3
13895,51,2,937.3000000000001,2,1,2,0,0,6
13898,233,1,155.93,0,0,1,1,1,3
13899,182,1,298.5,0,0,1,1,1,3
13900,91,3,740.95,2,1,2,0,0,4
13901,15,4,2652.28,3,1,0,0,0,7
13904,202,1,201.12,0,0,1,1,1,3
13908,34,3,1411.61,2,1,2,0,0,4
13911,52,8,2437.63,3,1,0,0,0,5
13917,99,1,65.38,0,0,1,1,1,0
13918,161,1,198.2,0,0,1,1,1,3
13919,29,1,195.15,1,0,2,1,1,0
13922,259,1,172.25,0,0,1,1,1,3
13925,0,4,678.25,2,1,2,0,0,7
13928,14,2,225.45000000000002,2,0,2,0,0,6
13929,77,2,842.65,2,0,2,0,0,6
13930,44,1,210.0,1,0,2,1,1,0
13931,3,2,1237.53,2,1,2,0,0,6
13932,202,1,307.4,0,0,1,1,1,3
13933,17,2,608.7900000000001,2,1,2,0,0,6
13934,171,1,922.1,1,0,1,1,1,0
13936,87,1,376.58,1,0,2,1,1,0
13937,77,1,158.85,0,0,2,1,1,0
13939,16,2,390.21,2,0,2,0,0,6
13940,24,2,391.06,1,0,2,0,0,6
13941,79,3,2831.26,2,1,0,0,0,4
13946,109,2,485.96999999999997,1,0,2,0,1,6
13948,268,1,102.0,0,0,1,1,1,3
13949,2,1,537.9,2,0,2,0,0,0
13950,154,1,179.30999999999997,0,0,1,1,1,0
13951,84,3,674.45,2,1,2,0,0,4
13952,125,2,3251.071,2,1,2,0,1,6
13953,23,5,2604.36,3,1,0,0,0,5
13955,62,2,322.96,1,0,2,1,0,6
13956,46,3,676.07,2,1,2,0,0,4
13959,189,2,337.44,0,0,1,1,1,6
13962,153,1,117.6,0,0,1,1,1,0
13963,216,4,664.54,1,0,1,1,1,7
13967,53,1,80.7,0,0,2,1,1,0
13969,15,11,3883.23,3,1,0,0,0,2
13971,14,6,1985.9,3,1,0,0,0,5
13972,109,1,145.9,0,0,1,1,1,0
13973,195,1,264.7,0,0,1,1,1,3
13975,36,4,1466.67,2,1,0,0,0,7
13976,114,1,357.98,0,0,2,1,1,0
13982,71,3,1230.1399999999999,2,1,2,0,0,4
13983,95,8,1681.06,3,1,0,0,0,1
13984,34,4,819.33,2,1,2,0,0,7
13985,15,7,2773.04,3,1,0,0,0,5
13988,70,3,1923.5,2,1,0,0,0,4
13989,147,1,896.6700000000001,1,0,1,1,1,0
13990,121,1,311.3,0,0,2,1,1,0
13991,51,1,126.35,0,0,2,1,1,0
13993,8,6,2247.41,3,1,0,0,0,5
13994,13,2,419.56,2,0,2,0,0,6
13995,23,3,871.9,2,1,2,0,0,4
13999,3,9,2868.9700000000003,3,1,0,0,0,2
14000,119,1,635.66,1,0,2,1,1,0
14001,140,2,1309.14,1,0,2,1,1,6
14002,42,2,529.73,2,0,2,0,0,6
14004,6,5,3203.26,3,1,0,0,0,2
14005,41,3,696.56,2,1,2,0,0,4
14006,23,3,962.19,2,1,2,0,0,4
14009,106,2,695.61,1,0,2,0,1,6
14012,185,1,328.8,0,0,1,1,1,3
14013,18,3,473.02,2,1,2,0,0,4
14016,69,4,4291.21,2,1,0,0,0,7
14019,6,2,800.53,2,1,2,0,0,6
14021,63,3,631.9,2,1,2,0,0,4
14022,133,1,440.0,1,0,1,1,1,0
14023,158,1,273.14,0,0,1,1,1,3
14024,29,2,327.7,1,0,2,0,0,6
14029,52,1,165.20000000000002,0,0,2,1,1,0
14030,29,6,1657.5,3,1,0,0,0,5
14031,34,13,9627.03,3,1,0,0,0,5
14032,76,6,1845.37,3,1,0,0,0,1
14034,65,2,473.90999999999997,1,0,2,0,0,6
14035,15,3,837.26,3,1,2,0,0,4
14036,192,1,626.65,0,0,1,1,1,3
14037,84,2,147.20000000000002,1,0,2,1,1,6
14038,52,2,1086.42,2,1,2,0,0,6
14040,2,10,2734.46,3,1,0,0,0,2
14041,174,1,141.41,0,0,1,1,1,3
14044,11,3,535.71,2,1,2,0,0,4
14045,17,4,1659.75,3,1,0,0,0,7
14046,192,1,154.99,0,0,1,1,1,3
14047,107,3,635.92,1,0,2,0,0,4
14048,213,1,409.93,0,0,1,1,1,3
14049,66,3,3244.74,2,1,0,0,0,4
14050,14,1,485.98,2,0,2,0,0,0
14051,21,15,8687.44,3,1,0,0,0,2
14053,32,2,260.25,1,0,2,0,0,6
14055,14,1,725.6400000000001,2,0,2,0,0,0
14056,15,17,5333.97,3,1,0,0,0,2
14057,8,13,4805.68,3,1,0,0,0,2
14059,174,1,183.6,0,0,1,1,1,3
14060,16,14,4102.78,3,1,0,0,0,2
14062,20,9,7801.79,3,1,0,0,0,5
14064,21,4,1097.03,2,1,0,0,0,7
14066,174,1,152.55,0,0,1,1,1,3
14067,4,1,224.67,1,0,2,1,1,0
14068,228,1,265.85,0,0,1,1,1,3
14071,168,2,356.81,1,0,1,1,1,6
14075,169,1,307.92,0,0,1,1,1,3
14076,37,1,118.67,1,0,2,1,1,0
14077,90,3,310.4,1,0,2,1,0,4
14078,9,6,1049.37,3,1,0,0,0,5
14079,32,1,375.1,1,0,2,1,0,0
14081,210,2,921.62,1,0,1,1,1,6
14082,272,1,182.25,0,0,1,1,1,3
14083,34,7,533.39,2,1,0,0,0,5
14085,49,12,3220.94,3,1,0,0,0,5
14088,36,7,25507.89,3,1,0,0,0,5
14090,232,1,76.32000000000001,0,0,1,1,1,3
14092,7,10,2745.42,3,1,0,0,0,2
14096,6,2,97.42999999999999,1,0,2,1,1,6
14099,28,8,2309.92,3,1,0,0,0,5
14100,45,1,191.95000000000002,1,0,2,1,1,0
14101,50,5,4944.389999999999,3,1,0,0,0,5
14104,62,2,216.20999999999998,1,0,2,1,1,6
14105,147,1,1266.23,1,0,2,1,1,0
14107,4,6,2461.94,3,1,0,0,0,5
14108,9,1,291.33,1,0,2,1,1,0
14110,27,5,3259.62,3,1,0,0,0,5
14111,3,3,295.5,2,1,2,0,0,4
14112,38,4,1900.82,3,1,0,0,0,7
14113,262,1,433.5,0,0,1,1,1,3
14114,181,2,386.53,0,0,1,1,1,6
14116,0,2,628.87,2,1,2,0,0,6
14117,51,1,90.0,0,0,2,1,1,0
14127,30,3,709.71,2,1,2,0,0,4
14128,163,1,305.54,0,0,1,1,1,3
14129,3,3,726.23,2,1,2,0,0,4
14130,227,1,480.91,0,0,1,1,1,3
14132,21,5,1552.46,3,1,0,0,0,5
14133,37,3,605.64,2,1,2,0,0,4
14135,13,10,3190.32,3,1,0,0,0,2
14141,13,1,285.16,1,0,2,1,1,0
14142,281,1,311.81,0,0,1,1,1,3
14143,41,1,115.8,1,0,2,1,1,0
14145,64,3,2851.2,2,1,0,0,0,4
14146,162,2,1903.73,2,0,2,1,1,6
14147,193,1,182.8,0,0,1,1,1,3
14148,141,1,157.2,0,0,1,1,1,0
14149,128,1,446.62,1,0,2,1,1,0
14150,267,1,306.18,0,0,1,1,1,3
14152,142,1,314.51,0,0,1,1,1,0
14154,147,2,1345.62,1,0,2,1,1,6
14155,174,1,118.75,0,0,1,1,1,3
14156,1,41,98238.79,3,1,0,0,0,2
14157,193,1,269.18,0,0,1,1,1,3
14159,3,7,2732.73,3,1,0,0,0,2
14161,123,3,1097.6200000000001,2,1,2,1,1,4
14162,81,2,289.36,1,0,2,1,1,6
14163,60,3,1659.39,2,1,2,0,0,4
14165,183,1,120.44,0,0,1,1,1,3
14167,73,3,389.85,1,0,2,0,0,4
14171,6,1,363.79,1,0,2,0,0,0
14173,127,1,114.04,0,0,1,1,1,0
14175,79,2,1205.99,2,1,2,0,1,6
14176,205,4,576.9000000000001,1,0,1,1,1,7
14177,3,3,299.46,2,1,2,0,0,4
14178,6,3,477.29,2,1,2,0,0,4
14180,14,21,4110.12,3,1,0,0,0,2
14185,239,1,197.65,0,0,1,1,1,3
14188,17,4,1383.46,3,1,0,0,0,7
14189,4,11,3267.92,3,1,0,0,0,2
14191,16,7,2258.26,3,1,0,0,0,5
14193,177,1,422.53999999999996,0,0,1,1,1,3
14194,14,12,5666.45,3,1,0,0,0,2
14195,109,2,1012.0,1,0,2,0,1,6
14196,14,1,335.52,1,0,2,1,0,0
14198,53,2,356.95,1,0,2,0,0,6
14199,126,1,185.39999999999998,0,0,1,1,1,0
14201,57,5,521.24,2,1,2,0,0,1
14205,172,1,222.9,0,0,1,1,1,3
14206,147,1,328.15999999999997,0,0,1,1,1,0
14208,2,1,151.74,1,0,2,1,1,0
14209,29,5,1876.33,3,1,0,0,0,5
14210,13,6,1905.8400000000001,3,1,0,0,0,5
14211,4,6,1129.93,3,1,0,0,0,5
14214,64,3,899.16,2,1,2,0,0,4
14215,94,4,1098.27,2,1,2,0,0,7
14217,7,10,1211.5,3,1,0,0,0,2
14220,155,2,632.4,1,0,1,1,1,6
14221,21,7,2617.0099999999998,3,1,0,0,0,5
14222,85,1,683.17,1,0,2,1,1,0
14223,0,3,991.13,3,1,2,0,0,4
14224,18,4,1009.73,3,1,0,0,0,7
14226,118,2,1692.0,2,1,2,0,1,6
14227,104,7,2399.52,2,1,0,0,0,1
14229,199,2,762.13,1,0,1,1,1,6
14231,91,3,925.71,2,1,2,0,0,4
14232,23,4,1573.33,2,1,0,0,0,7
14233,119,3,959.1,2,1,2,1,1,4
14235,65,4,2802.86,2,1,0,0,0,7
14236,280,1,189.3,0,0,1,1,1,3
14237,281,1,161.0,0,0,1,1,1,3
14238,234,1,146.85,0,0,1,1,1,3
14239,2,9,1880.89,3,1,0,0,0,2
14240,133,1,226.85,0,0,1,1,1,0
14241,91,1,213.70000000000002,1,0,2,1,1,0
14242,142,2,280.55,1,0,1,1,1,6
14243,3,8,2305.95,3,1,0,0,0,2
14245,127,2,1693.45,2,0,2,0,1,6
14246,18,3,1474.06,3,1,2,0,0,4
14247,186,1,136.76999999999998,0,0,1,1,1,3
14248,226,1,302.58,0,0,1,1,1,3
14256,168,2,969.0600000000001,1,0,1,1,1,6
14257,31,4,2725.84,3,1,0,0,0,7
14258,59,7,9386.32,3,1,0,0,0,5
14259,49,1,120.0,1,0,2,1,1,0
14262,15,3,855.0,3,1,2,0,0,4
14264,62,2,333.97,1,0,2,1,0,6
14265,17,2,530.18,2,1,2,0,0,6
14267,70,3,1516.24,2,1,2,0,0,4
14270,239,1,492.65000000000003,0,0,1,1,1,3
14271,133,1,112.32,0,0,1,1,1,0
14272,162,1,132.09,0,0,1,1,1,3
14273,44,3,450.05,2,1,2,0,0,4
14276,6,3,1119.74,3,1,2,0,0,4
14277,120,1,1629.03,1,0,2,1,1,0
14280,104,1,134.04,0,0,2,1,1,0
14282,17,9,2467.54,3,1,0,0,0,5
14285,84,1,5.9,0,0,1,1,1,0
14286,150,1,2050.08,1,0,2,1,1,0
14287,106,2,83.28,0,0,2,1,1,6
14288,121,1,426.6,1,0,2,1,1,0
14289,42,5,832.78,3,1,0,0,0,5
14290,269,1,777.5600000000001,1,0,1,1,1,3
14291,28,7,2355.54,3,1,0,0,0,5
14292,53,4,2590.21,2,1,0,0,0,7
14293,55,3,739.41,2,1,2,0,0,4
14297,182,1,232.6,0,0,1,1,1,3
14298,7,37,41182.51,3,1,0,0,0,2
14299,15,5,2437.14,3,1,0,0,0,5
14301,25,1,640.14,1,0,2,0,0,0
14304,130,1,383.45,0,0,1,1,1,0
14305,21,2,1048.45,2,1,2,0,0,6
14307,42,4,2307.89,3,1,0,0,0,7
14309,1,7,1633.7,3,1,0,0,0,5
14311,150,1,310.26,0,0,1,1,1,0
14312,94,4,854.59,2,1,2,0,0,7
14314,14,1,120.0,1,0,2,1,1,0
14315,37,5,1550.15,3,1,0,0,0,5
14320,114,2,477.79,1,0,2,0,1,6
14321,24,3,900.65,2,1,2,0,0,4
14323,22,2,605.0600000000001,2,1,2,0,0,6
14326,150,1,183.85,0,0,1,1,1,0
14327,71,1,311.65,1,0,2,1,1,0
14329,16,4,3485.03,3,1,0,0,0,7
14331,32,2,462.65999999999997,2,0,2,0,0,6
14332,55,1,119.04,0,0,2,1,1,0
14334,1,7,2328.71,3,1,0,0,0,5
14335,4,1,347.5,1,0,2,0,1,0
14336,106,3,1114.39,2,1,2,0,0,4
14338,69,2,588.22,1,0,2,0,0,6
14339,150,1,309.52,0,0,1,1,1,0
14340,126,1,134.7,0,0,1,1,1,0
14341,38,6,1139.52,3,1,0,0,0,5
14342,45,2,419.74,2,0,2,0,0,6
14344,35,8,889.9300000000001,3,1,0,0,0,5
14346,28,2,1021.58,2,1,2,0,0,6
14348,168,1,409.57,1,0,1,1,1,3
14350,182,1,282.93,0,0,1,1,1,3
14351,72,1,51.0,0,0,2,1,1,0
14352,65,4,1078.96,2,1,0,0,0,7
14353,123,1,90.6,0,0,1,1,1,0
14355,273,1,174.4,0,0,1,1,1,3
14360,2,1,1124.49,2,1,2,0,0,0
14364,16,8,3717.35,3,1,0,0,0,5
14367,45,10,5419.7,3,1,0,0,0,5
14368,227,1,155.0,0,0,1,1,1,3
14371,203,1,100.5,0,0,1,1,1,3
14373,266,1,76.55,0,0,1,1,1,3
14375,93,1,235.56,1,0,2,1,1,0
14377,99,2,617.05,1,0,2,0,1,6
14379,203,1,110.98,0,0,1,1,1,3
14383,71,1,242.09,1,0,2,1,1,0
14386,204,1,142.4,0,0,1,1,1,3
14387,17,1,440.76,2,0,2,0,0,0
14388,29,5,1835.1100000000001,3,1,0,0,0,5
14389,98,1,311.14,0,0,2,1,1,0
14390,52,4,1590.71,2,1,0,0,0,7
14393,126,1,67.95,0,0,1,1,1,0
14395,85,6,1952.3200000000002,3,1,0,0,0,1
14396,279,1,110.35000000000001,0,0,1,1,1,3
14397,1,10,1036.12,3,1,0,0,0,2
14400,57,1,574.7,1,0,2,0,0,0
14401,3,10,3079.38,3,1,0,0,0,2
14403,38,4,1475.81,2,1,0,0,0,7
14404,16,5,1322.52,3,1,0,0,0,5
14406,27,1,156.75,1,0,2,1,1,0
14407,15,5,2142.73,3,1,0,0,0,5
14408,2,6,2290.81,3,1,0,0,0,5
14409,30,5,1943.73,3,1,0,0,0,5
14410,0,9,1100.27,3,1,0,0,0,2
14411,218,1,1063.0,1,0,1,1,1,3
14413,270,1,121.05,0,0,1,1,1,3
14414,7,6,1311.1399999999999,3,1,0,0,0,5
14415,6,9,3766.13,3,1,0,0,0,2
14418,16,1,150.44,1,0,2,1,1,0
14419,160,2,307.14,1,0,1,1,1,6
14420,7,1,387.52,1,0,2,0,0,0
14421,119,1,455.18,1,0,2,1,1,0
14422,78,2,1032.15,2,1,2,0,0,6
14423,126,1,265.2,0,0,1,1,1,0
14426,48,6,2885.58,3,1,0,0,0,5
14428,147,2,330.62,1,0,1,1,1,6
14431,210,1,470.36,0,0,1,1,1,3
14436,6,1,89.06,1,0,2,1,1,0
14437,273,1,63.0,0,0,1,1,1,3
14438,214,1,131.9,0,0,1,1,1,3
14439,227,1,2661.24,1,0,1,1,1,0
14440,224,2,1185.71,1,0,1,1,1,6
14441,2,2,697.4000000000001,2,1,2,0,0,6
14442,112,2,1589.82,1,1,2,0,1,6
14443,46,3,991.52,2,1,2,0,0,4
14446,154,1,303.04,0,0,1,1,1,0
14447,104,2,601.03,1,0,2,0,1,6
14448,272,1,102.35000000000001,0,0,1,1,1,3
14449,154,2,399.91,1,0,1,1,1,6
14450,88,3,483.25,2,0,2,0,0,4
14451,102,1,360.0,0,0,2,1,1,0
14452,1,1,127.37,1,0,2,1,1,0
14453,98,1,119.93,0,0,2,1,1,0
14456,39,3,636.65,2,1,2,0,0,4
14457,218,1,113.64,0,0,1,1,1,3
14459,63,1,1837.92,2,0,2,0,1,0
14460,18,3,434.34,2,1,2,0,0,4
14461,56,3,2103.06,2,1,0,0,0,4
14462,28,9,1510.65,3,1,0,0,0,5
14463,6,3,529.62,2,1,2,0,0,4
14465,154,3,1038.44,2,0,2,1,1,4
14466,23,5,1580.45,3,1,0,0,0,5
14467,220,1,131.7,0,0,1,1,1,3
14470,195,1,297.64,0,0,1,1,1,3
14472,11,8,1852.67,3,1,0,0,0,5
14473,190,1,85.0,0,0,1,1,1,3
14475,94,2,622.17,1,0,2,0,1,6
14476,165,1,193.0,0,0,1,1,1,3
14477,92,2,523.0,1,0,2,0,1,6
14479,161,2,316.25,1,0,1,1,1,6
14481,72,2,636.51,1,0,2,0,0,6
14482,7,2,465.95000000000005,2,1,2,0,0,6
14483,189,1,137.1,0,0,1,1,1,3
14487,276,1,125.10000000000001,0,0,1,1,1,3
14489,115,1,463.38,1,0,2,1,1,0
14491,83,2,340.93,1,0,2,1,1,6
14493,63,1,611.22,1,0,2,0,1,0
14495,29,1,40.599999999999994,1,0,2,1,1,0
14496,219,2,538.8100000000001,1,0,1,1,1,6
14497,217,1,475.37,0,0,1,1,1,3
14498,24,4,1281.79,2,1,0,0,0,7
14499,41,2,367.81,1,0,2,0,0,6
14500,20,2,335.85,1,0,2,0,0,6
14501,91,2,251.21,1,0,2,1,1,6
14502,57,7,1163.22,2,1,0,0,0,5
14503,86,1,597.07,1,0,2,1,1,0
14504,151,3,542.71,1,0,2,1,1,4
14505,17,6,4222.74,3,1,0,0,0,5
14506,70,3,818.96,2,1,2,0,0,4
14507,9,4,924.6899999999999,3,1,0,0,0,7
14511,0,2,329.89,2,0,2,0,0,6
14512,95,2,275.28,1,0,2,1,1,6
14513,8,3,455.59000000000003,2,1,2,0,0,4
14514,109,2,403.11,1,0,2,1,1,6
14515,99,2,765.65,1,0,2,0,1,6
14517,49,1,252.45,1,0,2,1,1,0
14520,198,1,165.0,0,0,1,1,1,3
14522,0,2,760.6999999999999,2,1,2,0,0,6
14523,16,1,241.09,1,0,2,1,1,0
14524,86,5,1028.87,2,1,0,0,0,1
14525,8,7,2820.29,3,1,0,0,0,5
14527,6,40,5281.42,3,1,0,0,0,2
14529,18,1,135.24,1,0,2,1,1,0
14530,1,5,2482.32,3,1,0,0,0,5
14532,144,4,932.85,2,1,2,0,0,7
14533,20,2,734.98,2,1,2,0,0,6
14534,3,14,3031.39,3,1,0,0,0,2
14535,35,2,1652.81,2,1,2,0,0,6
14536,167,1,170.95,0,0,1,1,1,3
14538,164,1,106.5,0,0,1,1,1,3
14540,217,1,195.9,0,0,1,1,1,3
14541,76,7,1307.3500000000001,2,1,0,0,0,1
14542,93,1,103.25,0,0,2,1,1,0
14543,16,13,3234.5,3,1,0,0,0,2
14544,269,1,1101.77,1,0,1,1,1,3
14546,109,2,874.88,1,0,2,0,1,6
14548,58,2,652.8,1,0,2,0,0,6
14549,219,1,289.24,0,0,1,1,1,3
14551,112,1,125.43,0,0,1,1,1,0
14552,59,1,164.22,0,0,2,1,1,0
14553,126,2,312.32,1,0,2,1,1,6
14555,210,1,186.34,0,0,1,1,1,3
14560,2,15,1565.2,3,1,0,0,0,2
14561,70,2,566.99,1,0,2,0,0,6
14562,0,7,2309.38,3,1,0,0,0,5
14565,3,4,2949.12,3,1,0,0,0,7
14566,18,1,1432.0,2,1,2,0,0,0
14567,38,1,800.76,2,0,2,0,0,0
14570,188,2,218.06,0,0,1,1,1,6
14572,18,5,2063.2400000000002,3,1,0,0,0,5
14573,87,9,1639.82,2,1,0,0,0,1
14576,280,1,35.400000000000006,0,0,1,1,1,3
14577,71,3,646.64,2,1,2,0,0,4
14583,52,4,741.72,2,1,2,0,0,7
14584,77,4,1033.06,2,1,2,0,0,7
14586,184,1,237.36,0,0,1,1,1,3
14587,92,8,1452.68,2,1,0,0,0,1
14589,279,1,39.75,0,0,1,1,1,3
14591,121,1,204.02,0,0,1,1,1,0
14593,106,2,339.59,1,0,2,1,1,6
14594,281,1,255.0,0,0,1,1,1,3
14595,221,1,163.8,0,0,1,1,1,3
14597,99,1,165.1,0,0,2,1,1,0
14600,213,1,393.33000000000004,0,0,1,1,1,3
14603,182,1,660.0,0,0,1,1,1,3
14606,1,70,9388.91,3,1,0,0,0,2
14607,169,1,495.0,1,0,1,1,1,3
14608,270,1,204.0,0,0,1,1,1,3
14609,51,3,486.36,2,1,2,0,0,4
14616,150,3,406.08000000000004,1,0,1,1,1,4
14618,245,1,211.8,0,0,1,1,1,3
14619,153,1,394.44,0,0,1,1,1,0
14620,113,2,412.78000000000003,1,0,2,1,1,6
14621,64,3,1002.91,2,1,2,0,0,4
14622,92,1,320.58000000000004,1,0,2,1,1,0
14623,24,3,606.16,2,1,2,0,0,4
14625,104,2,899.63,1,0,2,0,1,6
14626,30,2,1571.29,2,1,2,0,0,6
14628,150,1,331.58000000000004,0,0,1,1,1,0
14631,143,2,630.08,1,0,2,1,1,6
14632,170,1,114.56,0,0,1,1,1,3
14633,174,1,344.90000000000003,0,0,1,1,1,3
14636,176,1,300.19,0,0,1,1,1,3
14639,28,4,1989.23,3,1,0,0,0,7
14640,35,4,1483.3600000000001,2,1,0,0,0,7
14643,78,2,693.8100000000001,1,0,2,0,0,6
14644,206,1,187.50000000000003,0,0,1,1,1,3
14645,64,2,597.09,1,0,2,0,0,6
14646,0,42,177729.62,3,1,0,0,0,2
14647,109,1,236.04000000000002,0,0,2,1,1,0
14649,120,2,582.12,1,0,2,0,1,6
14651,119,1,415.47,1,0,2,1,1,0
14653,246,1,344.81,0,0,1,1,1,3
14655,130,1,810.56,1,0,2,1,1,0
14656,77,2,291.05,1,0,2,1,1,6
14657,63,3,638.94,2,1,2,0,0,4
14658,25,1,123.14,1,0,2,1,1,0
14659,53,6,1641.55,2,1,0,0,0,5
14660,8,1,128.95,1,0,2,1,1,0
14662,142,3,512.28,1,0,2,1,1,4
14665,204,3,731.66,1,0,1,1,1,4
14667,2,18,6011.46,3,1,0,0,0,2
14669,149,3,1259.24,2,0,2,1,1,4
14670,188,2,392.86,0,0,1,1,1,6
14672,142,2,765.55,1,0,2,1,1,6
14673,275,1,373.49,0,0,1,1,1,3
14676,55,4,1690.92,2,1,0,0,0,7
14680,3,14,25422.56,3,1,0,0,0,2
14681,119,1,393.95,0,0,2,1,1,0
14682,95,2,52.0,1,0,2,1,1,6
14684,123,2,493.44,1,0,2,0,1,6
14687,14,1,628.38,2,0,2,0,0,0
14688,0,16,4186.45,3,1,0,0,0,2
14689,116,1,112.8,0,0,1,1,1,0
14690,59,1,212.56,0,0,2,1,1,0
14691,4,2,1274.68,2,1,2,0,0,6
14692,45,4,591.55,2,1,2,0,0,7
14693,172,1,172.9,0,0,1,1,1,3
14696,27,5,1458.54,3,1,0,0,0,5
14697,126,2,188.60999999999999,0,0,1,1,1,6
14699,122,1,109.13000000000001,0,0,1,1,1,0
14700,97,2,1541.1,2,1,2,0,1,6
14701,80,7,1941.43,3,1,0,0,0,1
14702,24,9,1651.25,3,1,0,0,0,5
14704,50,2,207.5,1,0,2,1,1,6
14705,106,1,179.0,0,0,2,1,1,0
14708,62,2,701.1800000000001,1,0,2,0,0,6
14709,1,9,3952.7400000000002,3,1,0,0,0,2
14711,17,8,2056.73,3,1,0,0,0,5
14712,20,1,115.72,1,0,2,1,1,0
14713,7,9,2029.61,3,1,0,0,0,2
14715,2,3,594.75,2,1,2,0,0,4
14716,56,1,181.72,0,0,2,1,1,0
14719,87,2,488.12,1,0,2,0,1,6
14720,34,1,155.8,1,0,2,1,1,0
14722,55,1,180.42000000000002,0,0,2,1,1,0
14723,266,3,455.65,1,0,1,1,1,4
14727,182,1,268.58,0,0,1,1,1,3
14729,281,1,313.49,0,0,1,1,1,3
14730,15,5,872.13,3,1,0,0,0,5
14731,113,2,251.01999999999998,1,0,2,1,1,6
14732,51,5,1618.3,2,1,0,0,0,5
14733,18,11,9044.2,3,1,0,0,0,2
14735,7,23,3595.71,3,1,0,0,0,2
14737,36,2,1081.75,2,1,2,0,0,6
14738,41,5,757.6500000000001,2,1,0,0,0,5
14739,2,4,2247.58,3,1,0,0,0,7
14740,105,3,1448.21,2,1,2,0,0,4
14741,21,4,864.96,2,1,2,0,0,7
14744,205,5,928.03,2,0,1,1,1,1
14745,20,5,1220.26,3,1,0,0,0,5
14747,157,1,328.2,0,0,1,1,1,3
14748,31,4,1118.77,2,1,0,0,0,7
14754,203,1,228.26999999999998,0,0,1,1,1,3
14755,20,7,2867.6800000000003,3,1,0,0,0,5
14758,52,4,1484.06,2,1,0,0,0,7
14759,20,2,870.85,2,1,2,0,0,6
14760,205,1,89.2,0,0,1,1,1,3
14761,242,1,97.5,0,0,1,1,1,3
14762,171,1,300.52,0,0,1,1,1,3
14765,20,2,95.5,1,0,2,1,1,6
14766,76,4,1531.32,2,1,0,0,0,7
14768,35,1,133.20000000000002,1,0,2,1,1,0
14769,16,6,6284.84,3,1,0,0,0,5
14770,140,2,876.42,1,0,2,1,1,6
14772,20,1,139.26,1,0,2,1,1,0
14775,45,2,701.46,2,1,2,0,0,6
14776,13,8,1862.22,3,1,0,0,0,5
14778,35,2,730.86,2,1,2,0,0,6
14779,188,3,386.15,1,0,1,1,1,4
14782,227,1,200.10000000000002,0,0,1,1,1,3
14784,231,1,114.68,0,0,1,1,1,3
14790,27,2,364.04,1,0,2,0,0,6
14794,111,4,679.54,1,1,2,0,0,7
14795,74,1,131.45000000000002,0,0,2,1,1,0
14796,2,14,6581.18,3,1,0,0,0,2
14798,52,2,97.4,1,0,2,1,1,6
14800,17,9,3832.49,3,1,0,0,0,5
14803,70,3,845.55,2,1,2,0,0,4
14805,221,1,109.25,0,0,1,1,1,3
14808,52,6,1833.82,3,1,0,0,0,5
14810,11,10,1866.78,3,1,0,0,0,2
14813,277,2,152.88,0,0,1,1,1,6
14816,105,1,271.85,0,0,2,1,1,0
14817,108,2,1010.34,1,0,2,0,1,6
14818,77,2,409.63,1,0,2,1,1,6
14819,100,1,84.72,0,0,1,1,1,0
14820,81,1,139.77,0,0,2,1,1,0
14821,274,1,48.800000000000004,0,0,1,1,1,3
14823,88,3,321.43,1,0,2,1,0,4
14825,35,7,1333.47,3,1,0,0,0,5
14828,104,3,2139.76,2,1,0,0,0,4
14829,92,3,531.63,2,0,2,0,0,4
14834,28,2,429.3,2,0,2,0,0,6
14837,13,3,1345.56,3,1,2,0,0,4
14840,175,1,62.85,0,0,1,1,1,3
14841,87,4,2375.57,2,1,0,0,0,7
14842,3,3,1901.52,3,1,0,0,0,4
14844,31,3,2257.6800000000003,3,1,0,0,0,4
14847,56,1,309.4,1,0,2,1,1,0
14849,3,17,5784.53,3,1,0,0,0,2
14850,219,1,325.75,0,0,1,1,1,3
14851,164,1,206.13,0,0,1,1,1,3
14852,4,5,2188.42,3,1,0,0,0,5
14853,119,1,214.5,0,0,1,1,1,0
14854,41,6,2281.83,3,1,0,0,0,5
14855,27,2,645.65,2,1,2,0,0,6
14857,56,1,522.52,1,0,2,1,0,0
14859,112,1,296.86,0,0,2,1,1,0
14862,56,1,304.09999999999997,1,0,2,1,1,0
14865,280,1,37.2,0,0,1,1,1,3
14866,13,3,1127.4,3,1,2,0,0,4
14867,93,3,710.28,2,1,2,0,0,4
14868,28,4,1297.07,2,1,0,0,0,7
14869,11,1,387.06,1,0,2,0,0,0
14870,169,1,327.25,0,0,1,1,1,3
14871,86,3,335.3,1,0,2,1,0,4
14873,118,1,519.68,1,0,2,1,1,0
14875,15,2,1465.3200000000002,2,1,2,0,0,6
14878,81,6,1083.02,2,1,0,0,0,1
14880,93,2,347.67,1,0,2,1,1,6
14883,71,2,358.48,1,0,2,1,0,6
14885,39,1,765.3199999999999,1,0,2,0,0,0
14886,160,1,364.8,0,0,1,1,1,3
14888,115,1,369.2,0,0,2,1,1,0
14889,244,1,135.9,0,0,1,1,1,3
14890,161,1,125.65,0,0,1,1,1,3
14891,56,2,554.38,1,0,2,0,0,6
14895,18,10,6081.71,3,1,0,0,0,5
14896,112,2,468.77000000000004,1,0,2,0,1,6
14897,204,1,175.5,0,0,1,1,1,3
14898,42,5,991.18,3,1,0,0,0,5
14901,9,5,822.12,3,1,0,0,0,5
14903,32,4,2398.62,3,1,0,0,0,7
14905,65,2,616.15,1,0,2,0,0,6
14907,7,5,2608.18,3,1,0,0,0,5
14911,1,111,79478.79,3,1,0,0,0,2
14912,154,1,482.78999999999996,1,0,1,1,1,0
14913,91,3,917.15,2,1,2,0,0,4
14915,185,1,142.28,0,0,1,1,1,3
14916,1,3,967.76,3,1,2,0,0,4
14918,23,2,1610.15,2,1,2,0,0,6
14920,120,2,977.77,1,0,2,0,1,6
14921,109,1,903.01,1,0,2,1,1,0
14924,153,1,310.05,0,0,1,1,1,0
14930,16,3,2362.96,3,1,0,0,0,4
14931,114,2,536.0,1,0,2,0,1,6
14932,273,1,313.53,0,0,1,1,1,3
14934,190,1,828.84,1,0,1,1,1,3
14935,205,1,1784.71,1,0,1,1,1,3
14936,16,3,5072.88,3,1,0,0,0,4
14937,38,1,759.56,1,0,2,0,0,0
14944,2,7,3164.19,3,1,0,0,0,2
14947,38,1,178.5,1,0,2,1,1,0
14948,6,4,639.23,2,1,2,0,0,7
14952,114,7,3534.61,2,1,0,0,0,1
14957,161,1,58.49,0,0,1,1,1,0
14958,55,3,483.72999999999996,2,1,2,0,0,4
14959,17,3,537.32,2,1,2,0,0,4
14960,79,1,88.3,0,0,2,1,1,0
14961,62,6,3906.98,3,1,0,0,0,5
14962,178,1,126.7,0,0,1,1,1,3
14963,91,1,294.2,1,0,2,1,1,0
14964,155,1,206.21,0,0,1,1,1,0
14965,4,2,596.09,2,1,2,0,0,6
14970,45,3,1119.75,2,1,2,0,0,4
14972,36,1,114.77,1,0,2,1,1,0
14973,15,3,1314.45,3,1,2,0,0,4
14976,9,4,559.96,2,1,2,0,0,7
14978,143,4,1527.23,2,1,0,0,0,7
14981,154,1,102.12,0,0,1,1,1,0
14984,88,1,102.23,0,0,2,1,1,0
14985,106,2,292.01,1,0,2,1,1,6
14987,273,1,163.2,0,0,1,1,1,3
14988,119,1,334.54,0,0,2,1,1,0
14995,188,1,119.31,0,0,1,1,1,3
14997,86,1,155.28,0,0,2,1,1,0
14998,78,2,414.87,1,0,2,1,1,6
15002,23,4,1641.76,2,1,0,0,0,7
15004,55,1,1220.77,1,0,2,0,1,0
15005,3,20,4507.55,3,1,0,0,0,2
15007,67,1,156.91,0,0,2,1,1,0
15012,281,1,188.56,0,0,1,1,1,3
15014,84,1,117.72999999999999,0,0,2,1,1,0
15016,80,1,170.04,0,0,2,1,1,0
15018,160,2,291.34000000000003,1,0,1,1,1,6
15019,174,1,252.81,0,0,1,1,1,3
15021,64,5,1080.23,2,1,0,0,0,1
15023,24,8,5027.97,3,1,0,0,0,5
15024,21,5,830.62,3,1,0,0,0,5
15026,148,2,230.78,1,0,1,1,1,6
15027,76,3,966.9699999999999,2,1,2,0,0,4
15028,276,1,185.97,0,0,1,1,1,3
15030,176,1,152.76,0,0,1,1,1,3
15031,18,2,261.79,2,0,2,0,0,6
15032,164,3,4959.1,2,1,0,1,1,4
15033,17,6,1608.95,3,1,0,0,0,5
15034,140,5,2640.38,2,1,0,0,0,1
15036,85,2,212.49,1,0,2,1,1,6
15038,95,4,497.7,2,1,2,0,0,7
15039,7,37,18062.28,3,1,0,0,0,2
15041,78,1,179.93,0,0,2,1,1,0
15042,107,1,135.93,0,0,1,1,1,0
15044,44,13,5152.68,3,1,0,0,0,5
15045,59,2,735.66,1,0,2,0,0,6
15046,4,11,3943.68,3,1,0,0,0,2
15047,177,1,343.62,0,0,1,1,1,3
15048,24,3,321.48,2,1,2,0,0,4
15049,181,1,121.17000000000002,0,0,1,1,1,3
15051,58,1,377.74,1,0,2,1,0,0
15052,227,1,207.73000000000002,0,0,1,1,1,3
15053,64,2,478.6,1,0,2,0,0,6
15057,183,2,1489.5,1,0,1,1,1,6
15058,32,7,1234.76,3,1,0,0,0,5
15059,15,7,1008.6,3,1,0,0,0,5
15061,35,37,36575.0,3,1,0,0,0,2
15062,125,3,814.04,2,0,2,1,1,4
15063,121,1,370.79999999999995,0,0,2,1,1,0
15065,72,3,2858.75,2,1,0,0,0,4
15067,190,1,848.05,1,0,1,1,1,3
15068,164,1,239.95999999999998,0,0,1,1,1,3
15069,87,1,1109.53,1,0,2,1,1,0
15070,280,1,106.2,0,0,1,1,1,3
15071,1,2,982.07,2,1,2,0,0,6
15073,93,2,861.96,2,0,2,0,1,6
15074,13,1,735.67,2,0,2,0,0,0
15076,80,1,880.85,1,0,2,1,1,0
15078,13,22,6702.59,3,1,0,0,0,2
15079,120,4,895.61,2,1,2,0,0,7
15081,116,2,248.05,1,0,2,1,1,6
15083,164,1,88.2,0,0,1,1,1,0
15087,189,1,306.94,0,0,1,1,1,3
15089,2,3,2036.28,3,1,0,0,0,4
15090,216,1,381.32,0,0,1,1,1,3
15092,123,2,457.81,1,0,2,0,1,6
15093,24,5,4027.1,3,1,0,0,0,5
15095,11,4,1370.6,3,1,0,0,0,7
15098,90,3,39916.5,2,1,0,0,1,4
15100,241,3,876.0,1,0,1,1,1,4
15101,267,1,102.28,0,0,1,1,1,3
15104,104,2,993.54,1,0,2,0,1,6
15105,42,1,532.98,1,0,2,0,0,0
15106,49,3,1032.83,2,1,2,0,0,4
15107,219,6,319.5,1,0,1,1,1,1
15108,49,3,1159.25,2,1,2,0,0,4
15109,153,1,484.95,1,0,1,1,1,0
15110,34,2,376.55,1,0,2,0,0,6
15111,280,1,288.5,0,0,1,1,1,3
15114,1,7,1678.97,3,1,0,0,0,5
15116,42,2,790.97,2,1,2,0,0,6
15117,28,2,675.73,2,1,2,0,0,6
15118,42,1,244.8,1,0,2,1,1,0
15119,153,1,266.4,0,0,1,1,1,0
15120,41,1,358.82,1,0,2,1,0,0
15121,196,1,295.15,0,0,1,1,1,3
15122,22,3,1633.78,2,1,0,0,0,4
15123,114,1,1069.47,1,0,2,1,1,0
15124,99,1,90.75,0,0,1,1,1,0
15125,21,12,10795.48,3,1,0,0,0,2
15128,34,3,1170.24,2,1,2,0,0,4
15129,14,10,2796.73,3,1,0,0,0,2
15130,77,1,330.11,1,0,2,1,1,0
15132,13,3,842.23,3,1,2,0,0,4
15133,35,3,982.42,2,1,2,0,0,4
15134,35,4,614.86,2,1,2,0,0,7
15135,147,1,139.05,0,0,1,1,1,0
15136,4,1,582.9,2,0,2,0,0,0
15139,147,2,178.96,0,0,1,1,1,6
15140,23,5,1728.11,3,1,0,0,0,5
15143,133,1,259.45,0,0,1,1,1,0
15144,0,10,3560.84,3,1,0,0,0,2
15145,135,2,724.03,1,0,2,1,1,6
15146,72,2,1327.16,2,1,2,0,0,6
15147,148,1,623.5,1,0,1,1,1,0
15149,41,1,520.8000000000001,1,0,2,0,0,0
15150,17,5,3569.62,3,1,0,0,0,5
15152,21,6,2383.21,3,1,0,0,0,5
15157,62,2,1505.37,2,1,2,0,0,6
15159,20,18,8969.97,3,1,0,0,0,2
15160,265,1,158.16,0,0,1,1,1,3
15163,100,1,155.0,0,0,2,1,1,0
15164,116,2,363.23,1,0,2,1,1,6
15165,281,1,487.75,0,0,1,1,1,3
15167,228,1,158.8,0,0,1,1,1,3
15171,239,1,1289.5,1,0,1,1,1,3
15172,43,3,886.74,2,1,2,0,0,4
15174,230,1,135.75,0,0,1,1,1,3
15178,168,1,40.5,0,0,1,1,1,0
15179,141,3,1455.12,2,1,2,1,1,4
15180,275,1,87.5,0,0,1,1,1,3
15181,83,2,434.99999999999994,1,0,2,0,1,6
15182,62,2,622.85,1,0,2,0,0,6
15184,98,1,235.23000000000002,0,0,2,1,1,0
15186,76,1,229.26,1,0,2,1,1,0
15187,4,5,1868.88,3,1,0,0,0,5
15189,1,32,12537.67,3,1,0,0,0,2
15192,27,3,1044.32,2,1,2,0,0,4
15194,34,11,4469.53,3,1,0,0,0,5
15197,160,2,773.25,1,0,1,1,1,6
15198,0,2,193.64,1,0,2,0,1,6
15199,2,3,967.75,3,1,2,0,0,4
15201,34,4,933.26,2,1,2,0,0,7
15203,13,4,1328.32,3,1,0,0,0,7
15204,265,1,316.58,0,0,1,1,1,3
15205,35,1,476.29999999999995,1,0,2,0,0,0
15206,7,3,236.7,2,1,2,0,0,4
15208,71,2,323.52,1,0,2,1,1,6
15210,133,1,331.18,0,0,1,1,1,0
15211,273,1,383.07,0,0,1,1,1,3
15212,149,1,101.8,0,0,1,1,1,0
15213,226,2,328.35,0,0,1,1,1,6
15214,91,2,651.63,1,0,2,0,1,6
15215,4,1,300.04,1,0,2,1,1,0
15218,24,8,3865.35,3,1,0,0,0,5
15219,84,1,305.75,1,0,2,1,1,0
15220,23,5,1284.05,3,1,0,0,0,5
15221,274,1,403.25,0,0,1,1,1,3
15222,226,1,585.0,0,0,1,1,1,3
15223,133,2,755.75,1,0,2,1,1,6
15224,266,2,322.08,0,0,1,1,1,6
15225,142,1,409.40000000000003,1,0,1,1,1,0
15226,218,1,154.41,0,0,1,1,1,3
15227,123,3,876.8199999999999,2,0,2,1,1,4
15228,37,3,2224.03,3,1,0,0,0,4
15230,147,2,429.6,1,0,1,1,1,6
15232,21,2,612.06,2,1,2,0,0,6
15234,184,1,197.0,0,0,1,1,1,3
15235,125,12,2247.51,2,1,0,0,0,1
15236,206,1,321.05,0,0,1,1,1,3
15237,111,2,1093.65,1,0,2,0,1,6
15238,3,2,772.78,2,1,2,0,0,6
15240,99,3,1045.38,2,1,2,0,0,4
15241,35,6,1344.86,3,1,0,0,0,5
15244,156,1,297.94,0,0,1,1,1,3
15245,42,3,2515.84,3,1,0,0,0,4
15246,146,2,514.15,1,0,1,1,1,6
15247,30,1,356.0,1,0,2,1,0,0
15249,15,10,5357.03,3,1,0,0,0,2
15251,14,7,7452.12,3,1,0,0,0,5
15252,91,1,300.55,1,0,2,1,1,0
15253,77,1,173.85,0,0,2,1,1,0
15254,35,1,300.36,1,0,2,1,0,0
15256,56,1,98.45,0,0,2,1,1,0
15257,191,1,317.15,0,0,1,1,1,3
15258,76,2,623.16,1,0,2,0,0,6
15260,8,7,1810.77,3,1,0,0,0,5
15261,43,1,254.82,1,0,2,1,1,0
15262,231,1,178.95000000000002,0,0,1,1,1,3
15263,14,1,156.51,1,0,2,1,1,0
15265,59,2,1506.1200000000001,2,1,2,0,0,6
15266,246,1,119.3,0,0,1,1,1,3
15267,63,2,1407.76,2,1,2,0,0,6
15270,25,5,1850.29,3,1,0,0,0,5
15271,2,10,1592.58,3,1,0,0,0,2
15279,262,1,290.51,0,0,1,1,1,3
15280,80,1,113.12,0,0,2,1,1,0
15281,44,8,2191.78,3,1,0,0,0,5
15288,63,4,2006.3600000000001,2,1,0,0,0,7
15289,45,2,697.98,2,1,2,0,0,6
15290,11,12,3392.5899999999997,3,1,0,0,0,2
15291,2,12,3685.02,3,1,0,0,0,2
15292,109,1,178.39,0,0,2,1,1,0
15296,17,5,2599.49,3,1,0,0,0,5
15298,0,7,3358.2200000000003,3,1,0,0,0,5
15299,72,5,3035.01,3,1,0,0,0,1
15301,21,9,3727.4,3,1,0,0,0,5
15303,198,1,574.02,0,0,1,1,1,3
15304,72,6,491.90000000000003,2,1,2,0,0,1
15306,0,2,657.07,2,1,2,0,0,6
15307,3,1,205.3,1,0,2,1,1,0
15308,182,1,310.47,0,0,1,1,1,3
15311,2,65,46020.75,3,1,0,0,0,2
15312,11,3,794.8,3,1,2,0,0,4
15313,18,1,52.0,1,0,2,1,1,0
15314,107,1,327.97,0,0,2,1,1,0
15315,24,1,233.54,1,0,2,1,1,0
15316,234,1,165.0,0,0,1,1,1,3
15319,191,1,204.5,0,0,1,1,1,3
15321,199,1,1159.47,1,0,1,1,1,3
15325,11,1,161.74,1,0,2,1,1,0
15326,241,1,311.71,0,0,1,1,1,3
15329,42,2,754.0,2,1,2,0,0,6
15332,274,4,1661.06,2,0,1,1,1,7
15333,116,1,1028.56,1,0,2,1,1,0
15334,64,3,350.82,1,0,2,0,0,4
15339,226,1,257.9,0,0,1,1,1,3
15342,37,1,406.09,1,0,2,1,0,0
15346,240,1,252.42000000000002,0,0,1,1,1,3
15347,274,1,201.60000000000002,0,0,1,1,1,3
15349,66,2,463.90999999999997,1,0,2,0,0,6
15350,281,1,115.65,0,0,1,1,1,3
15351,277,1,274.67,0,0,1,1,1,3
15353,162,2,770.12,1,0,1,1,1,6
15356,13,8,2231.17,3,1,0,0,0,5
15358,28,15,5639.81,3,1,0,0,0,5
15361,269,1,418.92,0,0,1,1,1,3
15363,280,1,326.0,0,0,1,1,1,3
15364,3,2,913.19,2,1,2,0,0,6
15365,4,2,961.28,2,1,2,0,0,6
15366,266,1,105.54,0,0,1,1,1,3
15367,153,2,1416.18,1,0,2,1,1,6
15370,49,4,1513.46,2,1,0,0,0,7
15372,45,1,2007.3999999999999,2,1,2,0,1,0
15373,23,9,1686.9,3,1,0,0,0,5
15374,36,1,168.0,1,0,2,1,1,0
15376,25,2,977.22,2,1,2,0,0,6
15379,77,7,3703.29,3,1,0,0,0,1
15380,49,2,582.5600000000001,2,0,2,0,0,6
15381,121,2,596.85,1,0,2,0,1,6
15382,92,4,2127.12,2,1,0,0,0,7
15384,77,2,642.41,1,0,2,0,0,6
15386,94,1,394.14,1,0,2,1,1,0
15388,178,1,140.54,0,0,1,1,1,3
15389,80,1,500.0,1,0,2,1,1,0
15392,268,1,338.98,0,0,1,1,1,3
15393,189,1,124.10000000000001,0,0,1,1,1,3
15394,112,2,1436.44,1,0,2,0,1,6
15395,233,1,107.45,0,0,1,1,1,3
15396,20,1,288.18,1,0,2,1,0,0
15397,197,1,94.0,0,0,1,1,1,3
15400,0,5,716.2,3,1,0,0,0,5
15402,56,2,626.77,1,0,2,0,0,6
15405,97,1,349.1,1,0,2,1,1,0
15406,209,1,252.29,0,0,1,1,1,3
15407,91,3,740.73,2,1,2,0,0,4
15408,172,1,267.18,0,0,1,1,1,3
15410,7,7,3089.4100000000003,3,1,0,0,0,2
15411,32,2,382.21,1,0,2,0,0,6
15412,79,1,190.53,0,0,2,1,1,0
15414,150,1,36.2,0,0,1,1,1,0
15415,221,1,559.61,0,0,1,1,1,3
15416,63,3,3144.33,2,1,0,0,0,4
15421,123,3,739.36,1,0,2,1,1,4
15422,231,2,97.7,0,0,1,1,1,6
15424,162,2,383.34,1,0,1,1,1,6
15426,165,2,634.13,1,0,1,1,1,6
15433,121,2,533.3,1,0,2,0,1,6
15434,15,3,587.28,2,1,2,0,0,4
15436,142,1,484.1,1,0,1,1,1,0
15437,170,1,200.16,0,0,1,1,1,3
15438,39,1,156.57999999999998,1,0,2,1,1,0
15440,44,2,237.66,1,0,2,1,0,6
15442,156,1,594.0,1,0,1,1,1,0
15443,17,2,684.8,2,1,2,0,0,6
15445,172,1,113.5,0,0,1,1,1,3
15447,238,1,155.17,0,0,1,1,1,3
15448,220,1,494.64,0,0,1,1,1,3
15449,93,2,647.7,1,0,2,0,1,6
15452,172,1,237.0,0,0,1,1,1,3
15453,0,4,701.2,2,1,2,0,0,7
15454,270,1,179.1,0,0,1,1,1,3
15456,191,3,434.59000000000003,1,0,1,1,1,4
15457,170,1,237.07,0,0,1,1,1,3
15460,262,1,214.26,0,0,1,1,1,3
15462,2,3,234.6,2,1,2,0,0,4
15464,246,1,1044.65,1,0,1,1,1,3
15465,46,15,5992.129999999999,3,1,0,0,0,5
15467,53,2,402.56,1,0,2,0,0,6
15469,28,1,304.3,1,0,2,1,0,0
15472,21,1,371.56,1,0,2,1,0,0
15480,24,1,905.5,2,0,2,0,0,0
15482,73,4,1928.3,2,1,0,0,0,7
15483,69,4,225.26,1,0,2,1,0,7
15485,244,2,1268.13,1,0,1,1,1,6
15488,0,1,91.32000000000001,1,0,2,1,1,0
15489,119,1,348.26,0,0,2,1,1,0
15491,3,6,3100.09,3,1,0,0,0,5
15493,57,3,1286.95,2,1,2,0,0,4
15494,29,1,1119.88,2,0,2,0,0,0
15497,227,1,970.6,1,0,1,1,1,3
15498,28,19,9126.37,3,1,0,0,0,2
15502,31,5,5955.53,3,1,0,0,0,5
15503,270,1,141.04,0,0,1,1,1,3
15505,21,3,2091.14,3,1,0,0,0,4
15506,46,1,208.77,1,0,2,1,1,0
15507,79,1,475.86,1,0,2,1,1,0
15508,97,6,1000.27,2,1,0,0,0,1
15510,238,1,250.0,0,0,1,1,1,3
15512,63,2,121.0,1,0,2,1,1,6
15513,2,17,11352.14,3,1,0,0,0,2
15514,133,6,2501.94,2,1,0,0,0,1
15517,141,1,267.03,0,0,1,1,1,0
15518,32,7,1603.86,3,1,0,0,0,5
15521,2,7,2326.7799999999997,3,1,0,0,0,5
15525,281,1,274.93,0,0,1,1,1,3
15527,52,5,1330.79,2,1,0,0,0,5
15528,162,1,229.33,0,0,1,1,1,3
15529,50,8,2387.23,3,1,0,0,0,5
15530,57,3,1163.69,2,1,2,0,0,4
15532,39,3,1214.49,2,1,2,0,0,4
15535,81,4,502.9,2,1,2,0,0,7
15537,71,1,110.92,0,0,2,1,1,0
15541,22,1,85.13000000000001,1,0,2,1,1,0
15543,196,1,127.86,0,0,1,1,1,3
15544,27,7,2772.37,3,1,0,0,0,5
15545,279,1,135.32999999999998,0,0,1,1,1,3
15547,18,8,2745.16,3,1,0,0,0,5
15549,65,2,1619.88,2,1,2,0,0,6
15550,14,3,433.28,2,1,2,0,0,4
15552,125,1,90.12,0,0,1,1,1,0
15554,185,1,217.2,0,0,1,1,1,3
15555,11,10,2809.63,3,1,0,0,0,2
15561,57,3,449.66999999999996,2,1,2,0,0,4
15562,259,1,134.55,0,0,1,1,1,3
15563,108,2,735.62,1,0,2,0,1,6
15569,11,5,1375.71,3,1,0,0,0,5
15570,49,9,2809.98,3,1,0,0,0,5
15572,17,4,1552.79,3,1,0,0,0,7
15574,85,4,675.64,2,1,2,0,0,7
15577,59,3,258.88,1,0,2,1,0,4
15578,70,1,127.1,0,0,2,1,1,0
15579,221,1,195.35,0,0,1,1,1,3
15581,28,13,3675.77,3,1,0,0,0,5
15582,8,2,541.51,2,1,2,0,0,6
15584,70,1,150.4,0,0,2,1,1,0
15585,84,1,455.3,1,0,2,1,1,0
15587,50,2,456.84,2,0,2,0,0,6
15589,163,3,478.53000000000003,1,0,1,1,1,4
15594,1,2,788.22,2,1,2,0,0,6
15596,8,5,1406.59,3,1,0,0,0,5
15599,112,1,448.83,1,0,2,1,1,0
15601,30,11,5585.46,3,1,0,0,0,5
15602,108,5,542.95,2,1,2,0,0,1
15605,160,3,690.1800000000001,1,0,1,1,1,4
15606,27,8,2439.38,3,1,0,0,0,5
15607,244,1,104.76,0,0,1,1,1,3
15608,28,1,285.68,1,0,2,1,0,0
15609,92,1,298.48,1,0,2,1,1,0
15611,11,7,932.1400000000001,3,1,0,0,0,5
15615,13,19,7367.85,3,1,0,0,0,2
15618,0,3,419.041,2,1,2,0,0,4
15620,128,2,875.01,1,0,2,0,1,6
15622,105,5,2602.0,2,1,0,0,0,1
15623,49,1,301.03,1,0,2,1,0,0
15624,24,4,588.13,2,1,2,0,0,7
15625,11,4,1534.26,3,1,0,0,0,7
15626,237,1,281.88,0,0,1,1,1,3
15628,6,5,1625.4,3,1,0,0,0,5
15630,112,1,396.86,0,0,2,1,1,0
15632,29,6,2351.84,3,1,0,0,0,5
15636,190,1,306.7,0,0,1,1,1,3
15639,42,1,425.32,1,0,2,0,0,0
15640,29,11,8836.74,3,1,0,0,0,5
15641,13,4,1887.2,3,1,0,0,0,7
15643,99,3,664.0,1,0,2,0,0,4
15644,74,4,803.54,2,1,2,0,0,7
15646,65,3,447.64000000000004,2,0,2,0,0,4
15648,112,2,639.5,1,0,2,0,1,6
15649,244,2,816.0,1,0,1,1,1,6
15651,168,1,227.32,0,0,1,1,1,3
15653,0,2,877.4399999999999,2,1,2,0,0,6
15655,151,1,560.67,1,0,1,1,1,0
15656,86,3,563.63,2,0,2,0,0,4
15658,98,5,1024.1000000000001,2,1,0,0,0,1
15660,43,6,884.34,3,1,0,0,0,5
15661,225,2,309.8,0,0,1,1,1,6
15663,14,1,138.14,1,0,2,1,1,0
15665,76,2,2222.21,2,1,2,0,1,6
15668,125,1,76.32000000000001,0,0,1,1,1,0
15669,11,3,565.54,2,1,2,0,0,4
15670,204,1,173.05,0,0,1,1,1,3
15671,2,5,1972.89,3,1,0,0,0,5
15673,64,3,2014.7,2,1,0,0,0,4
15674,121,4,1379.66,2,1,0,0,0,7
15675,63,2,225.39,1,0,2,1,1,6
15676,191,1,897.8,1,0,1,1,1,3
15679,62,2,260.26,1,0,2,1,0,6
15680,274,1,478.89,0,0,1,1,1,3
15681,91,3,703.22,2,1,2,0,0,4
15683,25,1,193.75,1,0,2,1,1,0
15687,94,5,1679.45,3,1,0,0,0,1
15689,27,2,254.1,1,0,2,0,0,6
15690,8,1,111.0,1,0,2,1,1,0
15691,160,1,136.8,0,0,1,1,1,3
15694,84,8,3290.78,3,1,0,0,0,1
15695,174,2,409.98,1,0,1,1,1,6
15696,128,6,1629.95,2,1,0,0,0,1
15700,80,2,696.68,1,0,2,0,1,6
15701,18,1,853.9,2,0,2,0,0,0
15703,172,1,211.5,0,0,1,1,1,3
15704,48,4,2293.62,3,1,0,0,0,7
15705,109,1,143.1,0,0,1,1,1,0
15706,24,1,450.05,1,0,2,0,0,0
15708,46,6,2589.34,3,1,0,0,0,5
15709,191,1,133.25,0,0,1,1,1,3
15712,17,3,766.3100000000001,3,1,2,0,0,4
15713,51,2,356.7,1,0,2,0,0,6
15716,53,4,1101.1100000000001,2,1,0,0,0,7
15717,142,1,150.3,0,0,1,1,1,0
15719,7,11,4061.9700000000003,3,1,0,0,0,2
15722,16,3,1413.45,3,1,2,0,0,4
15723,272,1,190.7,0,0,1,1,1,3
15724,109,2,218.25,1,0,2,1,1,6
15727,15,6,4589.39,3,1,0,0,0,5
15729,120,1,85.0,0,0,1,1,1,0
15730,0,2,777.22,2,1,2,0,0,6
15732,120,2,294.12,1,0,2,1,1,6
15733,190,1,162.3,0,0,1,1,1,3
15734,22,2,1339.45,2,1,2,0,0,6
15737,55,5,880.9300000000001,2,1,0,0,0,1
15738,4,13,3853.4500000000003,3,1,0,0,0,2
15743,21,2,434.05,2,0,2,0,0,6
15745,144,1,302.85,0,0,1,1,1,0
15746,42,1,196.88,1,0,2,1,1,0
15747,28,2,525.37,2,0,2,0,0,6
15749,143,3,44534.3,2,1,0,0,1,4
15750,78,4,1108.18,2,1,2,0,0,7
15752,1,6,2093.37,3,1,0,0,0,5
15753,212,1,79.2,0,0,1,1,1,3
15754,154,1,91.8,0,0,1,1,1,0
15755,16,3,1144.83,3,1,2,0,0,4
15756,60,3,359.89,1,0,2,0,0,4
15757,125,1,261.36,0,0,1,1,1,0
15759,126,3,253.04,1,0,2,1,1,4
15764,15,5,3276.62,3,1,0,0,0,5
15768,23,3,621.8299999999999,2,1,2,0,0,4
15769,9,19,41863.72,3,1,0,0,0,2
15775,153,1,104.9,0,0,1,1,1,0
15776,41,1,241.62,1,0,2,1,1,0
15777,149,4,1047.11,2,1,2,0,0,7
15780,91,3,475.28000000000003,2,0,2,0,0,4
15781,45,2,211.3,1,0,2,1,0,6
15785,65,4,1665.83,2,1,0,0,0,7
15786,22,1,3147.64,2,1,2,0,1,0
15789,266,1,351.3,0,0,1,1,1,3
15791,112,1,1223.24,1,0,2,1,1,0
15793,176,1,306.64,0,0,1,1,1,3
15795,57,1,610.01,1,0,2,0,0,0
15796,17,5,1572.77,3,1,0,0,0,5
15797,21,4,2207.4,3,1,0,0,0,7
15799,93,2,481.24,1,0,2,0,1,6
15800,15,2,696.89,2,1,2,0,0,6
15801,17,1,137.22,1,0,2,1,1,0
15802,50,1,451.42,1,0,2,0,0,0
15804,2,5,2554.84,3,1,0,0,0,5
15805,14,11,3548.5,3,1,0,0,0,2
15806,65,2,521.88,1,0,2,0,0,6
15808,214,4,3651.27,2,1,0,1,1,7
15809,92,4,399.21,1,0,2,0,0,7
15810,78,3,1361.19,2,1,2,0,0,4
15811,13,5,1773.8,3,1,0,0,0,5
15812,15,5,1801.14,3,1,0,0,0,5
15813,115,2,1303.9099999999999,1,0,2,0,1,6
15815,48,4,1874.7,3,1,0,0,0,7
15819,39,3,1585.47,2,1,2,0,0,4
15820,227,1,206.98,0,0,1,1,1,3
15822,267,1,440.2,0,0,1,1,1,3
15823,280,1,15.0,0,0,1,1,1,3
15825,80,1,532.94,1,0,2,1,1,0
15826,118,1,720.0,1,0,2,1,1,0
15827,22,13,1598.16,3,1,0,0,0,5
15829,7,2,636.14,2,1,2,0,0,6
15831,32,2,451.11,2,0,2,0,0,6
15832,162,1,836.79,1,0,1,1,1,0
15834,73,3,1783.22,2,1,2,0,0,4
15835,45,3,675.51,2,1,2,0,0,4
15838,16,12,14153.5,3,1,0,0,0,2
15839,56,1,299.18,1,0,2,1,1,0
15840,80,1,241.74,1,0,2,1,1,0
15841,126,2,613.26,1,0,2,0,1,6
15843,211,1,118.95000000000002,0,0,1,1,1,3
15845,52,5,2526.76,3,1,0,0,0,5
15847,196,1,180.68,0,0,1,1,1,3
15850,76,1,116.16,0,0,2,1,1,0
15852,94,2,160.71,1,0,2,1,1,6
15854,48,9,2393.69,3,1,0,0,0,5
15855,44,5,712.24,2,1,0,0,0,5
15856,3,17,11247.93,3,1,0,0,0,2
15858,197,2,816.22,1,0,1,1,1,6
15860,6,6,767.14,3,1,0,0,0,5
15861,42,3,1123.76,2,1,2,0,0,4
15862,20,3,659.73,2,1,2,0,0,4
15863,100,1,9.2,0,0,1,1,1,0
15864,6,3,957.8600000000001,3,1,2,0,0,4
15865,121,1,313.93,0,0,2,1,1,0
15866,9,1,211.89,1,0,2,1,1,0
15867,21,12,2947.41,3,1,0,0,0,5
15869,185,2,149.64,0,0,1,1,1,6
15874,85,6,2207.75,3,1,0,0,0,1
15880,277,1,329.03000000000003,0,0,1,1,1,3
15881,220,5,501.39000000000004,1,0,1,1,1,1
15882,106,4,516.36,1,1,2,0,0,7
15885,1,2,364.35,2,0,2,0,0,6
15889,64,2,420.07,1,0,2,0,0,6
15891,134,1,511.68,1,0,1,1,1,0
15894,161,2,258.25,1,0,1,1,1,6
15895,57,1,179.17,0,0,2,1,1,0
15897,102,2,208.59,0,0,2,1,1,6
15898,134,4,997.94,2,1,2,0,0,7
15899,276,1,56.25,0,0,1,1,1,3
15901,62,1,110.49,0,0,2,1,1,0
15903,135,2,641.6400000000001,1,0,2,1,1,6
15906,52,4,797.71,2,1,2,0,0,7
15907,84,2,477.59000000000003,1,0,2,0,1,6
15909,81,1,191.94,0,0,2,1,1,0
15910,7,5,663.36,3,1,0,0,0,2
15912,86,2,264.62,1,0,2,1,1,6
15916,99,5,846.95,2,1,0,0,0,1
15917,155,1,123.1,0,0,1,1,1,0
15918,98,2,334.23,1,0,2,1,1,6
15919,276,1,214.07999999999998,0,0,1,1,1,3
15920,62,4,167.5,1,0,2,1,0,7
15921,80,1,323.03000000000003,1,0,2,1,1,0
15922,281,1,369.5,0,0,1,1,1,3
15923,280,1,127.08,0,0,1,1,1,3
15925,102,1,207.15,0,0,2,1,1,0
15932,15,6,1885.95,3,1,0,0,0,5
15935,147,2,416.86,1,0,1,1,1,6
15938,20,5,404.58,2,1,2,0,0,5
15939,15,14,5860.25,3,1,0,0,0,2
15940,219,1,35.8,0,0,1,1,1,3
15942,41,1,337.44,1,0,2,1,0,0
15944,184,1,325.1,0,0,1,1,1,3
15945,273,1,181.0,0,0,1,1,1,3
15950,14,2,1091.38,2,1,2,0,0,6
15951,193,1,375.16999999999996,0,0,1,1,1,3
15952,67,2,309.2,1,0,2,1,0,6
15953,119,4,824.04,2,1,2,0,0,7
15955,14,8,2463.65,3,1,0,0,0,5
15965,275,1,156.19,0,0,1,1,1,3
15967,226,1,161.9,0,0,1,1,1,3
15969,93,1,308.7,1,0,2,1,1,0
15970,211,1,314.1,0,0,1,1,1,3
15971,16,7,2104.5,3,1,0,0,0,5
15973,274,1,307.82000000000005,0,0,1,1,1,3
15974,3,6,2895.0099999999998,3,1,0,0,0,5
15976,73,2,427.64,1,0,2,1,0,6
15980,162,1,760.18,1,0,1,1,1,0
15981,45,6,2458.2,3,1,0,0,0,5
15983,268,3,1138.37,1,0,1,1,1,4
15984,8,7,1807.51,3,1,0,0,0,5
15985,31,2,1142.42,2,1,2,0,0,6
15987,28,6,1193.63,3,1,0,0,0,5
15990,195,1,401.37,0,0,1,1,1,3
15996,24,5,879.76,3,1,0,0,0,5
15998,79,3,2105.26,2,1,0,0,0,4
16003,42,3,1793.9,3,1,0,0,0,4
16005,90,2,275.41,1,0,2,1,1,6
16006,119,1,101.4,0,0,1,1,1,0
16007,88,2,727.67,1,0,2,0,1,6
16008,112,1,139.15,0,0,1,1,1,0
16009,67,1,441.59000000000003,1,0,2,1,1,0
16010,153,3,392.4,1,0,1,1,1,4
16011,0,12,2185.66,3,1,0,0,0,2
16012,36,2,1132.12,2,1,2,0,0,6
16013,6,35,23409.34,3,1,0,0,0,2
16014,60,2,514.38,1,0,2,0,0,6
16016,104,4,791.07,2,1,2,0,0,7
16018,88,1,161.9,0,0,2,1,1,0
16019,44,7,2952.25,3,1,0,0,0,5
16022,168,1,602.63,1,0,1,1,1,3
16023,100,2,500.69,1,0,2,0,1,6
16027,45,5,776.22,3,1,0,0,0,5
16029,1,51,45987.39,3,1,0,0,0,2
16030,217,1,331.24,0,0,1,1,1,3
16031,0,2,547.9,2,1,2,0,0,6
16033,16,16,5864.55,3,1,0,0,0,2
16034,104,3,437.7,1,0,2,1,0,4
16036,171,1,188.73,0,0,1,1,1,3
16037,177,3,855.02,1,0,1,1,1,4
16038,85,2,393.33,1,0,2,1,1,6
16040,56,2,876.1800000000001,2,1,2,0,0,6
16041,49,2,2739.8,2,1,2,0,0,6
16042,15,2,440.48,2,0,2,0,0,6
16043,119,3,676.49,1,0,2,0,1,4
16045,27,4,1340.7,2,1,0,0,0,7
16048,281,2,256.44,0,0,1,1,1,6
16050,81,1,137.9,0,0,2,1,1,0
16053,30,1,1124.19,2,0,2,0,0,0
16054,53,1,783.9,1,0,2,0,0,0
16055,128,1,134.8,0,0,1,1,1,0
16057,4,6,1544.23,3,1,0,0,0,5
16059,71,4,944.6,2,1,2,0,0,7
16062,41,3,778.14,2,1,2,0,0,4
16063,168,1,335.32,0,0,1,1,1,3
16065,273,1,367.14,0,0,1,1,1,3
16066,32,1,316.38,1,0,2,1,0,0
16072,196,1,584.3199999999999,0,0,1,1,1,3
16073,205,1,122.39999999999999,0,0,1,1,1,3
16076,0,5,1357.98,3,1,0,0,0,5
16078,191,1,79.2,0,0,1,1,1,3
16080,182,1,130.26,0,0,1,1,1,3
16081,93,3,992.37,2,1,2,0,0,4
16083,8,2,1317.62,2,1,2,0,0,6
16084,207,1,436.18,0,0,1,1,1,3
16085,144,2,325.04,1,0,1,1,1,6
16086,6,4,899.7,3,1,0,0,0,7
16091,62,2,315.06,1,0,2,1,0,6
16092,22,3,817.86,2,1,2,0,0,4
16093,14,1,17.0,1,0,2,1,1,0
16094,127,1,252.1,0,0,1,1,1,0
16096,172,1,320.62,0,0,1,1,1,3
16097,148,1,185.04999999999998,0,0,1,1,1,0
16098,36,6,1712.49,3,1,0,0,0,5
16099,45,2,592.1,2,0,2,0,0,6
16102,6,2,1392.8400000000001,2,1,2,0,0,6
16103,65,4,1156.4,2,1,0,0,0,7
16105,156,1,336.96,0,0,1,1,1,3
16107,11,3,1494.1200000000001,3,1,0,0,0,4
16109,126,2,611.88,1,0,2,0,1,6
16110,170,2,678.18,1,0,1,1,1,6
16112,51,4,195.73999999999998,1,0,2,1,0,7
16113,91,1,161.38,0,0,2,1,1,0
16114,78,1,135.75000000000003,0,0,2,1,1,0
16115,25,5,924.59,3,1,0,0,0,5
16116,119,1,612.78,1,0,2,1,1,0
16117,97,1,232.21,1,0,2,1,1,0
16121,123,1,285.94,0,0,1,1,1,0
16122,20,3,550.26,2,1,2,0,0,4
16124,225,1,249.0,0,0,1,1,1,3
16125,275,1,289.35,0,0,1,1,1,3
16126,9,3,3706.7000000000003,3,1,0,0,0,4
16128,51,2,694.7,1,0,2,0,0,6
16131,23,4,2278.5,3,1,0,0,0,7
16133,9,23,10619.27,3,1,0,0,0,2
16134,267,1,283.53000000000003,0,0,1,1,1,3
16135,170,1,517.55,0,0,1,1,1,3
16136,185,1,159.3,0,0,1,1,1,3
16139,20,2,306.37,1,0,2,0,0,6
16140,279,1,124.14,0,0,1,1,1,3
16142,157,1,535.34,1,0,1,1,1,0
16143,16,5,1949.3600000000001,3,1,0,0,0,5
16144,154,1,175.2,0,0,1,1,1,0
16145,7,8,2600.31,3,1,0,0,0,2
16146,65,3,734.13,2,1,2,0,0,4
16147,41,1,375.0,1,0,2,1,0,0
16148,204,1,76.32000000000001,0,0,1,1,1,3
16149,50,1,163.68,1,0,2,1,1,0
16150,36,3,1408.7,2,1,2,0,0,4
16152,176,1,1829.04,1,0,1,1,1,0
16153,23,4,1023.54,2,1,0,0,0,7
16156,59,5,1415.17,2,1,0,0,0,1
16159,189,1,348.2,0,0,1,1,1,3
16161,48,12,3036.66,3,1,0,0,0,5
16162,160,1,37.4,0,0,1,1,1,0
16163,140,2,856.6,1,0,2,1,1,6
16168,2,18,2632.12,3,1,0,0,0,2
16170,20,5,1560.6599999999999,3,1,0,0,0,5
16172,3,5,1140.21,3,1,0,0,0,5
16173,6,1,429.38,2,0,2,0,0,0
16174,34,3,1009.5500000000001,2,1,2,0,0,4
16175,2,4,1037.59,3,1,0,0,0,7
16178,46,1,197.9,1,0,2,1,1,0
16180,8,8,10254.18,3,1,0,0,0,2
16182,38,3,4844.0,3,1,0,0,0,4
16184,13,5,985.8000000000001,3,1,0,0,0,5
16185,140,1,335.0,0,0,1,1,1,0
16186,11,9,2696.53,3,1,0,0,0,2
16187,7,12,5395.7,3,1,0,0,0,2
16188,49,3,755.03,2,1,2,0,0,4
16191,170,8,2615.68,2,1,0,0,0,1
16193,144,1,314.45,0,0,1,1,1,0
16200,72,1,550.57,1,0,2,1,1,0
16201,17,1,303.8,1,0,2,1,0,0
16202,268,1,365.27,0,0,1,1,1,3
16203,55,3,378.3,1,0,2,0,0,4
16205,87,1,112.35,0,0,2,1,1,0
16206,32,3,409.86,2,1,2,0,0,4
16208,197,1,497.59,0,0,1,1,1,3
16209,27,4,2116.9,3,1,0,0,0,7
16210,6,11,11248.960000000001,3,1,0,0,0,2
16212,191,1,498.15000000000003,0,0,1,1,1,3
16214,78,3,1062.75,2,1,2,0,0,4
16216,175,1,914.9300000000001,1,0,1,1,1,3
16217,143,2,304.25,1,0,1,1,1,6
16218,22,6,2635.48,3,1,0,0,0,5
16221,183,2,315.37,0,0,1,1,1,6
16222,226,1,773.5500000000001,1,0,1,1,1,3
16224,49,3,865.88,2,1,2,0,0,4
16225,57,4,953.64,2,1,2,0,0,7
16226,111,3,255.12,1,0,2,1,1,4
16227,133,1,314.22,0,0,1,1,1,0
16229,120,1,358.2,0,0,2,1,1,0
16230,97,2,542.03,1,0,2,0,1,6
16232,51,3,725.04,2,1,2,0,0,4
16233,237,2,326.5,0,0,1,1,1,6
16235,94,3,665.29,2,0,2,0,0,4
16239,97,1,347.9,1,0,2,1,1,0
16241,4,10,1778.43,3,1,0,0,0,2
16242,73,3,846.59,2,1,2,0,0,4
16244,119,2,1522.75,1,0,2,0,1,6
16245,29,2,769.7,2,1,2,0,0,6
16247,78,1,114.56,0,0,2,1,1,0
16249,20,4,1440.77,2,1,0,0,0,7
16250,169,2,389.44,1,0,1,1,1,6
16253,163,1,1700.4,1,0,1,1,1,0
16255,3,7,2182.79,3,1,0,0,0,5
16256,174,1,752.4300000000001,0,0,1,1,1,3
16257,84,1,21.95,0,0,1,1,1,0
16258,35,4,3741.06,3,1,0,0,0,7
16261,21,2,409.99,2,0,2,0,0,6
16265,18,7,3962.02,3,1,0,0,0,5
16266,23,6,761.12,2,1,0,0,0,5
16270,261,1,1141.24,1,0,1,1,1,3
16271,34,3,868.4300000000001,2,1,2,0,0,4
16272,24,1,411.7,1,0,2,0,0,0
16274,281,1,351.75,0,0,1,1,1,3
16275,104,1,559.87,1,0,2,1,1,0
16276,84,1,810.6000000000001,1,0,2,1,1,0
16278,8,1,566.38,2,0,2,0,0,0
16279,84,1,359.08000000000004,1,0,2,1,1,0
16282,247,1,168.3,0,0,1,1,1,3
16283,28,3,586.35,2,1,2,0,0,4
16287,77,1,142.5,0,0,2,1,1,0
16292,29,1,302.25,1,0,2,1,0,0
16293,115,4,1129.74,2,1,2,0,0,7
16297,176,1,301.9,0,0,1,1,1,3
16298,94,1,114.3,0,0,2,1,1,0
16302,34,1,233.22,1,0,2,1,1,0
16303,23,2,4036.33,2,1,0,0,1,6
16305,46,1,361.21999999999997,1,0,2,1,0,0
16306,121,6,632.27,2,1,0,0,0,1
16308,15,3,1600.0,3,1,0,0,0,4
16309,14,2,706.57,2,1,2,0,0,6
16315,238,1,226.37,0,0,1,1,1,3
16316,65,7,2212.81,3,1,0,0,0,1
16317,27,3,1341.65,2,1,2,0,0,4
16319,125,1,404.40000000000003,1,0,2,1,1,0
16320,80,2,1038.46,2,1,2,0,1,6
16321,213,3,223.65,1,0,1,1,1,4
16323,104,1,207.50000000000003,0,0,2,1,1,0
16324,36,3,408.59000000000003,2,1,2,0,0,4
16325,63,2,416.02000000000004,1,0,2,0,0,6
16326,4,8,1524.67,3,1,0,0,0,2
16327,107,4,2469.64,2,1,0,0,0,7
16330,20,2,48.96,1,0,2,1,1,6
16332,38,3,651.77,2,1,2,0,0,4
16333,6,18,15619.6,3,1,0,0,0,2
16338,65,1,214.79999999999998,1,0,2,1,1,0
16339,192,1,94.05,0,0,1,1,1,3
16340,15,1,534.31,2,0,2,0,0,0
16341,109,1,797.65,1,0,2,1,1,0
16342,15,3,283.71,2,1,2,0,0,4
16344,66,1,101.10000000000001,0,0,2,1,1,0
16348,36,4,738.29,2,1,2,0,0,7
16349,198,1,53.5,0,0,1,1,1,3
16350,241,1,376.7,0,0,1,1,1,3
16351,240,1,153.9,0,0,1,1,1,3
16353,11,13,3325.9100000000003,3,1,0,0,0,2
16356,105,3,211.77,1,0,2,1,1,4
16357,70,2,257.95,1,0,2,1,1,6
16358,92,1,462.15000000000003,1,0,2,1,1,0
16359,2,7,1411.23,3,1,0,0,0,5
16364,45,1,346.3,1,0,2,1,0,0
16365,31,7,862.56,3,1,0,0,0,5
16367,270,1,167.09,0,0,1,1,1,3
16369,104,1,354.45,0,0,2,1,1,0
16370,25,3,944.49,2,1,2,0,0,4
16374,170,1,154.2,0,0,1,1,1,3
16377,175,1,676.2,0,0,1,1,1,3
16378,155,3,362.95,1,0,1,1,1,4
16383,176,1,309.46,0,0,1,1,1,3
16384,171,1,409.1,0,0,1,1,1,3
16385,66,2,273.82,1,0,2,1,1,6
16386,161,1,61.10000000000001,0,0,1,1,1,0
16387,230,1,94.36,0,0,1,1,1,3
16389,113,2,670.17,1,0,2,0,1,6
16392,177,1,217.89,0,0,1,1,1,3
16393,2,9,1761.97,3,1,0,0,0,2
16394,79,3,933.1,2,1,2,0,0,4
16395,76,3,964.3,2,1,2,0,0,4
16398,62,2,1705.8,2,1,2,0,0,6
16399,143,1,178.41,0,0,1,1,1,0
16400,2,1,303.93,1,0,2,1,1,0
16401,39,7,2455.42,3,1,0,0,0,5
16402,172,2,293.45,0,0,1,1,1,6
16403,220,1,177.5,0,0,1,1,1,3
16405,210,2,167.25,0,0,1,1,1,6
16407,18,8,1482.37,3,1,0,0,0,5
16409,58,3,1033.3700000000001,2,1,2,0,0,4
16411,277,1,128.55,0,0,1,1,1,3
16414,188,1,50.8,0,0,1,1,1,3
16418,0,2,368.36,2,0,2,0,0,6
16419,20,6,958.71,3,1,0,0,0,5
16422,7,39,29117.7,3,1,0,0,0,2
16424,99,1,133.56,0,0,2,1,1,0
16425,210,1,302.7,0,0,1,1,1,3
16426,0,4,689.83,2,1,2,0,0,7
16427,171,2,241.06,0,0,1,1,1,6
16429,14,1,284.55,1,0,2,1,1,0
16431,121,3,623.28,1,0,2,0,1,4
16434,4,4,898.84,3,1,0,0,0,7
16440,122,1,272.46,0,0,1,1,1,0
16441,199,1,211.0,0,0,1,1,1,3
16442,135,2,432.43,1,0,2,1,1,6
16444,3,3,541.4,2,1,2,0,0,4
16446,113,1,2.9,0,0,1,1,1,0
16447,43,1,255.91,1,0,2,1,1,0
16448,106,1,182.99,0,0,2,1,1,0
16449,105,2,707.69,1,0,2,0,1,6
16450,57,1,311.92,1,0,2,1,1,0
16455,2,6,1323.3799999999999,3,1,0,0,0,5
16456,7,5,2158.18,3,1,0,0,0,5
16457,126,1,208.36,0,0,1,1,1,0
16458,14,11,2151.5,3,1,0,0,0,2
16461,85,1,142.92,0,0,2,1,1,0
16462,93,2,68.0,1,0,2,1,1,6
16463,112,1,319.37,0,0,2,1,1,0
16464,50,1,380.33,1,0,2,1,0,0
16466,11,5,999.63,3,1,0,0,0,5
16469,154,2,268.3,1,0,1,1,1,6
16470,23,3,539.13,2,1,2,0,0,4
16471,182,1,223.95000000000002,0,0,1,1,1,3
16473,72,3,316.11,1,0,2,0,0,4
16474,53,1,341.35,1,0,2,1,0,0
16475,51,3,459.3,2,1,2,0,0,4
16477,39,6,1999.26,3,1,0,0,0,5
16483,100,1,139.35,0,0,2,1,1,0
16484,81,2,404.3,1,0,2,1,1,6
16488,22,2,354.57,1,0,2,0,0,6
16493,81,3,782.29,2,1,2,0,0,4
16494,204,1,826.53,1,0,1,1,1,3
16495,184,2,246.51,0,0,1,1,1,6
16496,115,2,1185.04,1,0,2,0,1,6
16497,111,5,1550.7,2,1,0,0,0,1
16498,69,2,100.97,1,0,2,1,1,6
16499,268,2,365.45,0,0,1,1,1,6
16500,238,1,165.0,0,0,1,1,1,3
16503,14,4,1431.93,3,1,0,0,0,7
16509,204,1,363.7,0,0,1,1,1,3
16510,280,1,248.1,0,0,1,1,1,3
16511,52,2,565.7,1,0,2,0,0,6
16515,58,3,984.62,2,1,2,0,0,4
16517,185,1,162.7,0,0,1,1,1,3
16518,192,1,190.7,0,0,1,1,1,3
16519,273,1,103.7,0,0,1,1,1,3
16520,94,3,1046.57,2,1,2,0,0,4
16523,3,13,5245.95,3,1,0,0,0,2
16525,7,21,10372.35,3,1,0,0,0,2
16526,79,1,290.36,1,0,2,1,1,0
16529,98,1,455.25,1,0,2,1,1,0
16531,35,4,684.53,2,1,2,0,0,7
16532,43,2,4516.8,2,1,0,0,1,6
16536,18,1,548.12,2,0,2,0,0,0
16539,127,3,1053.61,2,1,2,1,1,4
16545,72,1,339.3,1,0,2,1,1,0
16546,198,2,787.15,1,0,1,1,1,6
16549,32,2,780.36,2,1,2,0,0,6
16550,16,5,2298.97,3,1,0,0,0,5
16551,3,3,922.12,3,1,2,0,0,4
16552,150,2,379.73,1,0,1,1,1,6
16553,71,12,5719.82,3,1,0,0,0,5
16554,130,2,314.11,1,0,2,1,1,6
16555,17,1,151.98,1,0,2,1,1,0
16556,13,6,2556.37,3,1,0,0,0,5
16557,45,1,101.15,1,0,2,1,1,0
16558,0,14,4685.17,3,1,0,0,0,2
16560,266,1,332.18,0,0,1,1,1,3
16565,272,1,173.7,0,0,1,1,1,3
16566,78,3,463.88,2,0,2,0,0,4
16567,102,2,865.6,1,0,2,0,1,6
16570,35,6,2134.07,3,1,0,0,0,5
16571,84,2,896.79,2,0,2,0,1,6
16572,35,3,1009.6,2,1,2,0,0,4
16573,198,1,292.63,0,0,1,1,1,3
16581,90,1,105.84,0,0,2,1,1,0
16582,21,1,313.62,1,0,2,1,0,0
16583,281,1,233.45,0,0,1,1,1,3
16584,162,1,611.94,1,0,1,1,1,0
16586,156,1,463.95,1,0,1,1,1,0
16587,140,1,225.15,0,0,1,1,1,0
16589,14,2,214.68,2,0,2,0,1,6
16592,44,10,2214.33,3,1,0,0,0,5
16593,97,2,255.5,1,0,2,1,1,6
16596,274,1,120.65,0,0,1,1,1,3
16598,193,1,145.04999999999998,0,0,1,1,1,3
16600,161,2,237.46,1,0,1,1,1,6
16607,36,10,2267.58,3,1,0,0,0,5
16609,43,5,2710.04,3,1,0,0,0,5
16610,127,1,75.66,0,0,1,1,1,0
16611,94,1,129.49,0,0,2,1,1,0
16612,27,3,870.3000000000001,2,1,2,0,0,4
16614,90,1,506.19,1,0,2,1,1,0
16616,65,1,210.10000000000002,0,0,2,1,1,0
16617,143,1,151.85,0,0,1,1,1,0
16618,118,4,1441.29,2,1,0,0,0,7
16619,171,1,226.21,0,0,1,1,1,3
16620,168,1,95.75999999999999,0,0,1,1,1,3
16621,55,3,609.41,2,1,2,0,0,4
16623,153,1,129.45,0,0,1,1,1,0
16624,105,1,426.43,1,0,2,1,1,0
16625,182,1,333.08,0,0,1,1,1,3
16626,21,7,2165.34,3,1,0,0,0,5
16628,14,4,1619.8400000000001,3,1,0,0,0,7
16629,4,1,227.68,1,0,2,1,1,0
16633,22,3,1168.26,2,1,2,0,0,4
16634,130,2,217.9,1,0,1,1,1,6
16637,31,2,530.55,2,0,2,0,0,6
16638,7,9,1550.94,3,1,0,0,0,2
16639,114,2,471.15000000000003,1,0,2,0,1,6
16641,13,1,231.10000000000002,1,0,2,1,1,0
16642,115,1,307.73,0,0,2,1,1,0
16643,153,1,487.51,1,0,1,1,1,0
16644,85,2,833.78,2,0,2,0,1,6
16647,77,2,214.06,1,0,2,1,1,6
16652,17,5,4525.87,3,1,0,0,0,5
16654,49,4,601.27,2,1,2,0,0,7
16655,39,3,1867.19,3,1,0,0,0,4
16656,3,11,7116.68,3,1,0,0,0,2
16657,56,2,414.79,1,0,2,0,0,6
16658,276,1,123.24,0,0,1,1,1,3
16659,97,1,39.12,0,0,1,1,1,0
16660,118,2,384.36,1,0,2,1,1,6
16665,270,1,135.39999999999998,0,0,1,1,1,3
16667,192,1,200.4,0,0,1,1,1,3
16668,24,5,266.52,2,1,2,0,0,5
16670,14,8,3239.9700000000003,3,1,0,0,0,5
16671,72,1,1382.88,1,0,2,0,1,0
16672,7,17,6911.84,3,1,0,0,0,2
16674,6,1,115.1,1,0,2,1,1,0
16676,121,3,1098.5,2,1,2,1,1,4
16678,6,8,2137.3,3,1,0,0,0,2
16679,274,1,129.75,0,0,1,1,1,3
16681,52,4,1332.68,2,1,0,0,0,7
16682,0,3,810.22,3,1,2,0,0,4
16684,41,18,33883.5,3,1,0,0,0,5
16686,6,6,2399.94,3,1,0,0,0,5
16690,109,1,86.5,0,0,1,1,1,0
16692,164,2,1126.0,1,0,1,1,1,6
16693,179,1,153.41,0,0,1,1,1,3
16696,43,4,657.9000000000001,2,1,2,0,0,7
16697,149,1,112.75,0,0,1,1,1,0
16698,134,2,1998.0,2,0,2,1,1,6
16700,29,10,4095.95,3,1,0,0,0,5
16701,37,10,4050.42,3,1,0,0,0,5
16705,6,10,9780.35,3,1,0,0,0,2
16706,6,2,411.55,2,1,2,0,0,6
16709,107,4,1984.5900000000001,2,1,0,0,0,7
16710,46,7,1835.08,3,1,0,0,0,5
16711,48,3,909.87,2,1,2,0,0,4
16712,3,8,2489.81,3,1,0,0,0,2
16713,23,11,3970.77,3,1,0,0,0,5
16714,126,3,1129.06,2,1,2,1,1,4
16716,174,2,901.2,1,0,1,1,1,6
16717,3,4,1559.66,3,1,0,0,0,7
16718,277,1,606.0500000000001,0,0,1,1,1,3
16719,56,5,1283.88,2,1,0,0,0,1
16721,170,1,292.47,0,0,1,1,1,3
16722,7,10,3656.58,3,1,0,0,0,2
16723,15,1,411.4,2,0,2,0,0,0
16725,210,7,758.27,1,1,1,1,0,1
16726,104,4,777.16,2,1,2,0,0,7
16727,272,1,256.32,0,0,1,1,1,3
16728,74,3,548.31,2,1,2,0,0,4
16729,7,17,5343.27,3,1,0,0,0,2
16730,142,2,480.94,1,0,2,1,1,6
16734,22,2,302.40999999999997,1,0,2,0,0,6
16735,6,4,1941.15,3,1,0,0,0,7
16738,205,1,3.75,0,0,1,1,1,0
16739,84,1,323.0,1,0,2,1,1,0
16743,21,6,1860.9,3,1,0,0,0,5
16744,4,3,399.11,2,1,2,0,0,4
16745,6,16,6359.1,3,1,0,0,0,2
16746,8,12,4403.53,3,1,0,0,0,2
16748,125,3,910.2,2,0,2,1,1,4
16750,29,3,416.12,2,1,2,0,0,4
16752,280,1,207.5,0,0,1,1,1,3
16754,280,1,2002.4,1,0,1,1,1,3
16755,22,3,1475.43,2,1,2,0,0,4
16756,122,1,239.4,0,0,1,1,1,0
16757,226,1,106.83000000000001,0,0,1,1,1,3
16761,4,1,316.62,1,0,2,1,1,0
16762,52,1,314.15000000000003,1,0,2,1,0,0
16763,106,1,611.85,1,0,2,1,1,0
16764,7,4,782.5500000000001,3,1,2,0,0,7
16765,202,1,34.0,0,0,1,1,1,3
16766,181,2,1145.6,1,0,1,1,1,6
16767,1,7,4820.46,3,1,0,0,0,2
16768,11,2,286.49,2,0,2,0,0,6
16769,168,1,361.54,0,0,1,1,1,3
16770,144,4,649.38,1,0,2,1,0,7
16771,183,3,1651.75,2,0,1,1,1,4
16774,24,3,542.2,2,1,2,0,0,4
16775,30,8,1174.55,3,1,0,0,0,5
16777,165,1,173.52,0,0,1,1,1,3
16778,182,1,93.18,0,0,1,1,1,3
16779,14,15,6376.7300000000005,3,1,0,0,0,2
16780,8,2,422.24,2,1,2,0,0,6
16781,280,1,311.25,0,0,1,1,1,3
16782,46,9,1630.4,3,1,0,0,0,5
16788,31,2,594.39,2,1,2,0,0,6
16791,30,5,791.87,3,1,0,0,0,5
16792,190,2,110.38000000000001,0,0,1,1,1,6
16794,16,4,605.03,2,1,2,0,0,7
16795,273,1,414.88,0,0,1,1,1,3
16801,71,4,1594.23,2,1,0,0,0,7
16804,178,1,118.05,0,0,1,1,1,3
16805,81,2,460.59,1,0,2,0,1,6
16806,11,4,762.16,2,1,2,0,0,7
16807,50,3,1121.59,2,1,2,0,0,4
16808,7,2,288.42,2,0,2,0,0,6
16809,44,3,470.69,2,1,2,0,0,4
16810,100,1,309.54,0,0,2,1,1,0
16812,268,1,479.35,0,0,1,1,1,3
16813,4,7,1146.84,3,1,0,0,0,2
16814,16,16,5131.69,3,1,0,0,0,2
16816,11,4,417.06,2,1,2,0,0,7
16817,93,7,1179.43,2,1,0,0,0,1
16818,1,9,2528.47,3,1,0,0,0,2
16820,3,1,497.61,2,0,2,0,0,0
16823,135,1,358.38,0,0,1,1,1,0
16824,72,1,222.9,1,0,2,1,1,0
16825,93,1,318.7,1,0,2,1,1,0
16828,20,1,113.5,1,0,2,1,1,0
16829,64,1,197.22,0,0,2,1,1,0
16832,92,3,199.15,1,0,2,1,0,4
16833,167,3,671.29,1,0,1,1,1,4
16834,135,1,413.46,1,0,1,1,1,0
16835,36,2,180.85,1,0,2,1,1,6
16836,24,1,91.32000000000001,1,0,2,1,1,0
16837,65,9,1911.74,3,1,0,0,0,5
16838,105,2,588.85,1,0,2,0,1,6
16839,17,22,10869.28,3,1,0,0,0,2
16841,45,5,1561.06,3,1,0,0,0,5
16842,8,3,1264.19,3,1,2,0,0,4
16843,1,13,8809.24,3,1,0,0,0,2
16849,94,1,124.57,0,0,2,1,1,0
16850,241,1,332.41,0,0,1,1,1,3
16852,84,1,113.06,0,0,2,1,1,0
16858,276,1,375.69000000000005,0,0,1,1,1,3
16859,52,2,747.81,1,1,2,0,0,6
16861,66,1,70.80000000000001,0,0,2,1,1,0
16863,274,1,164.25,0,0,1,1,1,3
16866,48,3,207.73999999999998,1,0,2,1,0,4
16869,73,2,387.68,1,0,2,1,0,6
16871,118,4,2037.82,2,1,0,0,0,7
16872,13,2,464.68000000000006,2,1,2,0,0,6
16873,35,4,3871.4700000000003,3,1,0,0,0,7
16875,52,4,1138.2,2,1,0,0,0,7
16877,60,2,188.98,1,0,2,1,1,6
16880,7,6,1093.12,3,1,0,0,0,5
16882,147,2,215.70000000000002,1,0,1,1,1,6
16883,95,2,272.48,1,0,2,1,1,6
16885,265,1,177.95,0,0,1,1,1,3
16889,102,3,1578.67,2,1,2,0,0,4
16891,3,3,515.79,2,1,2,0,0,4
16892,91,1,102.97999999999999,0,0,2,1,1,0
16893,274,1,145.93,0,0,1,1,1,3
16897,207,2,289.78,0,0,1,1,1,6
16898,85,2,313.77,1,0,2,1,1,6
16899,57,3,510.18,2,1,2,0,0,4
16902,24,1,1706.88,2,1,2,0,1,0
16904,2,14,2948.55,3,1,0,0,0,2
16905,144,3,822.18,2,0,2,1,1,4
16906,94,3,392.99,1,0,2,1,0,4
16907,56,4,658.99,2,1,2,0,0,7
16912,42,7,1538.58,3,1,0,0,0,5
16913,198,1,113.44,0,0,1,1,1,3
16915,35,4,382.39000000000004,2,1,2,0,0,7
16916,280,1,196.43,0,0,1,1,1,3
16917,184,1,391.52,0,0,1,1,1,3
16918,3,3,822.7,3,1,2,0,0,4
16919,64,11,2592.25,3,1,0,0,0,5
16923,7,14,4763.9400000000005,3,1,0,0,0,2
16926,279,1,230.25,0,0,1,1,1,3
16927,23,3,543.05,2,1,2,0,0,4
16928,2,15,2370.65,3,1,0,0,0,2
16929,35,2,428.88,2,0,2,0,0,6
16931,11,14,2897.33,3,1,0,0,0,2
16933,147,1,224.73,0,0,1,1,1,0
16938,87,3,2386.05,2,1,0,0,0,4
16940,77,2,1868.36,2,1,2,0,1,6
16942,44,7,1439.44,3,1,0,0,0,5
16943,119,3,816.73,2,0,2,1,1,4
16945,6,13,3007.06,3,1,0,0,0,2
16947,143,1,406.48,1,0,1,1,1,0
16948,46,3,435.02,2,1,2,0,0,4
16949,93,4,893.75,2,1,2,0,0,7
16950,32,2,778.41,2,1,2,0,0,6
16951,42,3,1277.75,2,1,2,0,0,4
16952,17,2,167.61,1,0,2,1,1,6
16954,32,4,1245.3799999999999,2,1,0,0,0,7
16955,92,4,518.67,2,1,2,0,0,7
16957,147,2,416.64,1,0,1,1,1,6
16960,160,1,201.53,0,0,1,1,1,3
16961,24,1,234.17,1,0,2,1,1,0
16963,95,1,110.55000000000001,0,0,2,1,1,0
16965,134,1,201.19,0,0,1,1,1,0
16966,78,4,1486.56,2,1,0,0,0,7
16967,97,1,319.02,1,0,2,1,1,0
16968,15,1,253.31,1,0,2,1,1,0
16969,42,2,478.96000000000004,2,0,2,0,0,6
16976,175,1,251.51999999999998,0,0,1,1,1,3
16979,55,2,555.65,1,0,2,0,0,6
16980,163,2,1028.46,1,0,1,1,1,6
16983,4,5,1185.35,3,1,0,0,0,5
16984,38,1,3213.19,2,1,2,0,1,0
16985,65,7,3578.54,3,1,0,0,0,1
16987,78,3,629.45,2,1,2,0,0,4
16989,6,2,890.7,2,1,2,0,0,6
16990,126,1,179.0,0,0,1,1,1,0
16992,6,3,972.35,3,1,2,0,0,4
16996,29,5,1041.78,3,1,0,0,0,5
16997,196,3,702.0,1,0,1,1,1,4
16998,57,4,295.0,1,1,2,1,0,7
17001,21,7,2471.09,3,1,0,0,0,5
17002,123,2,993.52,1,0,2,0,1,6
17004,0,1,905.6,2,1,2,0,0,0
17007,63,5,575.44,2,1,2,0,0,1
17015,93,1,520.55,1,0,2,1,1,0
17017,70,14,5431.28,3,1,0,0,0,5
17018,233,1,405.0,0,0,1,1,1,3
17019,169,3,995.93,2,0,1,1,1,4
17024,7,2,56.25,1,0,2,1,1,6
17025,281,2,160.97,0,0,1,1,1,6
17026,93,2,154.82999999999998,1,0,2,1,1,6
17027,87,4,645.23,2,1,2,0,0,7
17029,18,2,716.0,2,1,2,0,0,6
17031,62,1,225.95,1,0,2,1,1,0
17033,122,2,608.1,1,0,2,0,1,6
17034,195,1,141.79999999999998,0,0,1,1,1,3
17035,153,2,433.53000000000003,1,0,1,1,1,6
17040,45,1,449.73,1,0,2,0,0,0
17041,16,2,750.89,2,1,2,0,0,6
17042,29,4,915.02,2,1,2,0,0,7
17043,86,2,324.96999999999997,1,0,2,1,1,6
17045,21,3,339.44,2,1,2,0,0,4
17046,65,1,642.02,1,0,2,0,1,0
17047,113,2,749.4300000000001,1,0,2,0,1,6
17048,25,3,925.35,2,1,2,0,0,4
17049,25,5,2606.65,3,1,0,0,0,5
17050,4,6,3185.64,3,1,0,0,0,5
17051,102,1,240.89000000000001,0,0,2,1,1,0
17053,38,1,498.48,1,0,2,0,0,0
17054,45,4,1207.32,2,1,0,0,0,7
17058,107,2,819.66,1,0,2,0,1,6
17059,18,4,2237.1,3,1,0,0,0,7
17060,174,1,234.24,0,0,1,1,1,3
17061,18,10,4658.83,3,1,0,0,0,5
17062,221,4,533.33,1,0,1,1,1,7
17063,71,4,671.87,2,1,2,0,0,7
17064,90,2,457.40000000000003,1,0,2,0,1,6
17068,2,16,3539.29,3,1,0,0,0,2
17069,63,5,1495.79,2,1,0,0,0,1
17070,22,1,304.24,1,0,2,1,0,0
17071,42,6,1402.42,3,1,0,0,0,5
17073,17,1,453.79,2,0,2,0,0,0
17075,161,3,696.07,1,0,1,1,1,4
17076,181,2,334.2,0,0,1,1,1,6
17080,177,1,76.32000000000001,0,0,1,1,1,3
17082,226,1,636.94,0,0,1,1,1,3
17083,17,3,1405.78,3,1,2,0,0,4
17085,31,5,1562.4,3,1,0,0,0,5
17088,90,2,1399.1100000000001,2,1,2,0,1,6
17090,6,4,811.77,3,1,2,0,0,7
17091,6,7,2692.0,3,1,0,0,0,2
17092,34,2,629.32,2,1,2,0,0,6
17094,230,1,302.0,0,0,1,1,1,3
17095,207,2,543.96,1,0,1,1,1,6
17096,51,2,443.94,1,0,2,0,0,6
17097,8,6,639.53,3,1,0,0,0,2
17101,86,1,230.57999999999998,1,0,2,1,1,0
17102,169,1,25.5,0,0,1,1,1,0
17105,67,2,665.78,1,0,2,0,0,6
17107,63,3,6332.61,2,1,0,0,0,4
17109,140,2,464.59000000000003,1,0,2,1,1,6
17110,73,1,163.29999999999998,0,0,2,1,1,0
17114,46,6,601.9399999999999,2,1,0,0,0,5
17115,90,2,612.82,1,0,2,0,1,6
17117,196,1,116.19999999999999,0,0,1,1,1,3
17118,225,1,157.02,0,0,1,1,1,3
17120,141,1,307.46,0,0,1,1,1,0
17122,27,1,138.32,1,0,2,1,1,0
17123,69,1,345.29999999999995,1,0,2,1,1,0
17124,93,1,294.24,1,0,2,1,1,0
17126,60,5,989.45,2,1,0,0,0,1
17128,242,1,157.09,0,0,1,1,1,3
17133,98,3,2478.79,2,1,0,0,0,4
17134,14,2,413.2,2,0,2,0,0,6
17135,197,2,500.55,1,0,1,1,1,6
17138,183,1,380.5,0,0,1,1,1,3
17139,30,7,6851.82,3,1,0,0,0,5
17140,155,1,454.12,1,0,1,1,1,0
17142,147,1,579.0,1,0,1,1,1,0
17146,13,3,749.78,2,1,2,0,0,4
17147,114,2,973.11,1,0,2,0,1,6
17152,102,3,1689.5,2,1,2,0,0,4
17155,85,1,143.3,0,0,2,1,1,0
17157,84,1,161.46,0,0,2,1,1,0
17158,140,2,698.55,1,0,2,1,1,6
17159,79,1,528.45,1,0,2,1,1,0
17160,17,5,3001.18,3,1,0,0,0,5
17162,39,9,1463.66,3,1,0,0,0,5
17164,59,3,1270.42,2,1,2,0,0,4
17165,192,1,158.68,0,0,1,1,1,3
17166,111,1,127.59,0,0,1,1,1,0
17169,91,1,308.68,1,0,2,1,1,0
17171,197,1,224.91,0,0,1,1,1,3
17173,24,2,961.26,2,1,2,0,0,6
17174,125,1,59.9,0,0,1,1,1,0
17175,49,3,1132.6299999999999,2,1,2,0,0,4
17176,109,1,306.13,0,0,2,1,1,0
17179,86,3,711.79,2,1,2,0,0,4
17180,149,3,552.8,1,0,2,1,1,4
17181,281,1,155.52,0,0,1,1,1,3
17183,13,1,329.67,1,0,2,1,0,0
17187,134,1,203.95,0,0,1,1,1,0
17188,72,5,1815.09,3,1,0,0,0,1
17189,14,2,383.75,2,0,2,0,0,6
17190,115,1,195.0,0,0,1,1,1,0
17191,2,6,1561.51,3,1,0,0,0,5
17193,84,2,448.56000000000006,1,0,2,0,1,6
17194,181,2,262.62,0,0,1,1,1,6
17198,273,2,521.66,1,0,1,1,1,6
17204,83,4,1564.56,2,1,0,0,0,7
17211,88,6,1464.89,2,1,0,0,0,1
17212,161,1,226.85,0,0,1,1,1,3
17213,49,5,1780.01,3,1,0,0,0,5
17214,157,4,611.97,1,0,2,1,1,7
17217,142,1,113.5,0,0,1,1,1,0
17218,122,5,943.58,2,1,0,0,0,1
17220,7,10,2288.08,3,1,0,0,0,2
17223,218,2,416.89,1,0,1,1,1,6
17226,216,1,393.49,0,0,1,1,1,3
17227,80,3,473.75,2,0,2,0,0,4
17228,115,4,687.58,1,1,2,0,0,7
17229,4,2,318.76,2,0,2,0,0,6
17230,172,8,3638.41,2,1,0,0,0,1
17231,34,7,1905.82,3,1,0,0,0,5
17234,90,1,149.89000000000001,0,0,2,1,1,0
17235,280,1,341.9,0,0,1,1,1,3
17236,87,5,697.73,2,1,2,0,0,1
17238,44,11,1943.57,3,1,0,0,0,5
17239,220,1,382.5,0,0,1,1,1,3
17242,16,2,1135.04,2,1,2,0,0,6
17243,0,16,4332.36,3,1,0,0,0,2
17245,112,1,171.45,0,0,1,1,1,0
17248,28,1,318.65,1,0,2,1,0,0
17250,169,1,162.65,0,0,1,1,1,3
17251,270,1,269.83,0,0,1,1,1,3
17252,24,2,348.91,1,0,2,0,0,6
17255,207,1,108.26,0,0,1,1,1,3
17256,15,2,240.0,2,0,2,0,0,6
17259,56,2,581.23,1,0,2,0,0,6
17262,135,4,955.3600000000001,2,1,2,0,0,7
17263,116,1,63.440000000000005,0,0,1,1,1,0
17265,46,2,550.01,2,0,2,0,0,6
17266,55,1,113.06,0,0,2,1,1,0
17267,35,2,317.2,1,0,2,0,0,6
17268,15,4,763.64,2,1,2,0,0,7
17272,107,2,1409.44,1,0,2,0,1,6
17277,135,2,1065.3500000000001,1,0,2,1,1,6
17278,149,1,246.04,0,0,1,1,1,0
17282,38,3,1685.46,3,1,0,0,0,4
17284,28,5,1489.04,3,1,0,0,0,5
17287,51,5,702.41,2,1,0,0,0,1
17288,115,5,663.7,2,1,2,0,0,1
17289,88,1,164.45,0,0,2,1,1,0
17291,216,1,550.8000000000001,0,0,1,1,1,3
17293,27,5,867.03,3,1,0,0,0,5
17298,9,2,498.42,2,1,2,0,0,6
17299,8,2,268.19,2,0,2,0,0,6
17302,30,3,661.61,2,1,2,0,0,4
17303,269,1,250.04,0,0,1,1,1,3
17306,7,15,6700.06,3,1,0,0,0,2
17309,3,1,82.75,1,0,2,1,1,0
17311,224,1,556.46,0,0,1,1,1,3
17312,46,3,644.3,2,1,2,0,0,4
17314,56,5,1506.92,2,1,0,0,0,1
17315,8,28,4338.09,3,1,0,0,0,2
17320,8,3,1200.6200000000001,3,1,2,0,0,4
17323,32,4,530.95,2,1,2,0,0,7
17324,239,2,702.23,1,0,1,1,1,6
17325,188,1,96.8,0,0,1,1,1,3
17329,223,1,243.36,0,0,1,1,1,3
17331,31,1,175.2,1,0,2,1,1,0
17334,210,2,307.02,0,0,1,1,1,6
17337,59,4,1981.06,2,1,0,0,0,7
17338,22,7,5163.92,3,1,0,0,0,5
17339,2,2,243.36,2,0,2,0,1,6
17340,28,7,7593.65,3,1,0,0,0,5
17341,64,3,682.29,2,1,2,0,0,4
17343,263,1,193.64,0,0,1,1,1,3
17345,1,3,281.18,2,1,2,0,0,4
17346,11,8,1228.78,3,1,0,0,0,2
17348,205,1,160.15,0,0,1,1,1,3
17349,87,1,98.25,0,0,2,1,1,0
17351,77,2,427.3,1,0,2,1,1,6
17353,37,2,1740.0,2,1,2,0,0,6
17356,219,1,178.22,0,0,1,1,1,3
17358,211,2,360.81,0,0,1,1,1,6
17360,92,1,320.9,1,0,2,1,1,0
17361,94,2,263.92,1,0,2,1,1,6
17362,147,2,312.23,1,0,1,1,1,6
17364,45,6,2617.41,3,1,0,0,0,5
17365,77,5,2336.81,3,1,0,0,0,1
17367,146,1,167.55,0,0,1,1,1,0
17368,1,6,1605.07,3,1,0,0,0,5
17370,0,2,228.06,2,0,2,0,1,6
17371,269,1,92.14,0,0,1,1,1,3
17372,74,6,1055.63,2,1,0,0,0,1
17373,42,2,287.3,1,0,2,0,0,6
17374,126,2,495.77,1,0,2,0,1,6
17375,107,3,400.1,1,0,2,1,0,4
17376,219,1,105.85,0,0,1,1,1,3
17377,34,9,2040.34,3,1,0,0,0,5
17381,7,24,18261.65,3,1,0,0,0,2
17384,127,1,227.65,0,0,1,1,1,0
17386,7,5,1697.3400000000001,3,1,0,0,0,5
17388,39,3,953.0300000000001,2,1,2,0,0,4
17389,3,25,9504.08,3,1,0,0,0,2
17391,71,2,508.8,1,0,2,0,0,6
17392,214,2,417.27,1,0,1,1,1,6
17394,127,1,203.86999999999998,0,0,1,1,1,0
17396,56,6,4801.8,3,1,0,0,0,5
17398,22,3,653.38,2,1,2,0,0,4
17400,34,5,2097.84,3,1,0,0,0,5
17402,9,8,1732.45,3,1,0,0,0,2
17404,35,9,20924.3,3,1,0,0,0,5
17405,58,1,393.31,1,0,2,1,0,0
17406,241,3,2184.42,2,0,1,1,1,4
17408,71,1,32.65,0,0,2,1,1,0
17409,92,2,771.85,2,0,2,0,1,6
17410,4,2,419.55,2,1,2,0,0,6
17411,169,1,285.58,0,0,1,1,1,3
17412,104,4,709.82,1,1,2,0,0,7
17414,92,1,598.0,1,0,2,1,1,0
17416,17,5,5294.49,3,1,0,0,0,5
17418,231,1,167.39000000000001,0,0,1,1,1,3
17419,51,8,2660.0,3,1,0,0,0,5
17420,79,2,391.51,1,0,2,1,1,6
17422,1,5,1698.97,3,1,0,0,0,5
17423,125,1,449.42,1,0,2,1,1,0
17426,83,3,3279.23,2,1,0,0,0,4
17428,18,20,10661.09,3,1,0,0,0,2
17429,36,3,524.9200000000001,2,1,2,0,0,4
17430,273,1,112.6,0,0,1,1,1,3
17431,221,1,403.3,0,0,1,1,1,3
17436,134,1,122.39999999999999,0,0,1,1,1,0
17438,161,1,388.45000000000005,0,0,1,1,1,3
17440,64,3,186.42000000000002,1,0,2,1,0,4
17442,1,5,1921.69,3,1,0,0,0,5
17443,127,1,534.24,1,0,2,1,1,0
17444,59,2,2389.1,2,1,2,0,1,6
17446,84,2,120.9,1,0,2,1,1,6
17449,2,4,1497.55,3,1,0,0,0,7
17450,3,23,86301.54,3,1,0,0,0,2
17451,13,1,346.01,1,0,2,1,0,0
17454,100,4,517.53,1,1,2,0,0,7
17455,111,1,131.7,0,0,1,1,1,0
17456,273,1,249.86,0,0,1,1,1,3
17457,34,5,1737.7,3,1,0,0,0,5
17460,2,6,622.4300000000001,3,1,0,0,0,2
17462,192,1,463.40999999999997,0,0,1,1,1,3
17463,84,3,1227.59,2,1,2,0,0,4
17464,66,1,289.96000000000004,1,0,2,1,1,0
17469,16,3,1050.27,3,1,2,0,0,4
17470,35,4,816.47,2,1,2,0,0,7
17472,99,3,697.54,1,0,2,0,0,4
17481,1,1,260.63,1,0,2,1,1,0
17483,42,2,274.74,1,0,2,0,0,6
17486,169,1,396.87,0,0,1,1,1,3
17489,120,1,208.56,0,0,1,1,1,0
17490,84,1,305.2,1,0,2,1,1,0
17491,3,6,2118.11,3,1,0,0,0,5
17492,156,1,374.57,0,0,1,1,1,0
17496,266,1,271.05,0,0,1,1,1,3
17499,197,1,622.88,0,0,1,1,1,3
17501,128,2,288.6,1,0,2,1,1,6
17504,114,9,2997.0299999999997,2,1,0,0,0,1
17505,69,2,1145.84,2,1,2,0,0,6
17507,169,2,605.58,1,0,1,1,1,6
17508,188,1,387.31,0,0,1,1,1,3
17511,1,21,59375.75,3,1,0,0,0,2
17512,29,8,1891.9,3,1,0,0,0,5
17514,36,1,208.65,1,0,2,1,1,0
17515,114,3,571.37,1,0,2,0,0,4
17516,27,4,605.65,2,1,2,0,0,7
17517,216,1,153.94,0,0,1,1,1,3
17519,41,5,1488.0,3,1,0,0,0,5
17521,107,1,159.56,0,0,2,1,1,0
17522,46,4,912.25,2,1,2,0,0,7
17524,269,1,145.0,0,0,1,1,1,3
17525,267,1,422.70000000000005,0,0,1,1,1,3
17526,198,3,872.8,1,0,1,1,1,4
17527,17,2,606.62,2,1,2,0,0,6
17530,114,6,1365.26,2,1,0,0,0,1
17531,98,1,296.7,0,0,2,1,1,0
17535,188,1,164.4,0,0,1,1,1,3
17536,85,1,76.5,0,0,2,1,1,0
17537,211,1,620.75,0,0,1,1,1,3
17540,224,1,268.8,0,0,1,1,1,3
17542,177,1,170.75,0,0,1,1,1,3
17548,141,1,103.3,0,0,1,1,1,0
17550,105,3,267.16,1,0,2,1,0,4
17551,267,1,290.34,0,0,1,1,1,3
17552,280,2,298.52,0,0,1,1,1,6
17553,37,1,1487.6,2,1,2,0,0,0
17554,30,2,1249.89,2,1,2,0,0,6
17555,242,1,195.45,0,0,1,1,1,3
17556,113,1,157.9,0,0,1,1,1,0
17560,2,4,854.95,3,1,0,0,0,7
17562,17,4,661.1,2,1,2,0,0,7
17567,0,6,2925.45,3,1,0,0,0,5
17569,240,1,344.14,0,0,1,1,1,3
17571,53,3,559.55,2,1,2,0,0,4
17572,7,3,196.0,2,0,2,0,0,4
17573,1,1,174.71,1,0,2,1,1,0
17574,150,1,185.65,0,0,1,1,1,0
17576,7,14,2266.25,3,1,0,0,0,2
17578,126,1,143.45999999999998,0,0,1,1,1,0
17579,45,2,270.86,1,0,2,0,0,6
17580,160,3,215.72,1,0,1,1,1,4
17581,17,17,6522.29,3,1,0,0,0,2
17582,144,1,175.27,0,0,1,1,1,0
17584,35,1,749.45,1,0,2,0,0,0
17585,17,4,1116.68,3,1,0,0,0,7
17588,8,3,1240.2,3,1,2,0,0,4
17589,59,3,1843.07,2,1,0,0,0,4
17591,30,6,1840.8700000000001,3,1,0,0,0,5
17593,52,3,2260.04,2,1,0,0,0,4
17594,162,1,315.0,0,0,1,1,1,3
17596,44,4,1737.08,3,1,0,0,0,7
17597,121,1,2044.3700000000001,1,0,2,1,1,0
17601,147,1,116.00999999999999,0,0,1,1,1,0
17602,32,2,909.5500000000001,2,1,2,0,0,6
17604,125,2,309.36,1,0,2,1,1,6
17609,210,2,531.25,1,0,1,1,1,6
17611,31,9,2701.15,3,1,0,0,0,5
17612,3,5,1682.94,3,1,0,0,0,5
17613,25,9,2976.69,3,1,0,0,0,5
17615,38,3,329.6,2,0,2,0,0,4
17616,81,3,571.1999999999999,2,0,2,0,0,4
17618,156,2,625.48,1,0,1,1,1,6
17619,220,1,214.37,0,0,1,1,1,3
17621,220,2,901.78,1,0,1,1,1,6
17624,126,1,400.3,0,0,2,1,1,0
17625,48,2,1227.13,2,1,2,0,0,6
17629,28,5,798.38,3,1,0,0,0,5
17630,77,2,503.59999999999997,1,0,2,0,0,6
17631,45,2,416.5,2,0,2,0,0,6
17633,11,2,648.61,2,1,2,0,0,6
17634,0,7,2077.07,3,1,0,0,0,5
17637,23,1,338.95,1,0,2,1,0,0
17639,184,1,108.5,0,0,1,1,1,3
17642,27,2,712.29,2,1,2,0,0,6
17643,281,1,101.55,0,0,1,1,1,3
17644,28,7,1625.63,3,1,0,0,0,5
17646,127,3,1008.39,2,0,2,1,1,4
17648,100,3,1107.39,2,1,2,0,0,4
17649,46,1,868.49,2,0,2,0,0,0
17651,63,4,1148.01,2,1,0,0,0,7
17652,52,6,2713.57,3,1,0,0,0,5
17653,7,2,343.34,2,0,2,0,0,6
17654,185,1,117.55,0,0,1,1,1,3
17655,24,5,1903.3300000000002,3,1,0,0,0,5
17656,14,3,927.65,3,1,2,0,0,4
17658,119,1,317.59999999999997,0,0,2,1,1,0
17659,8,9,1653.03,3,1,0,0,0,2
17660,49,1,178.75,1,0,2,1,1,0
17663,62,4,1016.53,2,1,2,0,0,7
17664,120,1,326.19,0,0,2,1,1,0
17667,69,4,1751.01,2,1,0,0,0,7
17669,30,5,2433.22,3,1,0,0,0,5
17670,135,1,205.7,0,0,1,1,1,0
17671,65,3,1098.55,2,1,2,0,0,4
17672,217,1,1177.8400000000001,1,0,1,1,1,3
17673,70,4,1175.62,2,1,0,0,0,7
17674,276,1,300.66,0,0,1,1,1,3
17675,9,23,14074.19,3,1,0,0,0,2
17676,17,4,730.84,2,1,2,0,0,7
17677,8,20,11666.5,3,1,0,0,0,2
17678,171,1,298.11,0,0,1,1,1,3
17682,23,5,1899.3500000000001,3,1,0,0,0,5
17685,174,5,1512.72,2,1,0,0,0,1
17686,28,5,4589.35,3,1,0,0,0,5
17690,9,11,3495.53,3,1,0,0,0,2
17691,266,2,290.40000000000003,0,0,1,1,1,6
17692,35,4,740.9399999999999,2,1,2,0,0,7
17693,45,1,200.47,1,0,2,1,1,0
17694,49,1,283.12,1,0,2,1,1,0
17695,39,2,765.34,2,1,2,0,0,6
17696,16,7,1915.5900000000001,3,1,0,0,0,5
17697,144,1,338.95,0,0,1,1,1,0
17698,168,1,154.95,0,0,1,1,1,3
17700,2,3,1681.83,3,1,0,0,0,4
17701,160,1,417.95,1,0,1,1,1,3
17702,16,3,1338.77,3,1,2,0,0,4
17703,17,2,490.96,2,1,2,0,0,6
17704,76,2,885.19,2,0,2,0,0,6
17705,14,6,968.0,3,1,0,0,0,5
17706,8,12,8027.5,3,1,0,0,0,2
17707,93,2,152.4,1,0,2,1,1,6
17708,95,2,263.33,1,0,2,1,1,6
17709,77,1,137.45,0,0,2,1,1,0
17711,197,1,220.53000000000003,0,0,1,1,1,3
17714,228,1,153.0,0,0,1,1,1,3
17715,108,1,326.4,0,0,2,1,1,0
17716,2,7,4136.66,3,1,0,0,0,2
17718,140,1,139.35,0,0,1,1,1,0
17719,14,12,4477.4,3,1,0,0,0,2
17720,21,3,887.6,2,1,2,0,0,4
17722,4,4,2424.04,3,1,0,0,0,7
17723,35,6,3276.4000000000005,3,1,0,0,0,5
17724,46,1,373.1,1,0,2,1,0,0
17725,8,8,2507.12,3,1,0,0,0,2
17730,14,8,3055.77,3,1,0,0,0,5
17731,36,3,963.74,2,1,2,0,0,4
17732,280,1,303.97,0,0,1,1,1,3
17733,169,1,216.95000000000002,0,0,1,1,1,3
17734,44,2,540.21,2,0,2,0,0,6
17735,1,16,11091.24,3,1,0,0,0,2
17736,21,1,307.49,1,0,2,1,0,0
17738,56,3,1571.49,2,1,2,0,0,4
17739,104,3,1070.77,2,1,2,0,0,4
17742,21,2,355.11,1,0,2,0,0,6
17744,158,4,1288.96,2,1,2,0,1,7
17746,148,1,110.25,0,0,1,1,1,0
17747,20,1,71.4,1,0,2,1,1,0
17749,86,2,674.52,1,0,2,0,1,6
17750,7,5,1204.5,3,1,0,0,0,5
17752,267,1,80.64,0,0,1,1,1,3
17754,50,2,575.06,2,0,2,0,0,6
17757,22,20,3308.55,3,1,0,0,0,2
17758,60,4,1433.25,2,1,0,0,0,7
17759,77,2,167.15,1,0,2,1,1,6
17760,281,1,172.54,0,0,1,1,1,3
17763,171,1,15.0,0,0,1,1,1,0
17764,119,1,230.67000000000002,0,0,1,1,1,0
17765,66,3,367.63,1,0,2,0,0,4
17768,74,1,385.83,1,0,2,1,1,0
17769,46,4,1817.88,3,1,0,0,0,7
17770,106,5,1143.27,2,1,0,0,0,1
17771,231,1,115.8,0,0,1,1,1,3
17774,4,4,1213.73,3,1,0,0,0,7
17775,162,1,56.4,0,0,1,1,1,0
17777,8,1,189.79999999999998,1,0,2,1,1,0
17779,51,1,323.09,1,0,2,1,0,0
17781,67,2,188.02,1,0,2,1,1,6
17783,155,1,112.41,0,0,1,1,1,0
17786,225,1,103.35,0,0,1,1,1,3
17787,60,4,1817.54,2,1,0,0,0,7
17788,37,1,11.75,1,0,2,1,1,0
17789,189,1,225.9,0,0,1,1,1,3
17790,28,12,1363.51,3,1,0,0,0,5
17795,87,2,342.83,1,0,2,1,1,6
17796,221,3,614.1,1,0,1,1,1,4
17797,90,1,272.41,1,0,2,1,1,0
17799,7,9,2514.99,3,1,0,0,0,2
17800,25,6,765.3,2,1,0,0,0,5
17802,88,2,632.4200000000001,1,0,2,0,1,6
17809,37,8,2856.71,3,1,0,0,0,5
17811,0,24,4834.31,3,1,0,0,0,2
17812,276,1,193.29999999999998,0,0,1,1,1,3
17816,177,2,21.31,0,0,1,1,1,6
17817,185,2,269.7,0,0,1,1,1,6
17819,90,6,3468.47,3,1,0,0,0,1
17827,150,4,1580.47,2,1,0,0,1,7
17828,17,3,876.66,3,1,2,0,0,4
17829,206,1,889.24,1,0,1,1,1,3
17830,169,2,287.65000000000003,1,0,1,1,1,6
17837,56,3,376.51,1,0,2,0,0,4
17838,200,3,1655.0,2,0,1,1,1,4
17841,2,80,23139.09,3,1,0,0,0,2
17843,211,1,205.48,0,0,1,1,1,3
17844,14,1,51.559999999999995,1,0,2,1,1,0
17848,36,8,821.5999999999999,3,1,0,0,0,5
17849,126,4,605.8000000000001,1,0,2,0,0,7
17850,280,34,5391.21,2,1,0,0,0,1
17854,93,2,311.26,1,0,2,1,1,6
17855,280,1,208.97,0,0,1,1,1,3
17856,141,3,1142.63,2,0,2,1,1,4
17857,6,14,14254.52,3,1,0,0,0,2
17858,24,9,3641.25,3,1,0,0,0,5
17859,212,1,141.92000000000002,0,0,1,1,1,3
17860,276,1,226.45000000000002,0,0,1,1,1,3
17861,44,5,1299.49,3,1,0,0,0,5
17862,231,1,330.9,0,0,1,1,1,3
17863,53,4,1785.28,2,1,0,0,0,7
17864,183,1,200.85,0,0,1,1,1,3
17865,15,12,7017.34,3,1,0,0,0,2
17866,50,1,329.65,1,0,2,1,0,0
17867,51,4,957.48,2,1,2,0,0,7
17869,15,5,428.18,3,1,2,0,0,5
17870,31,6,601.5699999999999,2,1,0,0,0,5
17871,112,1,155.9,0,0,1,1,1,0
17873,92,4,1576.92,2,1,0,0,0,7
17874,93,6,683.46,2,1,0,0,0,1
17877,78,1,237.61,1,0,2,1,1,0
17879,81,1,178.51999999999998,0,0,2,1,1,0
17880,272,1,458.92,0,0,1,1,1,3
17881,212,1,133.35000000000002,0,0,1,1,1,3
17883,154,1,119.35,0,0,1,1,1,0
17884,219,3,590.54,1,0,1,1,1,4
17886,118,2,377.71,1,0,2,1,1,6
17887,37,1,111.35,1,0,2,1,1,0
17888,69,4,297.0,1,0,2,1,0,7
17889,120,2,201.37,0,0,2,1,1,6
17890,230,2,586.89,1,0,1,1,1,6
17891,70,1,203.85999999999999,0,0,2,1,1,0
17892,63,1,142.1,0,0,2,1,1,0
17893,133,1,107.21,0,0,1,1,1,0
17894,4,7,995.9,3,1,0,0,0,2
17897,80,3,541.8100000000001,2,0,2,0,0,4
17898,115,1,99.84,0,0,1,1,1,0
17899,67,1,154.55,0,0,2,1,1,0
17900,98,2,112.19999999999999,0,0,2,1,1,6
17905,64,3,617.74,2,1,2,0,0,4
17906,155,1,72.9,0,0,1,1,1,0
17908,281,1,232.03,0,0,1,1,1,3
17912,218,5,310.06,1,0,1,1,1,1
17913,263,1,218.05,0,0,1,1,1,3
17917,164,2,226.71,1,0,1,1,1,6
17920,13,9,2328.8,3,1,0,0,0,2
17921,56,3,595.47,2,1,2,0,0,4
17923,190,1,207.50000000000003,0,0,1,1,1,3
17924,209,2,502.20000000000005,1,0,1,1,1,6
17925,280,1,244.08,0,0,1,1,1,3
17926,41,2,397.29,1,0,2,0,0,6
17928,154,1,78.25999999999999,0,0,1,1,1,0
17929,20,3,707.0,2,1,2,0,0,4
17930,70,2,694.14,1,0,2,0,0,6
17931,42,2,408.36,2,0,2,0,0,6
17932,81,2,934.51,2,0,2,0,1,6
17935,46,2,142.89,1,0,2,1,1,6
17937,22,5,3614.52,3,1,0,0,0,5
17939,67,1,99.14,0,0,2,1,1,0
17940,16,9,3828.04,3,1,0,0,0,5
17941,38,1,304.56,1,0,2,1,0,0
17946,141,2,149.57999999999998,0,0,1,1,1,6
17948,55,1,358.56000000000006,1,0,2,1,0,0
17949,1,33,48209.2,3,1,0,0,0,2
17950,273,2,263.17,0,0,1,1,1,6
17951,266,2,409.50000000000006,1,0,1,1,1,6
17954,31,10,1885.21,3,1,0,0,0,5
17955,106,4,557.3,1,1,2,0,0,7
17956,157,1,12.75,0,0,1,1,1,0
17958,24,1,508.4599999999999,1,0,2,0,0,0
17960,79,1,73.78,0,0,2,1,1,0
17961,31,31,1179.62,3,1,0,0,0,2
17962,50,1,102.41,1,0,2,1,1,0
17964,280,1,261.76,0,0,1,1,1,3
17965,42,10,1887.73,3,1,0,0,0,5
17966,59,4,594.43,2,1,2,0,0,7
17967,279,1,112.27,0,0,1,1,1,3
17968,281,1,265.1,0,0,1,1,1,3
17969,74,2,228.2,1,0,2,1,1,6
17970,119,1,562.79,1,0,2,1,1,0
17972,149,1,135.19,0,0,1,1,1,0
17974,127,1,164.07,0,0,1,1,1,0
17975,22,11,3950.4500000000003,3,1,0,0,0,5
17976,280,1,321.79,0,0,1,1,1,3
17978,273,1,300.91999999999996,0,0,1,1,1,3
17979,76,3,494.54,2,0,2,0,0,4
17980,73,3,811.45,2,1,2,0,0,4
17984,53,1,152.68,0,0,2,1,1,0
17987,93,1,198.57,0,0,2,1,1,0
17988,25,5,146.0,2,1,2,1,0,5
17990,144,3,630.84,1,0,2,1,1,4
17991,133,2,93.35,0,0,1,1,1,6
17994,29,4,674.89,2,1,2,0,0,7
17995,189,1,76.1,0,0,1,1,1,3
17997,0,6,1711.75,3,1,0,0,0,5
17999,274,1,190.34,0,0,1,1,1,3
18004,270,1,157.92,0,0,1,1,1,3
18008,111,7,2065.41,2,1,0,0,0,1
18009,143,1,247.39,0,0,1,1,1,0
18010,164,1,174.8,0,0,1,1,1,3
18011,281,1,102.78999999999999,0,0,1,1,1,3
18013,63,2,187.29,1,0,2,1,1,6
18016,94,3,482.86,2,0,2,0,0,4
18017,77,2,344.0,1,0,2,1,1,6
18018,16,2,122.14,1,0,2,1,1,6
18024,60,2,389.78,1,0,2,0,0,6
18027,6,1,115.31,1,0,2,1,1,0
18032,242,1,73.5,0,0,1,1,1,3
18036,13,2,253.69,2,0,2,0,0,6
18037,62,6,70.02,1,0,2,1,0,1
18040,153,1,239.0,0,0,1,1,1,0
18041,11,16,2998.11,3,1,0,0,0,2
18043,114,2,421.59,1,0,2,1,1,6
18044,74,7,1105.53,2,1,0,0,0,1
18048,111,2,172.29000000000002,0,0,2,1,1,6
18050,267,1,74.4,0,0,1,1,1,3
18055,36,7,3672.86,3,1,0,0,0,5
18056,196,1,363.65,0,0,1,1,1,3
18061,15,8,1793.51,3,1,0,0,0,5
18062,81,3,720.52,2,1,2,0,0,4
18064,41,2,814.0,2,1,2,0,0,6
18065,91,8,1412.15,2,1,0,0,0,1
18068,197,1,101.69999999999999,0,0,1,1,1,3
18069,88,3,978.32,2,1,2,0,0,4
18071,165,2,453.0,1,0,1,1,1,6
18072,93,1,247.44,1,0,2,1,1,0
18073,22,12,3859.82,3,1,0,0,0,5
18074,281,1,489.6,0,0,1,1,1,3
18075,14,8,1957.75,3,1,0,0,0,5
18077,11,7,1622.34,3,1,0,0,0,5
18078,125,2,336.13,1,0,2,1,1,6
18079,34,2,2206.18,2,1,2,0,0,6
18080,150,1,841.4999999999999,1,0,1,1,1,0
18081,20,2,208.05,1,0,2,0,1,6
18085,238,2,689.95,1,0,1,1,1,6
18086,182,1,101.34,0,0,1,1,1,3
18087,6,2,4055.7199999999993,3,1,0,0,1,6
18092,27,8,5851.48,3,1,0,0,0,5
18093,1,4,2106.52,3,1,0,0,0,7
18094,44,5,2402.3,3,1,0,0,0,5
18095,220,2,580.0500000000001,1,0,1,1,1,6
18097,34,5,1986.2,3,1,0,0,0,5
18099,35,1,168.31,1,0,2,1,1,0
18101,51,1,110.23,0,0,2,1,1,0
18102,6,27,135450.75,3,1,0,0,0,2
18106,237,1,421.9,0,0,1,1,1,3
18108,162,1,271.0,0,0,1,1,1,3
18109,18,17,4433.02,3,1,0,0,0,2
18112,74,1,196.64,0,0,2,1,1,0
18113,276,1,76.32000000000001,0,0,1,1,1,3
18114,198,1,220.1,0,0,1,1,1,3
18116,142,7,1239.55,2,1,0,0,0,1
18118,55,18,4064.06,3,1,0,0,0,5
18119,275,1,180.7,0,0,1,1,1,3
18120,122,1,111.15,0,0,1,1,1,0
18121,57,2,653.3,1,0,2,0,0,6
18122,58,1,119.19,0,0,2,1,1,0
18125,109,3,933.9,2,1,2,0,0,4
18127,41,1,139.6,1,0,2,1,1,0
18129,151,1,112.55000000000001,0,0,1,1,1,0
18133,120,1,931.4999999999999,1,0,2,1,1,0
18135,98,1,109.82000000000001,0,0,2,1,1,0
18136,119,2,600.85,1,0,2,0,1,6
18138,203,1,152.65,0,0,1,1,1,3
18142,65,2,1019.52,2,1,2,0,0,6
18143,24,2,1000.16,2,1,2,0,0,6
18144,17,9,2165.55,3,1,0,0,0,5
18145,112,2,1023.78,1,0,2,0,1,6
18146,48,2,160.35000000000002,1,0,2,1,1,6
18147,16,1,98.88,1,0,2,1,1,0
18149,123,2,549.68,1,0,2,0,1,6
18150,48,2,413.28,2,0,2,0,0,6
18151,42,2,653.35,2,1,2,0,0,6
18155,78,2,266.56,1,0,2,1,1,6
18156,277,1,186.88,0,0,1,1,1,3
18159,209,1,530.15,0,0,1,1,1,3
18160,108,1,318.55,0,0,2,1,1,0
18161,48,3,771.26,2,1,2,0,0,4
18165,85,1,302.46000000000004,1,0,2,1,1,0
18167,13,1,498.48,2,0,2,0,0,0
18168,84,6,1160.04,2,1,0,0,0,1
18170,20,2,655.51,2,1,2,0,0,6
18171,7,4,994.3100000000001,3,1,0,0,0,7
18172,7,11,5635.28,3,1,0,0,0,2
18173,107,3,1728.8400000000001,2,1,2,0,0,4
18176,266,1,476.35,0,0,1,1,1,3
18177,65,5,1037.27,2,1,0,0,0,1
18178,36,4,1590.81,2,1,0,0,0,7
18179,160,4,1103.16,2,1,2,0,1,7
18180,44,2,601.85,2,0,2,0,0,6
18183,135,2,632.07,1,0,2,1,1,6
18185,157,1,304.25,0,0,1,1,1,3
18188,198,1,426.6,0,0,1,1,1,3
18189,175,1,633.1,0,0,1,1,1,3
18190,100,2,284.46000000000004,1,0,2,1,1,6
18191,169,1,207.79999999999998,0,0,1,1,1,3
18193,73,1,243.76,1,0,2,1,1,0
18196,3,2,686.63,2,1,2,0,0,6
18198,8,14,4427.39,3,1,0,0,0,2
18200,14,1,150.35,1,0,2,1,1,0
18202,107,3,1396.99,2,1,2,0,0,4
18203,65,1,160.42000000000002,0,0,2,1,1,0
18204,17,2,1358.87,2,1,2,0,0,6
18210,175,1,142.4,0,0,1,1,1,3
18211,44,2,268.7,1,0,2,0,0,6
18212,234,1,216.07,0,0,1,1,1,3
18213,144,1,232.48000000000002,0,0,1,1,1,0
18218,119,2,641.92,1,0,2,0,1,6
18219,57,8,1367.13,2,1,0,0,0,5
18220,134,1,305.28000000000003,0,0,1,1,1,0
18221,23,3,706.86,2,1,2,0,0,4
18222,0,1,443.0,2,0,2,0,0,0
18223,4,11,4036.34,3,1,0,0,0,2
18224,171,1,158.95000000000002,0,0,1,1,1,3
18225,21,7,2730.78,3,1,0,0,0,5
18226,28,9,4251.03,3,1,0,0,0,5
18227,125,1,93.75,0,0,1,1,1,0
18229,1,14,5212.06,3,1,0,0,0,2
18230,2,5,2146.36,3,1,0,0,0,5
18231,100,5,2071.77,2,1,0,0,0,1
18232,65,3,500.62,2,1,2,0,0,4
18233,233,1,440.0,0,0,1,1,1,3
18235,28,2,749.8,2,1,2,0,0,6
18236,37,4,641.19,2,1,2,0,0,7
18237,27,2,566.59,2,1,2,0,0,6
18239,126,5,1561.6100000000001,2,1,0,0,0,1
18241,7,11,1349.58,3,1,0,0,0,2
18242,104,2,694.08,1,0,2,0,1,6
18245,57,6,1672.81,3,1,0,0,0,5
18246,141,1,232.9,0,0,1,1,1,0
18248,30,2,804.02,2,1,2,0,0,6
18250,218,1,349.27,0,0,1,1,1,3
18252,79,1,69.89999999999999,0,0,2,1,1,0
18257,22,5,1562.8700000000001,3,1,0,0,0,5
18259,274,1,376.30000000000007,0,0,1,1,1,3
18260,80,6,2628.35,3,1,0,0,0,1
18261,3,1,224.8,1,0,2,1,1,0
18262,48,1,149.48,1,0,2,1,1,0
18263,63,2,811.4,2,0,2,0,0,6
18265,66,1,488.55,1,0,2,1,1,0
18268,42,1,25.5,1,0,2,1,1,0
18269,274,1,168.6,0,0,1,1,1,3
18270,174,1,111.95,0,0,1,1,1,3
18272,21,4,2106.45,3,1,0,0,0,7
18273,3,2,153.0,1,0,2,1,1,6
18280,185,1,180.60000000000002,0,0,1,1,1,3
18281,88,1,80.82,0,0,2,1,1,0
18282,34,1,100.21000000000001,1,0,2,1,1,0
18283,3,10,1086.83,3,1,0,0,0,2
18287,109,1,765.28,1,0,2,1,1,0
