CustomerID,Recency,Frequency,Monetary,Log_Frequency,Log_Monetary,Recency_scaled,Frequency_scaled,Monetary_scaled
12346,233,1,77183.6,0.693147181,11.25395523,1.74782393,-0.868813241,3.968899246
12347,37,5,2790.86,1.791759469,7.934463319,-0.714383667,0.884599106,1.252581183
12348,156,3,1167.24,1.386294361,7.063253622,0.780528088,0.237466779,0.539676106
12350,218,1,294.4,0.693147181,5.68833037,1.559389675,-0.868813241,-0.585414407
12352,170,5,1481.81,1.791759469,7.301694215,0.956400059,0.884599106,0.734790452
12353,112,1,89,0.693147181,4.49980967,0.227787607,-0.868813241,-1.557972957
12354,140,1,1079.4,0.693147181,6.985086622,0.57953155,-0.868813241,0.475712573
12355,122,1,459.4,0.693147181,6.132095677,0.353410444,-0.868813241,-0.222284221
12356,153,2,2429.08,1.098612289,7.795679458,0.742841237,-0.221680914,1.139015276
12358,58,1,404.86,0.693147181,6.006008273,-0.45057571,-0.868813241,-0.325460701
12359,97,3,3495.73,1.386294361,8.159583525,0.039353353,0.237466779,1.436795544
12360,20,2,1378.28,1.098612289,7.229316903,-0.927942489,-0.221680914,0.67556458
12361,195,1,174.9,0.693147181,5.169915652,1.270457151,-0.868813241,-1.009629709
12362,28,4,1582.35,1.609437912,7.367298135,-0.82744422,0.593609398,0.788473701
12363,17,2,552,1.098612289,6.315358002,-0.96562934,-0.221680914,-0.072321884
12364,20,1,578.92,0.693147181,6.362890163,-0.927942489,-0.868813241,-0.033426634
12365,199,2,641.38,1.098612289,6.465180029,1.320706285,-0.221680914,0.05027648
12370,182,3,2682.66,1.386294361,7.894936813,1.107147463,0.237466779,1.220236907
12372,120,2,842.92,1.098612289,6.738057703,0.328285877,-0.221680914,0.273570458
12373,219,1,324.6,0.693147181,5.785669634,1.571951959,-0.868813241,-0.505762337
12375,6,1,190.3,0.693147181,5.253842876,-1.10381446,-0.868813241,-0.940952621
12377,223,2,1548.12,1.098612289,7.345442307,1.622201093,-0.221680914,0.770589223
12378,37,1,4008.62,0.693147181,8.296451753,-0.714383667,-0.868813241,1.5487939
12379,78,1,414.84,0.693147181,6.030300571,-0.199330037,-0.868813241,-0.305582476
12380,93,1,562.55,0.693147181,6.334256061,-0.010895782,-0.868813241,-0.056857729
12381,27,1,1028.74,0.693147181,6.937061622,-0.840006503,-0.868813241,0.436414036
12383,92,5,1628.56,1.791759469,7.396065319,-0.023458066,0.884599106,0.812013695
12384,29,1,212.69,0.693147181,5.364526367,-0.814881936,-0.868813241,-0.85038106
12386,245,2,401.9,1.098612289,5.998688392,1.898571334,-0.221680914,-0.331450511
12388,56,4,1668.34,1.609437912,7.420183618,-0.475700277,0.593609398,0.831749538
12393,153,3,1061.1,1.386294361,6.968003359,0.742841237,0.237466779,0.461733453
12394,125,1,351.08,0.693147181,5.863858423,0.391097295,-0.868813241,-0.441780974
12395,20,8,1674.57,2.197224577,7.423908685,-0.927942489,1.531731433,0.834797736
12397,43,1,1109.81,0.693147181,7.012844758,-0.639009965,-0.868813241,0.49842687
12399,27,4,1033.65,1.609437912,6.941818484,-0.840006503,0.593609398,0.440306545
12401,211,1,69.3,0.693147181,4.252771799,1.471453689,-0.868813241,-1.760122398
12402,231,1,195.6,0.693147181,5.281171208,1.722699362,-0.868813241,-0.91859003
12405,56,1,1390.39,0.693147181,7.238058526,-0.475700277,-0.868813241,0.682717792
12406,91,1,1621.25,0.693147181,7.391569354,-0.036020349,-0.868813241,0.808334677
12407,42,4,1242.36,1.609437912,7.125572671,-0.651572248,0.593609398,0.590671369
12408,6,4,1939.05,1.609437912,7.570469025,-1.10381446,0.593609398,0.954727083
12409,90,1,6207.08,0.693147181,8.733606948,-0.048582633,-0.868813241,1.906515077
12410,216,2,533.33,1.098612289,6.281013626,1.534265108,-0.221680914,-0.100425658
12412,45,2,836.74,1.098612289,6.73070779,-0.613885397,-0.221680914,0.267556073
12413,144,2,509.9,1.098612289,6.236173876,0.629780684,-0.221680914,-0.137117725
12414,125,3,442.41,1.386294361,6.09449485,0.391097295,0.237466779,-0.253052726
12415,7,14,101737.88,2.708050201,11.53016481,-1.091252176,2.347021746,4.194919697
12417,14,7,2483.52,2.079441542,7.817834761,-1.003316191,1.343746799,1.157144813
12418,20,1,668.58,0.693147181,6.50665065,-0.927942489,-0.868813241,0.084211612
12421,22,3,488.56,1.386294361,6.193507029,-0.902817922,0.237466779,-0.172031722
12422,3,3,683.56,1.386294361,6.528776296,-1.141501311,0.237466779,0.102316881
12423,8,7,1440.67,2.079441542,7.273557443,-1.078689893,1.343746799,0.711766319
12424,70,2,1760.96,1.098612289,7.474182105,-0.299828306,-0.221680914,0.875936139
12426,102,1,510.73,0.693147181,6.237797142,0.102164771,-0.868813241,-0.135789417
12427,279,1,249.5,0.693147181,5.523458921,2.325688978,-0.868813241,-0.720327613
12428,28,8,6628.12,2.197224577,8.799227344,-0.82744422,1.531731433,1.960211809
12429,80,3,2482.88,1.386294361,7.817577133,-0.17420547,0.237466779,1.156933997
12431,27,11,4732.07,2.48490665,8.46232932,-0.840006503,1.990879126,1.684530405
12432,80,2,3316.66,1.098612289,8.107014994,-0.17420547,-0.221680914,1.393779066
12433,274,2,3787.12,1.098612289,8.239625133,2.26287756,-0.221680914,1.502293057
12434,168,1,286.25,0.693147181,5.660352917,0.931275492,-0.868813241,-0.60830817
12435,175,1,3978.99,0.693147181,8.289034586,1.019211478,-0.868813241,1.542724482
12436,7,1,429.01,0.693147181,6.063808464,-1.091252176,-0.868813241,-0.278163191
12437,6,11,2505.41,2.48490665,7.826606729,-1.10381446,1.990879126,1.164322856
12438,48,1,770.07,0.693147181,6.647779161,-0.576198546,-0.868813241,0.19969613
12441,274,1,155.55,0.693147181,5.053375448,2.26287756,-0.868813241,-1.104993779
12444,29,2,2347.27,1.098612289,7.761434166,-0.814881936,-0.221680914,1.110992582
12447,151,1,431.49,0.693147181,6.069559205,0.71771667,-0.868813241,-0.273457398
12449,37,2,1456.88,1.098612289,7.284738605,-0.714383667,-0.221680914,0.720915789
12450,64,2,197.88,1.098612289,5.292701628,-0.375202008,-0.221680914,-0.909154764
12451,126,2,5307.82,1.098612289,8.577124867,0.403659579,-0.221680914,1.778466835
12453,42,1,707.09,0.693147181,6.562571204,-0.651572248,-0.868813241,0.129971028
12455,35,4,2077.36,1.609437912,7.6393344,-0.739508234,0.593609398,1.01107916
12456,39,2,1825.4,1.098612289,7.510102095,-0.689259099,-0.221680914,0.905329228
12457,141,3,907.25,1.386294361,6.811519671,0.592093833,0.237466779,0.333683896
12458,192,1,361.92,0.693147181,5.894182424,1.2327703,-0.868813241,-0.416967046
12461,62,1,626.88,0.693147181,6.442349065,-0.400326575,-0.868813241,0.031594055
12462,211,1,594.11,0.693147181,6.388746262,1.471453689,-0.868813241,-0.012268761
12463,83,3,877.79,1.386294361,6.778545961,-0.136518619,0.237466779,0.306701729
12464,14,6,615.55,1.945910149,6.424139422,-1.003316191,1.130627399,0.016693226
12465,77,1,410.94,0.693147181,6.020877708,-0.21189232,-0.868813241,-0.313293142
12468,95,2,657.54,1.098612289,6.490025263,0.014228785,-0.221680914,0.07060717
12471,15,18,9695,2.944438979,9.179468708,-0.990753907,2.724304074,2.271360777
12472,46,5,4549.6,1.791759469,8.423014371,-0.601323114,0.884599106,1.652359246
12473,22,2,1013.75,1.098612289,6.922397556,-0.902817922,-0.221680914,0.424414528
12474,6,13,3984.06,2.63905733,8.290307648,-1.10381446,2.236907419,1.54376622
12476,49,6,2687.67,1.945910149,7.896801927,-0.563636263,1.130627399,1.221763117
12477,8,3,8834.03,1.386294361,9.08647978,-1.078689893,0.237466779,2.195268559
12480,51,3,1892.95,1.386294361,7.546419874,-0.538511696,0.237466779,0.935047824
12481,87,8,3671.26,2.197224577,8.208562555,-0.086269484,1.531731433,1.476874757
12483,6,6,1290.06,1.945910149,7.163218865,-1.10381446,1.130627399,0.621476998
12484,11,3,3210.65,1.386294361,8.074540103,-1.041003042,0.237466779,1.367205079
12489,244,1,298.93,0.693147181,5.703549114,1.88600905,-0.868813241,-0.572961011
12490,1,6,3210.59,1.945910149,8.074521421,-1.166625878,1.130627399,1.367189792
12492,13,1,108.39,0.693147181,4.694919478,-1.015878474,-0.868813241,-1.398315905
12493,73,2,379.74,1.098612289,5.942116727,-0.262141455,-0.221680914,-0.377742726
12494,69,5,760.86,1.791759469,6.635762812,-0.31239059,0.884599106,0.189863232
12500,14,6,1647.84,1.945910149,7.407827289,-1.003316191,1.130627399,0.821638437
12501,244,1,2025.39,0.693147181,7.614011164,1.88600905,-0.868813241,0.990357325
12502,3,5,2995.87,1.791759469,8.00532369,-1.141501311,0.884599106,1.310565751
12506,140,1,73.5,0.693147181,4.310799125,0.57953155,-0.868813241,-1.712639024
12507,42,3,1052.81,1.386294361,6.960167447,-0.651572248,0.237466779,0.455321378
12509,192,1,158.5,0.693147181,5.072043922,1.2327703,-0.868813241,-1.089717491
12510,50,2,814.57,1.098612289,6.703887255,-0.551073979,-0.221680914,0.245609009
12513,20,1,558.29,0.693147181,6.326668122,-0.927942489,-0.868813241,-0.063066888
12514,175,1,1017.68,0.693147181,6.926262951,1.019211478,-0.868813241,0.427577555
12515,261,1,278.7,0.693147181,5.6337176,2.099567872,-0.868813241,-0.630103672
12516,88,1,529.2,0.693147181,6.273254294,-0.0737072,-0.868813241,-0.106775067
12517,34,2,1431.45,1.098612289,7.267141544,-0.752070518,-0.221680914,0.706516231
12518,18,1,288.83,0.693147181,5.669294544,-0.953067056,-0.868813241,-0.600991296
12520,50,4,1829.85,1.609437912,7.512535619,-0.551073979,0.593609398,0.907320564
12521,50,1,545.68,0.693147181,6.303863622,-0.551073979,-0.868813241,-0.081727658
12523,15,7,927.75,2.079441542,6.833839596,-0.990753907,1.343746799,0.351948141
12524,70,6,2744.48,1.945910149,7.917711202,-0.299828306,1.130627399,1.238873037
12526,2,1,484.3,0.693147181,6.184767256,-1.154063595,-0.868813241,-0.179183419
12527,202,2,266.92,1.098612289,5.590688428,1.358393136,-0.221680914,-0.665314156
12528,22,4,1089.37,1.609437912,6.994272367,-0.902817922,0.593609398,0.483229207
12530,31,3,1095.65,1.386294361,7.000015357,-0.789757369,0.237466779,0.487928657
12534,38,1,981.18,0.693147181,6.889774591,-0.701821383,-0.868813241,0.397719374
12535,94,1,371.45,0.693147181,5.920102801,0.001666502,-0.868813241,-0.395756575
12539,170,3,4517.69,1.386294361,8.415977408,0.956400059,0.237466779,1.646600946
12540,0,11,7874.86,2.48490665,8.971557664,-1.179188162,1.990879126,2.101228558
12541,81,2,480.14,1.098612289,6.176158288,-0.161643186,-0.221680914,-0.18622808
12545,167,1,544.15,0.693147181,6.301060986,0.918713208,-0.868813241,-0.084021036
12547,105,2,151.8,1.098612289,5.029129877,0.139851622,-0.221680914,-1.124833768
12548,74,1,67.2,0.693147181,4.222444565,-0.249579171,-0.868813241,-1.784938971
12551,265,1,168,0.693147181,5.129898715,2.149817007,-0.868813241,-1.042375301
12553,18,7,2113.59,2.079441542,7.656616219,-0.953067056,1.343746799,1.025220757
12556,59,1,308.75,0.693147181,5.735765521,-0.438013426,-0.868813241,-0.54659854
12557,66,4,9000.96,1.609437912,9.10519761,-0.350077441,0.593609398,2.210585234
12559,218,2,525.71,1.098612289,6.266650112,1.559389675,-0.221680914,-0.112179225
12560,51,1,1292.31,0.693147181,7.164960103,-0.538511696,-0.868813241,0.62290184
12561,210,1,238.85,0.693147181,5.480013728,1.458891406,-0.868813241,-0.755878524
12562,34,3,1443.23,1.386294361,7.275331587,-0.752070518,0.237466779,0.713218089
12564,169,1,402.9,0.693147181,6.001167323,0.943837776,-0.868813241,-0.329422018
12565,196,1,145.92,0.693147181,4.989888221,1.283019434,-0.868813241,-1.156944953
12567,4,9,7165.98,2.302585093,8.877239645,-1.128939027,1.699889419,2.024048754
12569,0,15,1645.68,2.772588722,7.406516419,-1.179188162,2.450026819,0.82056576
12571,29,1,248.35,0.693147181,5.518857532,-0.814881936,-0.868813241,-0.724092899
12573,135,1,160.54,0.693147181,5.08475279,0.516720131,-0.868813241,-1.079317909
12574,223,1,182.45,0.693147181,5.211942151,1.622201093,-0.868813241,-0.975239705
12576,3,4,936.55,1.609437912,6.84327009,-1.141501311,0.593609398,0.359665052
12577,267,1,195.89,0.693147181,5.282645197,2.174941574,-0.868813241,-0.917383874
12578,238,1,1412.66,0.693147181,7.253937365,1.810635348,-0.868813241,0.69571134
12580,154,1,379.7,0.693147181,5.942011663,0.755403521,-0.868813241,-0.377828699
12582,146,2,351.36,1.098612289,5.86465338,0.654905252,-0.221680914,-0.441130466
12583,14,9,3908.21,2.302585093,8.271090587,-1.003316191,1.699889419,1.528041027
12584,35,4,698.59,1.609437912,6.550494449,-0.739508234,0.593609398,0.1200887
12585,142,2,1824.1,1.098612289,7.509390059,0.604656117,-0.221680914,0.904746573
12589,52,1,113.5,0.693147181,4.740574823,-0.525949412,-0.868813241,-1.360956441
12590,119,1,9341.26,0.693147181,9.142303472,0.315723593,-0.868813241,2.240948713
12591,225,1,368.85,0.693147181,5.913097518,1.64732566,-0.868813241,-0.401488951
12592,0,2,401.6,1.098612289,5.997943513,-1.179188162,-0.221680914,-0.33206004
12593,16,3,382.1,1.386294361,5.948296052,-0.978191623,0.237466779,-0.372686226
12594,29,7,2399.9,2.079441542,7.783598946,-0.814881936,1.343746799,1.129129874
12596,150,1,213.95,0.693147181,5.370405443,0.705154386,-0.868813241,-0.845570252
12597,91,2,1120.81,1.098612289,7.022698731,-0.036020349,-0.221680914,0.50649031
12598,69,3,1422.38,1.386294361,7.260789604,-0.31239059,0.237466779,0.701318481
12599,34,6,731.04,1.945910149,6.595835157,-0.752070518,1.130627399,0.157190699
12600,20,8,1720.56,2.197224577,7.450986135,-0.927942489,1.531731433,0.856955033
12601,97,5,487.06,1.791759469,6.190438349,0.039353353,0.884599106,-0.174542802
12604,169,1,160.5,0.693147181,5.084505143,0.943837776,-0.868813241,-1.079520558
12609,94,2,674.73,1.098612289,6.515793588,0.001666502,-0.221680914,0.091693217
12610,14,2,1104.25,1.098612289,7.007826833,-1.003316191,-0.221680914,0.494320735
12613,105,3,1336.52,1.386294361,7.198572432,0.139851622,0.237466779,0.650406585
12614,185,1,315.6,0.693147181,5.757639147,1.144834314,-0.868813241,-0.528699498
12615,76,1,580.74,0.693147181,6.366023613,-0.224454604,-0.868813241,-0.030862553
12616,3,2,641.3,1.098612289,6.465055484,-1.141501311,-0.221680914,0.050174566
12619,24,5,1925.46,1.791759469,7.563439401,-0.877693354,0.884599106,0.948974789
12620,112,1,561.66,0.693147181,6.332675538,0.227787607,-0.868813241,-0.05815106
12621,8,15,9223.04,2.772588722,9.129568398,-1.078689893,2.450026819,2.230527687
12622,140,1,162.1,0.693147181,5.09436351,0.57953155,-0.868813241,-1.071453522
12623,184,1,269.1,0.693147181,5.598792261,1.132272031,-0.868813241,-0.658682844
12624,14,2,569.13,1.098612289,6.345864405,-1.003316191,-0.221680914,-0.047358698
12625,119,2,2413.82,1.098612289,7.789380029,0.315723593,-0.221680914,1.133860496
12626,20,6,4288,1.945910149,8.363808885,-0.927942489,1.130627399,1.603911791
12627,4,4,2493.83,1.609437912,7.82197587,-1.128939027,0.593609398,1.160533454
12633,37,3,1732.75,1.386294361,7.458041972,-0.714383667,0.237466779,0.862728776
12635,62,1,629.64,0.693147181,6.446735177,-0.400326575,-0.868813241,0.035183181
12637,1,6,4192.2,1.945910149,8.341219445,-1.166625878,1.130627399,1.585427004
12639,146,1,366.1,0.693147181,5.905634291,0.654905252,-0.868813241,-0.40759606
12641,23,1,145.9,0.693147181,4.989752083,-0.890255638,-0.868813241,-1.157056353
12642,15,1,330.45,0.693147181,5.803476969,-0.990753907,-0.868813241,-0.491190715
12643,36,6,3041.64,1.945910149,8.020480839,-0.72694595,1.130627399,1.322968745
12644,37,1,477.91,0.693147181,6.171512688,-0.714383667,-0.868813241,-0.190029543
12645,17,3,1220.86,1.386294361,7.108129567,-0.96562934,0.237466779,0.576397793
12647,34,9,2472.71,2.302585093,7.813474327,-0.752070518,1.699889419,1.153576699
12648,62,1,300.05,0.693147181,5.707276364,-0.400326575,-0.868813241,-0.569911027
12649,15,3,569.51,1.386294361,6.346530698,-0.990753907,0.237466779,-0.046813475
12651,242,1,114,0.693147181,4.744932128,1.860884483,-0.868813241,-1.357390887
12652,239,1,793.98,0.693147181,6.678316957,1.823197632,-0.868813241,0.224685005
12653,56,2,2209.85,1.098612289,7.701132336,-0.475700277,-0.221680914,1.061647998
12654,105,3,301.75,1.386294361,5.712907382,0.139851622,0.237466779,-0.565303202
12656,24,3,2514.67,1.386294361,7.830294449,-0.877693354,0.237466779,1.167340492
12662,15,7,2437.66,2.079441542,7.799203987,-0.990753907,1.343746799,1.141899375
12664,51,3,1757.48,1.386294361,7.472205079,-0.538511696,0.237466779,0.874318352
12665,232,1,45,0.693147181,3.828641396,1.735261646,-0.868813241,-2.107185473
12668,167,3,2438.47,1.386294361,7.799536082,0.918713208,0.237466779,1.142171126
12669,58,3,2564.03,1.386294361,7.849725453,-0.45057571,0.237466779,1.183240753
12670,6,3,1490.47,1.386294361,7.30751749,-1.10381446,0.237466779,0.739555598
12672,237,1,225.9,0.693147181,5.424509392,1.798073064,-0.868813241,-0.801297352
12673,234,1,220.9,0.693147181,5.40222683,1.760386213,-0.868813241,-0.819531023
12674,78,2,904.8,1.098612289,6.808818531,-0.199330037,-0.221680914,0.331473571
12676,31,4,838.05,1.609437912,6.732270299,-0.789757369,0.593609398,0.268834664
12678,8,6,7474.26,1.945910149,8.91935418,-1.078689893,1.130627399,2.058510796
12679,113,2,798.38,1.098612289,6.683836427,0.240349891,-0.221680914,0.22920155
12680,21,1,275.78,0.693147181,5.623222967,-0.915380205,-0.868813241,-0.63869136
12681,59,15,8948.58,2.772588722,9.099361883,-0.438013426,2.450026819,2.205809897
12682,8,20,7373.92,3.044522438,8.905840334,-1.078689893,2.884039746,2.047452506
12683,0,12,5956.19,2.564949357,8.692354172,-1.179188162,2.118629265,1.872758206
12684,78,4,1271.48,1.609437912,7.148723031,-0.199330037,0.593609398,0.609615153
12685,0,2,1462.42,1.098612289,7.288531441,-1.179188162,-0.221680914,0.724019441
12686,279,1,71.14,0.693147181,4.278608675,2.325688978,-0.868813241,-1.738980254
12688,21,1,4873.81,0.693147181,8.491836408,-0.915380205,-0.868813241,1.708675859
12689,35,1,475.03,0.693147181,6.165480877,-0.739508234,-0.868813241,-0.194965334
12690,113,1,335.01,0.693147181,5.817140921,0.240349891,-0.868813241,-0.480009593
12691,53,3,484.3,1.386294361,6.184767256,-0.513387128,0.237466779,-0.179183419
12693,35,4,711.91,1.609437912,6.569355185,-0.739508234,0.593609398,0.135522315
12694,91,1,385.5,0.693147181,5.957131868,-0.036020349,-0.868813241,-0.365455937
12695,15,2,333.9,1.098612289,5.81383198,-0.990753907,-0.221680914,-0.482717278
12697,39,2,573.91,1.098612289,6.354213507,-0.689259099,-0.221680914,-0.040526684
12700,64,2,1951.05,1.098612289,7.576635381,-0.375202008,-0.221680914,0.959772971
12701,150,1,301.08,0.693147181,5.710691883,0.705154386,-0.868813241,-0.56711613
12704,13,3,900.92,1.386294361,6.804525824,-1.015878474,0.237466779,0.327960878
12705,66,4,3928.52,1.609437912,8.27627256,-0.350077441,0.593609398,1.532281402
12707,199,1,603.42,0.693147181,6.404269321,1.320706285,-0.868813241,0.000433654
12708,9,7,1833.77,2.079441542,7.514674412,-1.066127609,1.343746799,0.909070724
12709,4,11,6930.79,2.48490665,8.843873356,-1.128939027,1.990879126,1.996745342
12710,4,3,1023.02,1.386294361,6.931491337,-1.128939027,0.237466779,0.431855909
12712,14,11,3499.08,2.48490665,8.160541104,-1.003316191,1.990879126,1.437579125
12714,14,4,3065.7,1.609437912,8.028357344,-1.003316191,0.593609398,1.329414036
12715,14,1,263.36,0.693147181,5.577311811,-1.003316191,-0.868813241,-0.676260153
12716,41,1,623.9,0.693147181,6.437591637,-0.664134532,-0.868813241,0.027701083
12717,59,2,830.98,1.098612289,6.723808402,-0.438013426,-0.221680914,0.26191035
12720,2,17,3275.84,2.890371758,8.094634822,-1.154063595,2.638011453,1.383648454
12721,91,4,1500.91,1.609437912,7.31449291,-0.036020349,0.593609398,0.745263538
12722,22,3,929.65,1.386294361,6.835883267,-0.902817922,0.237466779,0.353620464
12724,81,2,244.36,1.098612289,5.50272652,-0.161643186,-0.221680914,-0.737292798
12725,279,1,371.8,0.693147181,5.921042083,2.325688978,-0.868813241,-0.394987967
12726,92,5,1359.32,1.791759469,7.215475245,-0.023458066,0.884599106,0.664238044
12727,3,6,2869.7,1.945910149,7.962311181,-1.141501311,1.130627399,1.275368903
12728,165,3,527.31,1.386294361,6.269683233,0.893588641,0.237466779,-0.109697243
12729,21,1,417.01,0.693147181,6.035505356,-0.915380205,-0.868813241,-0.301323435
12731,52,8,11180.25,2.197224577,9.321993547,-0.525949412,1.531731433,2.387987901
12732,87,1,218.26,0.693147181,5.39025824,-0.086269484,-0.868813241,-0.82932484
12733,142,1,383.95,0.693147181,5.953113456,0.604656117,-0.868813241,-0.368744177
12734,260,1,110.4,0.693147181,4.713127327,2.087005588,-0.868813241,-1.383416543
12735,223,2,689.57,1.098612289,6.537517344,1.622201093,-0.221680914,0.109469621
12736,240,1,144,0.693147181,4.976733742,1.835759915,-0.868813241,-1.167709175
12738,280,1,137.35,0.693147181,4.929786706,2.338251261,-0.868813241,-1.206125621
12739,7,1,975.54,0.693147181,6.884015712,-1.091252176,-0.868813241,0.393006922
12743,42,2,540.13,1.098612289,6.293659546,-0.651572248,-0.221680914,-0.090077586
12744,52,5,14211.97,1.791759469,9.561910207,-0.525949412,0.884599106,2.584310101
12747,17,8,2769.4,2.197224577,7.926746993,-0.96562934,1.531731433,1.246266965
12748,1,131,13662.76,4.882801923,9.522502351,-1.166625878,5.817979207,2.552062916
12749,38,3,2755.23,1.386294361,7.921619083,-0.701821383,0.237466779,1.24207083
12750,36,1,275.88,0.693147181,5.623584199,-0.72694595,-0.868813241,-0.638395766
12753,43,5,16620.91,1.791759469,9.718476984,-0.639009965,0.884599106,2.712427649
12754,143,3,3010.74,1.386294361,8.010273264,0.617218401,0.237466779,1.314615954
12755,188,2,3811.95,1.098612289,8.246158447,1.182521165,-0.221680914,1.507639224
12757,50,7,5281.08,2.079441542,8.572075239,-0.551073979,1.343746799,1.774334758
12758,24,2,2791.59,1.098612289,7.93472476,-0.877693354,-0.221680914,1.252795118
12759,79,2,1007.52,1.098612289,6.916239189,-0.186767753,-0.221680914,0.419375178
12763,46,2,494.08,1.098612289,6.204719366,-0.601323114,-0.221680914,-0.162856741
12764,224,1,1693.88,0.693147181,7.435367221,1.634763377,-0.868813241,0.844174179
12766,57,5,4532.19,1.791759469,8.419181165,-0.463137994,0.884599106,1.649222559
12769,146,1,1143.6,0.693147181,7.04281051,0.654905252,-0.868813241,0.522947645
12770,118,1,1351.45,0.693147181,7.209673041,0.303161309,-0.868813241,0.65949014
12775,97,4,1074.68,1.609437912,6.980708299,0.039353353,0.593609398,0.47212982
12778,91,4,432.06,1.609437912,6.070876287,-0.036020349,0.593609398,-0.272379639
12779,97,7,2999.41,2.079441542,8.006504225,0.039353353,1.343746799,1.311531775
12781,192,1,549.26,0.693147181,6.310390894,1.2327703,-0.868813241,-0.076386435
12782,57,4,1714.67,1.609437912,7.447558954,-0.463137994,0.593609398,0.854150593
12785,272,1,255.95,0.693147181,5.548881513,2.237752992,-0.868813241,-0.699524475
12787,100,1,143.1,0.693147181,4.970507503,0.077040204,-0.868813241,-1.172804065
12790,100,1,294.92,0.693147181,5.690089148,0.077040204,-0.868813241,-0.583975211
12791,281,1,177.6,0.693147181,5.185148668,2.350813545,-0.868813241,-0.997164633
12792,164,1,344.54,0.693147181,5.845108411,0.881026357,-0.868813241,-0.457123984
12793,242,2,461.48,1.098612289,6.136603313,1.860884483,-0.221680914,-0.218595652
12794,6,1,317,0.693147181,5.762051383,-1.10381446,-0.868813241,-0.525088995
12797,273,1,226.03,0.693147181,5.425082167,2.250315276,-0.868813241,-0.800828653
12798,78,1,1607.04,0.693147181,7.382771325,-0.199330037,-0.868813241,0.801135309
12802,94,1,397.58,0.693147181,5.987908231,0.001666502,-0.868813241,-0.340271845
12808,92,2,253.35,1.098612289,5.538711271,-0.023458066,-0.221680914,-0.707846716
12809,85,1,405.31,0.693147181,6.007116415,-0.111394051,-0.868813241,-0.324553916
12811,169,2,458.85,1.098612289,6.130900349,0.943837776,-0.221680914,-0.223262349
12814,9,1,85.92,0.693147181,4.464988155,-1.066127609,-0.868813241,-1.586467171
12815,55,2,863.46,1.098612289,6.762105035,-0.488262561,-0.221680914,0.293248229
12816,3,2,452.2,1.098612289,6.116333529,-1.141501311,-0.221680914,-0.235182281
12817,189,1,126.04,0.693147181,4.844501997,1.195083449,-0.868813241,-1.275913528
12818,169,1,1182.08,0.693147181,7.075876486,0.943837776,-0.868813241,0.550005312
12820,234,1,170.46,0.693147181,5.144350003,1.760386213,-0.868813241,-1.030549908
12821,122,1,92.72,0.693147181,4.540311614,0.353410444,-0.868813241,-1.524830488
12823,35,4,1224,1.609437912,7.110696123,-0.739508234,0.593609398,0.578497988
12826,86,4,818.62,1.609437912,6.708840818,-0.098831768,0.593609398,0.249662476
12828,7,3,415.51,1.386294361,6.031910471,-1.091252176,0.237466779,-0.304265105
12829,244,2,293,1.098612289,5.683579767,1.88600905,-0.221680914,-0.589301794
12830,42,4,5204,1.609437912,8.557374981,-0.651572248,0.593609398,1.762305635
12831,170,1,215.05,0.693147181,5.375509862,0.956400059,-0.868813241,-0.841393339
12832,6,1,267.8,0.693147181,5.593967609,-1.10381446,-0.868813241,-0.662630825
12833,53,1,417.38,0.693147181,6.03639011,-0.513387128,-0.868813241,-0.300599446
12834,190,1,312.38,0.693147181,5.747416512,1.207645733,-0.868813241,-0.537064612
12836,45,3,2112.53,1.386294361,7.656114814,-0.613885397,0.237466779,1.024810461
12837,81,1,134.1,0.693147181,4.906015245,-0.161643186,-0.868813241,-1.225577649
12838,281,1,390.79,0.693147181,5.970725982,2.350813545,-0.868813241,-0.354331964
12839,0,9,3097.39,2.302585093,8.038637901,-1.179188162,1.699889419,1.337826547
12840,51,4,2726.77,1.609437912,7.911239705,-0.538511696,0.593609398,1.233577454
12841,14,17,2829.91,2.890371758,7.948353494,-1.003316191,2.638011453,1.26394742
12842,216,1,310.73,0.693147181,5.742137429,1.534265108,-0.868813241,-0.541384451
12843,67,7,1692.31,2.079441542,7.434440472,-0.337515157,1.343746799,0.843415827
12844,38,1,174.88,0.693147181,5.169801944,-0.701821383,-0.868813241,-1.009722755
12845,175,4,354.09,1.609437912,5.872371278,1.019211478,0.593609398,-0.434814961
12849,176,1,668.85,0.693147181,6.507053807,1.031773761,-0.868813241,0.084541513
12851,4,1,131.81,0.693147181,4.888919535,-1.128939027,-0.868813241,-1.239566954
12852,202,1,311.55,0.693147181,5.744764456,1.358393136,-0.868813241,-0.539234771
12853,42,6,1957.1,1.945910149,7.579729894,-0.651572248,1.130627399,0.962305191
12854,149,2,810.37,1.098612289,6.698724177,0.692592103,-0.221680914,0.241384097
12855,280,1,38.1,0.693147181,3.666122467,2.338251261,-0.868813241,-2.240173628
12857,118,2,1106.4,1.098612289,7.009770204,0.303161309,-0.221680914,0.495910983
12864,46,1,147.12,0.693147181,4.998022756,-0.601323114,-0.868813241,-1.150288517
12865,31,1,981.38,0.693147181,6.889978199,-0.789757369,-0.868813241,0.397885985
12866,191,1,499.12,0.693147181,6.21484807,1.220208016,-0.868813241,-0.15456849
12867,4,6,3015.96,1.945910149,8.012004981,-1.128939027,1.130627399,1.316033007
12868,93,6,1607.06,1.945910149,7.382783762,-0.010895782,1.130627399,0.801145486
12871,115,1,132,0.693147181,4.890349128,0.265474458,-0.868813241,-1.238397127
12872,234,2,599.97,1.098612289,6.398545016,1.760386213,-0.221680914,-0.004250506
12873,190,1,374,0.693147181,5.926926026,1.207645733,-0.868813241,-0.390173175
12875,51,2,343.23,1.098612289,5.841310039,-0.538511696,-0.221680914,-0.460232166
12876,104,1,666.43,0.693147181,6.503434516,0.127289338,-0.868813241,0.081579871
12877,32,9,1059.23,2.302585093,6.966241145,-0.777195085,1.699889419,0.460291444
12878,144,2,854.99,1.098612289,6.752258694,0.629780684,-0.221680914,0.285191034
12881,183,1,298,0.693147181,5.700443573,1.119709747,-0.868813241,-0.575502254
12885,31,1,645.35,0.693147181,6.471341153,-0.789757369,-0.868813241,0.055318087
12886,127,1,775,0.693147181,6.65415252,0.416221862,-0.868813241,0.204911407
12888,122,2,354.12,1.098612289,5.872455761,0.353410444,-0.221680914,-0.43474583
12891,93,3,331,1.386294361,5.805134969,-0.010895782,0.237466779,-0.489833984
12897,112,2,216.5,1.098612289,5.382198851,0.227787607,-0.221680914,-0.835919785
12901,16,19,11639.47,2.995732274,9.362243098,-0.978191623,2.806169439,2.42092384
12902,172,1,138.68,0.693147181,4.939354092,0.981524627,-0.868813241,-1.198296693
12904,80,1,244.69,0.693147181,5.504070579,-0.17420547,-0.868813241,-0.736192964
12908,84,2,750,1.098612289,6.621405652,-0.123956335,-0.221680914,0.178114864
12909,109,3,1528.37,1.386294361,7.332611165,0.190100756,0.237466779,0.760089585
12910,42,4,1486.9,1.609437912,7.305121009,-0.651572248,0.593609398,0.737594574
12913,190,3,866.39,1.386294361,6.765488703,1.207645733,0.237466779,0.296017062
12915,56,2,363.65,1.098612289,5.898937989,-0.475700277,-0.221680914,-0.413075599
12916,46,4,2944.95,1.609437912,7.988186625,-0.601323114,0.593609398,1.296542605
12917,36,1,594,0.693147181,6.388561406,-0.72694595,-0.868813241,-0.012420028
12919,24,3,441.65,1.386294361,6.09277939,-0.877693354,0.237466779,-0.254456475
12921,6,24,10083.47,3.218875825,9.218751896,-1.10381446,3.162312058,2.303505947
12922,69,1,405.38,0.693147181,6.007288682,-0.31239059,-0.868813241,-0.32441295
12924,106,3,655.27,1.386294361,6.48657229,0.152413906,0.237466779,0.067781624
12928,55,3,1136.14,1.386294361,7.036271617,-0.488262561,0.237466779,0.517596912
12929,219,1,117.85,0.693147181,4.777862194,1.571951959,-0.868813241,-1.330444435
12930,79,1,221.56,0.693147181,5.405196728,-0.186767753,-0.868813241,-0.817100775
12931,9,11,32530.7,2.48490665,10.38997028,-1.066127609,1.990879126,3.261906126
12933,79,2,357.49,1.098612289,5.881900766,-0.186767753,-0.221680914,-0.427017045
12935,17,4,1535.34,1.609437912,7.337158243,-0.96562934,0.593609398,0.763810429
12937,105,2,428.23,1.098612289,6.061992906,0.139851622,-0.221680914,-0.27964885
12939,46,4,7990.08,1.609437912,8.986081199,-0.601323114,0.593609398,2.11311307
12942,39,3,675.6,1.386294361,6.517080256,-0.689259099,0.237466779,0.092746089
12944,262,1,286.95,0.693147181,5.662786854,2.112130156,-0.868813241,-0.606316496
12945,196,1,462.95,0.693147181,6.139776788,1.283019434,-0.868813241,-0.215998819
12947,51,6,1603.99,1.945910149,7.380872805,-0.538511696,1.130627399,0.799581763
12948,13,4,1423.96,1.609437912,7.261899022,-1.015878474,0.593609398,0.702226311
12949,22,7,3449.42,2.079441542,8.146251242,-0.902817922,1.343746799,1.425885825
12951,81,5,751.78,1.791759469,6.62377302,-0.161643186,0.884599106,0.180052066
12955,0,6,1843.36,1.945910149,7.519887613,-1.179188162,1.130627399,0.913336651
12956,214,1,108.07,0.693147181,4.691989878,1.50914054,-0.868813241,-1.400713177
12957,94,4,1715.29,1.609437912,7.447920263,0.001666502,0.593609398,0.85444625
12962,21,1,170.54,0.693147181,5.144816476,-0.915380205,-0.868813241,-1.030168197
12963,273,1,365.8,0.693147181,5.90481674,2.250315276,-0.868813241,-0.408265056
12967,266,2,1660.9,1.098612289,7.415716805,2.16237929,-0.221680914,0.828094375
12968,20,1,135.95,0.693147181,4.919615896,-0.927942489,-0.868813241,-1.214448327
12970,230,2,23.8,1.098612289,3.210843653,1.710137079,-0.221680914,-2.61272524
12971,0,64,8165.32,4.17438727,9.007773658,-1.179188162,4.687331924,2.130863864
12974,105,1,144.8,0.693147181,4.98223582,0.139851622,-0.868813241,-1.163206862
12976,119,1,738.6,0.693147181,6.6061095,0.315723593,-0.868813241,0.165598125
12977,64,1,39.24,0.693147181,3.694861526,-0.375202008,-0.868813241,-2.216656648
12980,65,9,7374.9,2.302585093,8.905973208,-0.362639724,1.699889419,2.047561236
12981,41,1,187.18,0.693147181,5.237398952,-0.664134532,-0.868813241,-0.954408575
12982,150,1,390.54,0.693147181,5.970087681,0.705154386,-0.868813241,-0.354854281
12987,105,1,304.3,0.693147181,5.7212949,0.139851622,-0.868813241,-0.558439753
12988,200,1,505.82,0.693147181,6.228155911,1.333268569,-0.868813241,-0.143678773
12989,65,8,4469.14,2.197224577,8.405175007,-0.362639724,1.531731433,1.637761413
12990,93,2,263.9,1.098612289,5.579352396,-0.010895782,-0.221680914,-0.674590355
12991,20,1,303.56,0.693147181,5.718868112,-0.927942489,-0.868813241,-0.560425577
12993,28,3,372.4,1.386294361,5.922650231,-0.82744422,0.237466779,-0.39367203
12994,28,2,645.47,1.098612289,6.471526793,-0.82744422,-0.221680914,0.055469995
12997,144,2,608.47,1.098612289,6.412589727,0.629780684,-0.221680914,0.007242187
12999,104,3,455.88,1.386294361,6.124420774,0.127289338,0.237466779,-0.228564542
13000,14,3,534.85,1.386294361,6.283854271,-1.003316191,0.237466779,-0.098101176
13001,66,11,8582.57,2.48490665,9.05760519,-0.350077441,1.990879126,2.171640674
13002,226,1,120.95,0.693147181,4.803611125,1.659887944,-0.868813241,-1.309374256
13003,13,3,149.05,1.386294361,5.010968572,-1.015878474,0.237466779,-1.139695042
13004,22,12,3785.09,2.564949357,8.239089103,-0.902817922,2.118629265,1.501854427
13005,81,2,513.7,1.098612289,6.243584207,-0.161643186,-0.221680914,-0.131053901
13008,231,1,229.47,0.693147181,5.440120702,1.722699362,-0.868813241,-0.788522721
13011,280,1,50.55,0.693147181,3.94255221,2.338251261,-0.868813241,-2.013973015
13012,56,4,1012.31,1.609437912,6.920977479,-0.475700277,0.593609398,0.423252489
13013,0,9,3686.09,2.302585093,8.212592808,-1.179188162,1.699889419,1.480172686
13014,21,5,2022.48,1.791759469,7.61257408,-0.915380205,0.884599106,0.989181369
13015,105,4,1763.04,1.609437912,7.475361912,0.139851622,0.593609398,0.876901568
13016,31,1,425.25,0.693147181,6.055026029,-0.789757369,-0.868813241,-0.285349799
13018,0,18,5075.71,2.944438979,8.532418693,-1.179188162,2.724304074,1.741884071
13021,74,4,1152.47,1.609437912,7.050530069,-0.249579171,0.593609398,0.529264509
13023,37,1,291.4,0.693147181,5.678122728,-0.714383667,-0.868813241,-0.593767253
13026,0,3,604.2,1.386294361,6.405558982,-1.179188162,0.237466779,0.001488975
13027,21,6,6912,1.945910149,8.841158976,-0.915380205,1.130627399,1.994524183
13029,46,2,773.2,1.098612289,6.651830238,-0.601323114,-0.221680914,0.2030111
13030,276,1,402.36,0.693147181,5.999829463,2.288002127,-0.868813241,-0.33051678
13033,265,1,190.55,0.693147181,5.255148871,2.149817007,-0.868813241,-0.939883934
13034,277,1,165.86,0.693147181,5.117155137,2.300564411,-0.868813241,-1.052803285
13035,168,1,333,0.693147181,5.811140993,0.931275492,-0.868813241,-0.484919295
13037,46,3,881.07,1.386294361,6.782271418,-0.601323114,0.237466779,0.309750246
13038,91,2,591.76,1.098612289,6.384789595,-0.036020349,-0.221680914,-0.015506475
13043,181,1,516.42,0.693147181,6.248854924,1.09458518,-0.868813241,-0.126740909
13044,199,1,560.47,0.693147181,6.330558344,1.320706285,-0.868813241,-0.059883545
13045,7,1,305.28,0.693147181,5.724499716,-1.091252176,-0.868813241,-0.555817273
13046,174,1,197.72,0.693147181,5.291896799,1.006649194,-0.868813241,-0.909813351
13047,35,8,2682.01,2.197224577,7.894694578,-0.739508234,1.531731433,1.220038687
13048,21,3,1358.55,1.386294361,7.214909042,-0.915380205,0.237466779,0.663774724
13049,226,1,153.78,0.693147181,5.042004754,1.659887944,-0.868813241,-1.114298342
13050,14,13,4509.74,2.63905733,8.414216499,-1.003316191,2.236907419,1.645160006
13052,120,1,348.15,0.693147181,5.855501629,0.328285877,-0.868813241,-0.448619282
13055,121,1,344.86,0.693147181,5.846034069,0.34084816,-0.868813241,-0.456366524
13058,59,1,47.55,0.693147181,3.882594195,-0.438013426,-0.868813241,-2.063036259
13059,157,1,183.4,0.693147181,5.217107311,0.793090372,-0.868813241,-0.971013089
13060,161,1,307.53,0.693147181,5.731819083,0.843339507,-0.868813241,-0.549827884
13062,99,1,346.98,0.693147181,5.852145007,0.06447792,-0.868813241,-0.451365984
13064,60,2,659.25,1.098612289,6.492618551,-0.425451143,-0.221680914,0.07272924
13065,281,1,205.86,0.693147181,5.332042236,2.350813545,-0.868813241,-0.876962608
13068,227,1,165,0.693147181,5.111987788,1.672450228,-0.868813241,-1.057031692
13069,7,20,3870.02,3.044522438,8.261273317,-1.091252176,2.884039746,1.520007621
13070,100,1,228.8,0.693147181,5.437209365,0.077040204,-0.868813241,-0.790905048
13072,174,1,177.15,0.693147181,5.182625892,1.006649194,-0.868813241,-0.999229004
13075,37,1,919.61,0.693147181,6.825036494,-0.714383667,-0.868813241,0.344744622
13077,198,3,576.19,1.386294361,6.358171502,1.308144002,0.237466779,-0.037287883
13078,14,15,6917.15,2.772588722,8.841903672,-1.003316191,2.450026819,1.995133563
13079,48,1,23.8,0.693147181,3.210843653,-0.576198546,-0.868813241,-2.61272524
13080,87,1,58.08,0.693147181,4.078892458,-0.086269484,-0.868813241,-1.902406701
13081,51,8,18870.12,2.197224577,9.84538799,-0.538511696,1.531731433,2.816278078
13082,34,9,3613.63,2.302585093,8.192744778,-0.752070518,1.699889419,1.463931176
13085,65,2,416.08,1.098612289,6.03327805,-0.362639724,-0.221680914,-0.303146025
13089,7,71,43260.74,4.276666119,10.67502392,-1.091252176,4.850571494,3.495163619
13090,44,9,4912.02,2.302585093,8.499644103,-0.626447681,1.699889419,1.715064843
13092,119,4,439.75,1.609437912,6.088477821,0.315723593,0.593609398,-0.25797642
13093,183,8,7832.47,2.197224577,8.966160858,1.119709747,1.531731433,2.096812388
13094,37,10,1545.72,2.397895273,7.343891839,-0.714383667,1.85200682,0.769320485
13097,30,8,4636.51,2.197224577,8.441932863,-0.802319652,1.531731433,1.667840121
13098,2,18,15169.46,2.944438979,9.627105395,-1.154063595,2.724304074,2.637658888
13099,7,1,207.36,0.693147181,5.339267353,-1.091252176,-0.868813241,-0.871050343
13101,142,1,101.19,0.693147181,4.626833826,0.604656117,-0.868813241,-1.45402994
13102,41,19,4961.7,2.995732274,8.509705226,-0.664134532,2.806169439,1.723297794
13104,41,3,376.44,1.386294361,5.933411616,-0.664134532,0.237466779,-0.384866061
13106,41,1,76.5,0.693147181,4.350277936,-0.664134532,-0.868813241,-1.680333777
13107,83,2,935.22,1.098612289,6.841850492,-0.136518619,-0.221680914,0.358503404
13108,280,1,350.06,0.693147181,5.860957149,2.338251261,-0.868813241,-0.444155067
13109,65,1,369.85,0.693147181,5.915797668,-0.362639724,-0.868813241,-0.399279436
13110,45,5,1042.24,1.791759469,6.950086534,-0.613885397,0.884599106,0.447072234
13113,21,20,10787.06,3.044522438,9.286195246,-0.915380205,2.884039746,2.35869439
13115,92,1,878.55,0.693147181,6.779410413,-0.023458066,-0.868813241,0.307409105
13116,46,1,501.14,0.693147181,6.218878965,-0.601323114,-0.868813241,-0.151270035
13117,29,7,841.77,2.079441542,6.736694086,-0.814881936,1.343746799,0.272454619
13118,116,3,799.7,1.386294361,6.685486345,0.278036742,0.237466779,0.230551667
13120,146,1,30.6,0.693147181,3.453157121,0.654905252,-0.868813241,-2.414441748
13121,177,1,283.73,0.693147181,5.651541363,1.044336045,-0.868813241,-0.615518606
13122,2,2,922.39,1.098612289,6.82805168,-1.154063595,-0.221680914,0.347211929
13124,160,2,2516.47,1.098612289,7.831009708,0.830777223,-0.221680914,1.167925784
13126,161,5,1077.42,1.791759469,6.983252286,0.843339507,0.884599106,0.474211548
13130,2,1,64,0.693147181,4.17438727,-1.154063595,-0.868813241,-1.824263934
13131,95,1,324.9,0.693147181,5.786590586,0.014228785,-0.868813241,-0.505008729
13132,169,1,77.3,0.693147181,4.360547603,0.943837776,-0.868813241,-1.671930177
13133,181,2,109.8,1.098612289,4.707726774,1.09458518,-0.221680914,-1.38783578
13134,91,3,885.74,1.386294361,6.787551816,-0.036020349,0.237466779,0.314071161
13135,104,1,3096,0.693147181,8.03818918,0.127289338,-0.868813241,1.337459362
13136,50,3,1226.68,1.386294361,7.112881488,-0.551073979,0.237466779,0.580286258
13137,0,5,1888.32,1.791759469,7.543972255,-1.179188162,0.884599106,0.933044953
13138,41,3,489.45,1.386294361,6.195323337,-0.664134532,0.237466779,-0.170545449
13139,17,3,1710.94,1.386294361,7.445382509,-0.96562934,0.237466779,0.852369623
13140,16,3,422.47,1.386294361,6.048482673,-0.978191623,0.237466779,-0.290704183
13141,122,4,1401.03,1.609437912,7.245676465,0.353410444,0.593609398,0.688951501
13144,240,1,110.95,0.693147181,4.718052343,1.835759915,-0.868813241,-1.379386436
13145,35,2,413.8,1.098612289,6.027796476,-0.739508234,-0.221680914,-0.30763156
13147,7,1,118.8,0.693147181,4.785823686,-1.091252176,-0.868813241,-1.323929599
13148,41,10,2766.01,2.397895273,7.925522594,-0.664134532,1.85200682,1.245265047
13149,14,3,1132.62,1.386294361,7.033171331,-1.003316191,0.237466779,0.515059969
13151,203,1,1257.87,0.693147181,7.137969772,1.37095542,-0.868813241,0.600815833
13155,234,2,569.2,1.098612289,6.345987176,1.760386213,-0.221680914,-0.047258235
13157,49,3,873.2,1.386294361,6.773309182,-0.563636263,0.237466779,0.302416508
13158,2,4,1201.06,1.609437912,7.091792031,-1.154063595,0.593609398,0.563028896
13159,14,2,843.09,1.098612289,6.738259124,-1.003316191,-0.221680914,0.27373528
13161,221,1,112.75,0.693147181,4.734003058,1.597076526,-0.868813241,-1.366334073
13162,30,4,1688.29,1.609437912,7.432063601,-0.802319652,0.593609398,0.841470849
13165,259,1,354.64,0.693147181,5.873918983,2.074443305,-0.868813241,-0.433548485
13166,191,1,417.2,0.693147181,6.035959787,1.220208016,-0.868813241,-0.300951577
13167,38,2,417.55,1.098612289,6.036796357,-0.701821383,-0.221680914,-0.300267017
13168,107,3,953.06,1.386294361,6.860726563,0.164976189,0.237466779,0.373949567
13169,160,1,505.2,0.693147181,6.226931848,0.830777223,-0.868813241,-0.144680415
13171,207,1,140.35,0.693147181,4.951239084,1.421204555,-0.868813241,-1.188571283
13173,275,1,165.94,0.693147181,5.117634466,2.275439843,-0.868813241,-1.052411053
13174,224,2,2034.06,1.098612289,7.618280581,1.634763377,-0.221680914,0.99385096
13178,41,8,4391.73,2.197224577,8.387706181,-0.664134532,1.531731433,1.623466789
13183,9,6,2394.98,1.945910149,7.781547612,-1.066127609,1.130627399,1.127451281
13184,38,9,1472.1,2.302585093,7.295124303,-0.701821383,1.699889419,0.729414336
13185,175,1,71.4,0.693147181,4.282206299,1.019211478,-0.868813241,-1.736036342
13186,1,2,1301.94,1.098612289,7.172378528,-1.166625878,-0.221680914,0.628972289
13187,245,1,236.02,0.693147181,5.468144526,1.898571334,-0.868813241,-0.765591013
13189,23,1,127,0.693147181,4.852030264,-0.890255638,-0.868813241,-1.269753198
13192,3,2,911.94,1.098612289,6.816670161,-1.141501311,-0.221680914,0.337898507
13194,43,1,60.7,0.693147181,4.122283931,-0.639009965,-0.868813241,-1.866899748
13196,170,1,512.13,0.693147181,6.240529224,0.956400059,-0.868813241,-0.133553773
13198,28,5,3009.18,1.791759469,8.009755157,-0.82744422,0.884599106,1.314191991
13199,0,22,4740.16,3.135494216,8.46403711,-1.179188162,3.029232951,1.685927879
13200,34,1,319.32,0.693147181,5.769320496,-0.752070518,-0.868813241,-0.519140728
13203,28,2,309.86,1.098612289,5.73934265,-0.82744422,-0.221680914,-0.543671399
13207,58,1,197.52,0.693147181,5.290889851,-0.45057571,-0.868813241,-0.91063733
13208,63,4,828.82,1.609437912,6.72120881,-0.387764292,0.593609398,0.259783121
13209,36,5,4156.08,1.791759469,8.332568184,-0.72694595,0.884599106,1.578347735
13210,1,1,353.48,0.693147181,5.870651927,-1.166625878,-0.868813241,-0.436221895
13211,3,2,784.64,1.098612289,6.666498672,-1.141501311,-0.221680914,0.215014181
13213,36,4,963.88,1.609437912,6.872003741,-0.72694595,0.593609398,0.383177607
13216,175,1,333.74,0.693147181,5.813354111,1.019211478,-0.868813241,-0.483108315
13217,30,3,533.98,1.386294361,6.282229363,-0.802319652,0.237466779,-0.099430828
13218,35,1,62.64,0.693147181,4.153242203,-0.739508234,-0.868813241,-1.841566801
13220,93,3,726.49,1.386294361,6.589600253,-0.010895782,0.237466779,0.152088719
13221,148,2,847.41,1.098612289,6.74336401,0.680029819,-0.221680914,0.277912573
13223,108,2,163.2,1.098612289,5.101085197,0.177538473,-0.221680914,-1.06595321
13224,59,1,1212.26,0.693147181,7.101066231,-0.438013426,-0.868813241,0.570617912
13225,51,5,4299.56,1.791759469,8.366500526,-0.538511696,0.884599106,1.606114343
13226,181,1,108.21,0.693147181,4.693272634,1.09458518,-0.868813241,-1.399663506
13227,109,1,257.7,0.693147181,5.555669089,0.190100756,-0.868813241,-0.693970247
13229,133,1,160.95,0.693147181,5.087287646,0.491595564,-0.868813241,-1.077243654
13230,46,12,2195.23,2.564949357,7.694497533,-0.601323114,2.118629265,1.056218783
13232,6,5,1019.05,1.791759469,6.927606925,-1.10381446,0.884599106,0.42867732
13233,244,1,304.24,0.693147181,5.721098352,1.88600905,-0.868813241,-0.558600586
13235,120,1,1031.07,0.693147181,6.939321773,0.328285877,-0.868813241,0.438263503
13236,14,1,439.23,0.693147181,6.087297318,-1.003316191,-0.868813241,-0.258942419
13238,71,2,318.85,1.098612289,5.767852136,-0.287266022,-0.221680914,-0.520342277
13239,169,1,329.56,0.693147181,5.800788186,0.943837776,-0.868813241,-0.493390928
13240,4,4,663.65,1.609437912,6.499260586,-1.128939027,0.593609398,0.078164373
13242,20,3,270.4,1.386294361,5.603593747,-0.927942489,0.237466779,-0.654753819
13243,111,1,585.12,0.693147181,6.373524547,0.215225324,-0.868813241,-0.024724589
13244,0,1,121.74,0.693147181,4.810068297,-1.179188162,-0.868813241,-1.304090396
13246,84,5,1838.51,1.791759469,7.517254511,-0.123956335,0.884599106,0.911182002
13248,32,2,465.68,1.098612289,6.145643798,-0.777195085,-0.221680914,-0.211197884
13249,0,3,711.41,1.386294361,6.568653588,-1.179188162,0.237466779,0.134948203
13253,64,2,1030.4,1.098612289,6.938672382,-0.375202008,-0.221680914,0.43773211
13255,281,1,225.7,0.693147181,5.423627558,2.350813545,-0.868813241,-0.802018951
13258,113,1,198.87,0.693147181,5.297667155,0.240349891,-0.868813241,-0.905091507
13261,176,2,944.1,1.098612289,6.851290742,1.031773761,-0.221680914,0.366228298
13262,171,1,200.29,0.693147181,5.304746654,0.968962343,-0.868813241,-0.8992984
13263,16,23,4854.79,3.17805383,8.487927086,-0.978191623,3.097159147,1.705476887
13265,91,3,1450.66,1.386294361,7.280463008,-0.036020349,0.237466779,0.717417097
13266,20,8,2535.58,2.197224577,7.838571996,-0.927942489,1.531731433,1.174113954
13267,0,15,3119.34,2.772588722,8.045697249,-1.179188162,2.450026819,1.343603165
13268,77,6,2117.81,1.945910149,7.658609889,-0.21189232,1.130627399,1.026852164
13269,17,8,2978.5,2.197224577,7.99951078,-0.96562934,1.531731433,1.305809086
13270,274,1,590,0.693147181,6.381816017,2.26287756,-0.868813241,-0.017939734
13273,21,1,138.98,0.693147181,4.941499555,-0.915380205,-0.868813241,-1.196541075
13276,7,1,137.38,0.693147181,4.930003524,-1.091252176,-0.868813241,-1.2059482
13277,24,2,125.9,1.098612289,4.843399375,-0.877693354,-0.221680914,-1.276815797
13280,30,3,798.46,1.386294361,6.6839365,-0.802319652,0.237466779,0.229283439
13282,70,2,773.1,1.098612289,6.651701064,-0.299828306,-0.221680914,0.202905397
13283,93,1,25.5,0.693147181,3.277144733,-0.010895782,-0.868813241,-2.558471509
13284,238,1,201.19,0.693147181,5.309207849,1.810635348,-0.868813241,-0.895647834
13285,69,3,1970.1,1.386294361,7.586347042,-0.31239059,0.237466779,0.967719958
13291,63,1,361.11,0.693147181,5.891948033,-0.387764292,-0.868813241,-0.418795433
13292,192,1,249.57,0.693147181,5.523738323,1.2327703,-0.868813241,-0.72009898
13294,97,2,873.74,1.098612289,6.773926699,0.039353353,-0.221680914,0.302921818
13295,267,1,201.2,0.693147181,5.309257307,2.174941574,-0.868813241,-0.895607363
13296,45,1,87.4,0.693147181,4.48187197,-0.613885397,-0.868813241,-1.572651258
13299,176,1,142.5,0.693147181,4.966335035,1.031773761,-0.868813241,-1.176218367
13300,77,1,371.89,0.693147181,5.92128347,-0.21189232,-0.868813241,-0.394790441
13301,11,4,618.09,1.609437912,6.428250658,-1.041003042,0.593609398,0.020057422
13302,63,1,63.75,0.693147181,4.170533701,-0.387764292,-0.868813241,-1.827417284
13304,259,1,300.42,0.693147181,5.708504641,2.074443305,-0.868813241,-0.568905936
13305,0,8,1471.25,2.197224577,7.294547122,-1.179188162,1.531731433,0.728942033
13307,28,1,15,0.693147181,2.772588722,-0.82744422,-0.868813241,-2.971346323
13308,111,1,814.95,0.693147181,6.704353079,0.215225324,-0.868813241,0.245990189
13309,114,2,546.64,1.098612289,6.305618137,0.252912175,-0.221680914,-0.080291951
13310,114,2,817.65,1.098612289,6.707656642,0.252912175,-0.221680914,0.248693473
13311,58,1,490.11,0.693147181,6.196668135,-0.45057571,-0.868813241,-0.169445009
13313,49,3,918.34,1.386294361,6.823656021,-0.563636263,0.237466779,0.34361499
13316,39,2,3535.18,1.098612289,8.170802327,-0.689259099,-0.221680914,1.445975815
13317,106,5,1313.98,1.791759469,7.181576735,0.152413906,0.884599106,0.63649912
13319,21,18,6897.07,2.944438979,8.838996941,-0.915380205,2.724304074,1.992755004
13320,14,3,981.15,1.386294361,6.889744046,-1.003316191,0.237466779,0.39769438
13324,111,7,3798.99,2.079441542,8.242753714,0.215225324,1.343746799,1.504853154
13327,20,7,2738.75,2.079441542,7.915621954,-0.927942489,1.343746799,1.23716342
13328,224,1,1308.48,0.693147181,7.177385391,1.634763377,-0.868813241,0.633069371
13329,274,1,304.2,0.693147181,5.720967299,2.26287756,-0.868813241,-0.558707826
13330,0,3,1140.93,1.386294361,7.040475092,-1.179188162,0.237466779,0.521036588
13334,98,2,2708.59,1.098612289,7.904552611,0.051915636,-0.221680914,1.22810545
13338,65,1,437.02,0.693147181,6.082264571,-0.362639724,-0.868813241,-0.263060681
13339,108,1,860.12,0.693147181,6.758233868,0.177538473,-0.868813241,0.290080479
13340,13,5,9229.54,1.791759469,9.130272831,-1.015878474,0.884599106,2.231104119
13341,168,1,775.85,0.693147181,6.655247282,0.931275492,-0.868813241,0.205807243
13343,85,1,303.43,0.693147181,5.718441176,-0.111394051,-0.868813241,-0.560774936
13344,185,1,1656.15,0.693147181,7.412854538,1.144834314,-0.868813241,0.825752201
13345,195,1,339.5,0.693147181,5.830415126,1.270457151,-0.868813241,-0.469147401
13355,30,1,674.7,0.693147181,6.515749191,-0.802319652,-0.868813241,0.091656887
13357,165,1,609.4,0.693147181,6.41411448,0.893588641,-0.868813241,0.008489882
13358,176,1,389.03,0.693147181,5.966223659,1.031773761,-0.868813241,-0.358016185
13362,153,2,1581.53,1.098612289,7.366780111,0.742841237,-0.221680914,0.788049805
13365,125,1,700.6,0.693147181,6.553363441,0.391097295,-0.868813241,0.122436377
13368,164,2,573.4,1.098612289,6.353326018,0.881026357,-0.221680914,-0.04125291
13369,273,1,258.28,0.693147181,5.557908559,2.250315276,-0.868813241,-0.692137704
13370,279,1,754.87,0.693147181,6.627869404,2.325688978,-0.868813241,0.183404109
13373,66,2,2055.58,1.098612289,7.628799688,-0.350077441,-0.221680914,1.002458675
13376,7,3,869.76,1.386294361,6.769366394,-1.091252176,0.237466779,0.299190151
13379,44,1,136.29,0.693147181,4.922095477,-0.626447681,-0.868813241,-1.212419302
13381,21,4,2461.33,1.609437912,7.808863335,-0.915380205,0.593609398,1.149803555
13382,188,1,222.99,0.693147181,5.411601408,1.182521165,-0.868813241,-0.811859868
13384,36,2,1755.84,1.098612289,7.47127202,-0.72694595,-0.221680914,0.873554836
13385,237,1,534.57,0.693147181,6.2833316,1.798073064,-0.868813241,-0.098528875
13388,39,2,677.1,1.098612289,6.51929477,-0.689259099,-0.221680914,0.094558211
13389,140,1,257.89,0.693147181,5.556403261,0.57953155,-0.868813241,-0.693369479
13391,111,1,59.8,0.693147181,4.107589789,0.215225324,-0.868813241,-1.878923867
13394,23,5,1543.45,1.791759469,7.342423139,-0.890255638,0.884599106,0.768118658
13395,93,1,307.72,0.693147181,5.732434717,-0.010895782,-0.868813241,-0.549324114
13396,227,1,387.27,0.693147181,5.961700974,1.672450228,-0.868813241,-0.361717068
13397,18,4,1228.19,1.609437912,7.114110695,-0.953067056,0.593609398,0.58129211
13398,100,1,457.34,0.693147181,6.127611267,0.077040204,-0.868813241,-0.225953783
13402,35,2,621.23,1.098612289,6.433309799,-0.739508234,-0.221680914,0.024197284
13404,120,1,217.81,0.693147181,5.388203773,0.328285877,-0.868813241,-0.831005997
13405,112,2,557.45,1.098612289,6.325165089,0.227787607,-0.221680914,-0.06429681
13408,7,41,17836.68,3.737669618,9.789068353,-1.091252176,3.990319766,2.770192095
13410,95,3,545.04,1.386294361,6.302692233,0.014228785,0.237466779,-0.082686198
13411,15,1,213.55,0.693147181,5.368542811,-0.990753907,-0.868813241,-0.84709443
13414,41,3,1390.5,1.386294361,7.238137581,-0.664134532,0.237466779,0.682782482
13417,113,1,236,0.693147181,5.468060141,0.240349891,-0.868813241,-0.765660064
13418,6,15,4744.13,2.772588722,8.464874108,-1.10381446,2.450026819,1.686612789
13420,57,2,159.85,1.098612289,5.080472254,-0.463137994,-0.221680914,-1.082820644
13421,198,1,825.04,0.693147181,6.716643198,1.308144002,-0.868813241,0.256047112
13425,16,3,1624.21,1.386294361,7.393392317,-0.978191623,0.237466779,0.809826396
13426,90,5,1558.68,1.791759469,7.352235951,-0.048582633,0.884599106,0.776148416
13427,28,2,464.86,1.098612289,6.14388516,-0.82744422,-0.221680914,-0.212636965
13434,4,1,72.84,0.693147181,4.30190059,-1.128939027,-0.868813241,-1.719920636
13435,18,3,1088.12,1.386294361,6.99312531,-0.953067056,0.237466779,0.482290577
13437,7,4,2173.6,1.609437912,7.684600019,-1.091252176,0.593609398,1.048119713
13439,163,1,283.71,0.693147181,5.651471118,0.868464074,-0.868813241,-0.615576087
13448,126,4,1423.26,1.609437912,7.26140766,0.403659579,0.593609398,0.701824232
13450,32,4,1421.46,1.609437912,7.260143046,-0.777195085,0.593609398,0.700789407
13451,34,4,2385.5,1.609437912,7.777583136,-0.752070518,0.593609398,1.124207177
13452,167,2,590,1.098612289,6.381816017,0.918713208,-0.221680914,-0.017939734
13453,73,2,356.98,1.098612289,5.880477119,-0.262141455,-0.221680914,-0.428182006
13455,274,1,692.94,0.693147181,6.542385501,2.26287756,-0.868813241,0.113453203
13456,63,3,855.06,1.386294361,6.752340467,-0.387764292,0.237466779,0.285257949
13458,7,10,7678.42,2.397895273,8.946299302,-1.091252176,1.85200682,2.08055981
13461,46,2,884.2,1.098612289,6.785813608,-0.601323114,-0.221680914,0.312648796
13462,160,1,151.5,0.693147181,5.027164596,0.830777223,-0.868813241,-1.126441944
13466,92,1,307.9,0.693147181,5.7330176,-0.023458066,-0.868813241,-0.548847145
13468,0,29,4739.02,3.401197382,8.463796634,-1.179188162,3.453301766,1.685731099
13470,7,2,165,1.098612289,5.111987788,-1.091252176,-0.221680914,-1.057031692
13473,240,1,241.26,0.693147181,5.49001153,1.835759915,-0.868813241,-0.74769739
13474,144,1,226.84,0.693147181,5.428643628,0.629780684,-0.868813241,-0.797914333
13475,99,4,1431.78,1.609437912,7.267371892,0.06447792,0.593609398,0.706704724
13476,86,2,1238.47,1.098612289,7.122439148,-0.098831768,-0.221680914,0.588107227
13477,46,4,899.55,1.609437912,6.803005688,-0.601323114,0.593609398,0.32671696
13479,108,2,300.95,1.098612289,5.710261441,0.177538473,-0.221680914,-0.567468358
13481,16,4,1361.33,1.609437912,7.216951748,-0.978191623,0.593609398,0.665446257
13482,140,1,184.64,0.693147181,5.223809314,0.57953155,-0.868813241,-0.965528884
13484,149,1,313.8,0.693147181,5.751937517,0.692592103,-0.868813241,-0.533365104
13485,141,1,454.24,0.693147181,6.120824752,0.592093833,-0.868813241,-0.231507143
13486,36,2,819.61,1.098612289,6.710047966,-0.72694595,-0.221680914,0.250650278
13487,121,2,408.8,1.098612289,6.015669236,0.34084816,-0.221680914,-0.3175552
13488,28,9,6596.38,2.302585093,8.79442788,-0.82744422,1.699889419,1.956284439
13489,13,4,449.52,1.609437912,6.110402471,-1.015878474,0.593609398,-0.240035626
13491,55,9,1088.45,2.302585093,6.993428261,-0.488262561,1.699889419,0.48253848
13492,44,3,1269.84,1.386294361,7.147433378,-0.626447681,0.237466779,0.608559839
13493,183,2,498.63,1.098612289,6.213867824,1.119709747,-0.221680914,-0.155370618
13494,219,1,316.26,0.693147181,5.759721627,1.571951959,-0.868813241,-0.526995418
13495,140,3,1072.43,1.386294361,6.978614408,0.57953155,0.237466779,0.470416403
13496,267,1,501.01,0.693147181,6.21862004,2.174941574,-0.868813241,-0.151481912
13497,190,2,348.05,1.098612289,5.855215178,1.207645733,-0.221680914,-0.448853683
13499,133,2,463.79,1.098612289,6.141585691,0.491595564,-0.221680914,-0.214518606
13500,30,1,326.4,0.693147181,5.791182665,-0.802319652,-0.868813241,-0.501251061
13501,196,1,1340.32,0.693147181,7.201409483,1.283019434,-0.868813241,0.652728125
13502,182,2,189.16,1.098612289,5.247865823,1.107147463,-0.221680914,-0.945843604
13505,74,3,2143.12,1.386294361,7.670484491,-0.249579171,0.237466779,1.036569071
13506,224,2,458.52,1.098612289,6.130182466,1.634763377,-0.221680914,-0.223849788
13507,6,3,2022.79,1.386294361,7.61272727,-1.10381446,0.237466779,0.989306723
13508,151,1,110.97,0.693147181,4.718230978,0.71771667,-0.868813241,-1.37924026
13509,7,4,690.02,1.609437912,6.538168767,-1.091252176,0.593609398,0.110002677
13510,3,2,897.81,1.098612289,6.801071666,-1.141501311,-0.221680914,0.325134363
13512,168,1,251.21,0.693147181,5.530262074,0.931275492,-0.868813241,-0.714760638
13513,34,1,205.1,0.693147181,5.328361488,-0.752070518,-0.868813241,-0.879974539
13515,25,3,523.96,1.386294361,6.263322069,-0.865131071,0.237466779,-0.11490254
13516,146,1,146,0.693147181,4.990432587,0.654905252,-0.868813241,-1.156499502
13517,14,2,1612.18,1.098612289,7.385962665,-1.003316191,-0.221680914,0.803746761
13520,45,5,2387.98,1.791759469,7.778621776,-0.613885397,0.884599106,1.125057089
13523,107,3,2369.24,1.386294361,7.770746495,0.164976189,0.237466779,1.118612799
13524,9,3,408.86,1.386294361,6.015815638,-1.066127609,0.237466779,-0.3174354
13525,156,1,282.88,0.693147181,5.648551614,0.780528088,-0.868813241,-0.617965098
13527,13,4,1362.52,1.609437912,7.21782487,-1.015878474,0.593609398,0.666160727
13529,112,1,181.1,0.693147181,5.204555987,0.227787607,-0.868813241,-0.981283754
13531,113,2,483.8,1.098612289,6.183736435,0.240349891,-0.221680914,-0.180026933
13533,90,3,269.09,1.386294361,5.598755237,-0.048582633,0.237466779,-0.65871314
13534,15,21,4371.53,3.091042453,8.383097068,-0.990753907,2.95828684,1.619695183
13538,2,6,990.75,1.945910149,6.899471059,-1.154063595,1.130627399,0.40565393
13539,148,2,315.65,1.098612289,5.757797063,0.680029819,-0.221680914,-0.528570276
13544,148,1,113.01,0.693147181,4.736286164,0.680029819,-0.868813241,-1.364465822
13546,108,1,182.26,0.693147181,5.21090591,0.177538473,-0.868813241,-0.976087654
13548,4,2,678.16,1.098612289,6.52085674,-1.128939027,-0.221680914,0.095836361
13549,50,5,762.05,1.791759469,6.63732356,-0.551073979,0.884599106,0.191140382
13551,227,1,91.8,0.693147181,4.53044664,1.672450228,-0.868813241,-1.53290293
13552,31,9,2762.91,2.302585093,7.924401623,-0.789757369,1.699889419,1.244347764
13555,109,2,1590.05,1.098612289,7.372149455,0.190100756,-0.221680914,0.792443503
13557,188,1,240.68,0.693147181,5.487614537,1.182521165,-0.868813241,-0.749658833
13561,123,1,141.86,0.693147181,4.96186513,0.365972728,-0.868813241,-1.179876061
13562,49,2,1209.73,1.098612289,7.098978762,-0.563636263,-0.221680914,0.56890975
13563,48,1,310.88,0.693147181,5.742618498,-0.576198546,-0.868813241,-0.540990794
13564,52,3,1724.67,1.386294361,7.45337066,-0.525949412,0.237466779,0.858906273
13565,242,1,110.18,0.693147181,4.71115051,1.860884483,-0.868813241,-1.38503416
13568,81,1,187.05,0.693147181,5.236707885,-0.161643186,-0.868813241,-0.95497407
13569,275,1,109.82,0.693147181,4.707907263,2.275439843,-0.868813241,-1.387688087
13570,151,1,239.49,0.693147181,5.482678509,0.71771667,-0.868813241,-0.753697952
13571,0,7,1083.83,2.079441542,6.989178572,-1.179188162,1.343746799,0.479060988
13572,113,1,1384.25,0.693147181,7.233635908,0.240349891,-0.868813241,0.679098793
13573,161,1,31.77,0.693147181,3.489513463,0.843339507,-0.868813241,-2.384691596
13575,41,2,218.75,1.098612289,5.392490537,-0.664134532,-0.221680914,-0.827498167
13576,4,13,4840.94,2.63905733,8.485070746,-1.128939027,2.236907419,1.703139563
13577,0,3,1193.8,1.386294361,7.085734086,-1.179188162,0.237466779,0.55807172
13579,277,1,164.7,0.693147181,5.110178924,2.300564411,-0.868813241,-1.058511874
13581,217,1,118,0.693147181,4.779123493,1.546827391,-0.868813241,-1.329412322
13583,63,1,781.03,0.693147181,6.661893103,-0.387764292,-0.868813241,0.211245475
13584,214,1,142.4,0.693147181,4.965637928,1.50914054,-0.868813241,-1.176788805
13588,7,4,1420.72,1.609437912,7.259622685,-1.091252176,0.593609398,0.700363599
13589,87,1,147,0.693147181,4.997212274,-0.086269484,-0.868813241,-1.150951729
13590,58,4,1116.38,1.609437912,7.018741938,-0.45057571,0.593609398,0.503252493
13591,112,2,776.23,1.098612289,6.655736317,0.227787607,-0.221680914,0.206207418
13592,113,3,205.51,1.386294361,5.330348837,0.240349891,0.237466779,-0.878348304
13593,16,5,2011.88,1.791759469,7.607321811,-0.978191623,0.884599106,0.984883472
13599,64,8,2313.84,2.197224577,7.74709585,-0.375202008,1.531731433,1.099259634
13600,220,1,219.52,0.693147181,5.395988394,1.584514242,-0.868813241,-0.824635894
13601,119,1,373.2,0.693147181,5.924790414,0.315723593,-0.868813241,-0.391920733
13606,151,2,246.63,1.098612289,5.511935697,0.71771667,-0.221680914,-0.72975699
13610,18,5,764.76,1.791759469,6.640868805,-0.953067056,0.884599106,0.194041432
13611,78,2,636.72,1.098612289,6.457899316,-0.199330037,-0.221680914,0.044318721
13614,72,2,778.88,1.098612289,6.659140062,-0.274703739,-0.221680914,0.208992679
13615,226,1,417.69,0.693147181,6.037130789,1.659887944,-0.868813241,-0.299993354
13617,21,2,365.7,1.098612289,5.904544075,-0.915380205,-0.221680914,-0.408488176
13618,81,1,177.34,0.693147181,5.183691841,-0.161643186,-0.868813241,-0.998356745
13621,24,1,213.85,0.693147181,5.36994011,-0.877693354,-0.868813241,-0.84595103
13623,118,4,539.17,1.609437912,6.291883905,0.303161309,0.593609398,-0.091530581
13626,160,1,257.23,0.693147181,5.553850661,0.830777223,-0.868813241,-0.695458255
13627,84,3,1027,1.386294361,6.935370446,-0.123956335,0.237466779,0.435030158
13629,7,8,5718.36,2.197224577,8.65161219,-1.091252176,1.531731433,1.839419314
13630,13,5,1361.46,1.791759469,7.217047168,-1.015878474,0.884599106,0.665524338
13631,7,11,3070.42,2.48490665,8.029895274,-1.091252176,1.990879126,1.330672514
13632,81,3,812.26,1.386294361,6.701050862,-0.161643186,0.237466779,0.243288007
13634,14,3,755.97,1.386294361,6.629323623,-1.003316191,0.237466779,0.184594086
13636,30,4,646.55,1.609437912,6.473196011,-0.802319652,0.593609398,0.056835904
13637,95,2,678.65,1.098612289,6.52157796,0.014228785,-0.221680914,0.09642653
13642,123,1,312.28,0.693147181,5.747097359,0.365972728,-0.868813241,-0.537325772
13643,6,2,259.4,1.098612289,5.56221891,-1.10381446,-0.221680914,-0.688610572
13644,13,1,851.09,0.693147181,6.747692155,-1.015878474,-0.868813241,0.281454266
13645,28,1,252.1,0.693147181,5.533784668,-0.82744422,-0.868813241,-0.711878123
13647,83,2,803.86,1.098612289,6.690668349,-0.136518619,-0.221680914,0.234792067
13649,164,2,346.6,1.098612289,5.851052393,0.881026357,-0.221680914,-0.452260062
13650,115,2,745.52,1.098612289,6.615422408,0.265474458,-0.221680914,0.173218816
13652,164,2,638.24,1.098612289,6.460279971,0.881026357,-0.221680914,0.046266795
13654,53,4,1714.27,1.609437912,7.447325782,-0.513387128,0.593609398,0.85395979
13655,22,2,932.97,1.098612289,6.839444318,-0.902817922,-0.221680914,0.356534448
13656,72,2,379.65,1.098612289,5.941880318,-0.274703739,-0.221680914,-0.377936178
13657,109,1,152.34,0.693147181,5.032657678,0.190100756,-0.868813241,-1.121946992
13658,112,1,933.3,0.693147181,6.839797586,0.227787607,-0.868813241,0.356823525
13659,113,2,1563,1.098612289,7.355001921,0.240349891,-0.221680914,0.778411791
13662,120,2,516.44,1.098612289,6.248893576,0.328285877,-0.221680914,-0.126709279
13663,87,1,189.47,0.693147181,5.249494702,-0.086269484,-0.868813241,-0.944510703
13666,195,2,64.05,1.098612289,4.175156205,1.270457151,-0.221680914,-1.82363472
13667,57,1,299.05,0.693147181,5.703949127,-0.463137994,-0.868813241,-0.572633682
13668,21,16,4900.97,2.833213344,8.497392444,-0.915380205,2.546785213,1.713222326
13669,57,1,48.15,0.693147181,3.894876847,-0.463137994,-0.868813241,-2.052985447
13672,209,2,186.39,1.098612289,5.233192007,1.446329122,-0.221680914,-0.95785109
13675,59,2,486.82,1.098612289,6.189946485,-0.438013426,-0.221680914,-0.17494529
13678,59,1,232.6,0.693147181,5.453610251,-0.438013426,-0.868813241,-0.777484313
13680,245,2,2391.59,1.098612289,7.78013174,1.898571334,-0.221680914,1.126292683
13681,63,1,203.46,0.693147181,5.320372357,-0.387764292,-0.868813241,-0.886511991
13682,95,1,59.5,0.693147181,4.102643365,0.014228785,-0.868813241,-1.882971492
13684,193,1,65.13,0.693147181,4.191622502,1.245332583,-0.868813241,-1.810160459
13686,90,1,72,0.693147181,4.290459441,-0.048582633,-0.868813241,-1.729282852
13692,121,2,871.58,1.098612289,6.77145434,0.34084816,-0.221680914,0.300898703
13694,15,39,45911.64,3.688879454,10.73449574,-0.990753907,3.912449459,3.543829011
13695,6,12,1767.07,2.564949357,7.477643835,-1.10381446,2.118629265,0.87876885
13699,63,1,308.58,0.693147181,5.73521654,-0.387764292,-0.868813241,-0.547047767
13700,0,8,1634.77,2.197224577,7.39986892,-1.179188162,1.531731433,0.815126157
13703,226,1,99.5,0.693147181,4.610157727,1.659887944,-0.868813241,-1.467675879
13705,52,2,522.68,1.098612289,6.260880811,-0.525949412,-0.221680914,-0.116900206
13706,210,1,330.79,0.693147181,5.804502239,1.458891406,-0.868813241,-0.490351743
13707,175,2,806.41,1.098612289,6.693831594,1.019211478,-0.221680914,0.237380528
13708,179,1,285.33,0.693147181,5.657144992,1.069460612,-0.868813241,-0.610933194
13709,9,5,2918.81,1.791759469,7.979273825,-1.066127609,0.884599106,1.28924932
13711,126,2,252.06,1.098612289,5.533626615,0.403659579,-0.221680914,-0.712007457
13712,154,1,228.84,0.693147181,5.437383415,0.755403521,-0.868813241,-0.790762625
13715,189,5,1077.39,1.791759469,6.983224467,1.195083449,0.884599106,0.474188784
13716,177,1,138.28,0.693147181,4.936486295,1.044336045,-0.868813241,-1.200643392
13717,36,4,955.99,1.609437912,6.863792942,-0.72694595,0.593609398,0.376458764
13718,154,2,306.55,1.098612289,5.728637676,0.755403521,-0.221680914,-0.552431208
13719,113,2,338.74,1.098612289,5.828180619,0.240349891,-0.221680914,-0.470975882
13720,24,4,799.9,1.609437912,6.685736095,-0.877693354,0.593609398,0.230756036
13722,39,3,2375.41,1.386294361,7.773346225,-0.689259099,0.237466779,1.12074014
13723,125,1,199.85,0.693147181,5.302558361,0.391097295,-0.868813241,-0.901089066
13725,77,7,1865.7,2.079441542,7.531927445,-0.21189232,1.343746799,0.923188766
13726,8,1,292.68,0.693147181,5.682490739,-1.078689893,-0.868813241,-0.590192938
13728,15,5,797.02,1.791759469,6.68213366,-0.990753907,0.884599106,0.227808187
13730,43,2,752.6,1.098612289,6.624861723,-0.639009965,-0.221680914,0.180942944
13731,127,2,610.59,1.098612289,6.416062123,0.416221862,-0.221680914,0.010083626
13735,83,2,1409.69,1.098612289,7.251834225,-0.136518619,-0.221680914,0.693990355
13736,168,1,357.53,0.693147181,5.882012339,0.931275492,-0.868813241,-0.426925746
13737,108,1,339.6,0.693147181,5.830708768,0.177538473,-0.868813241,-0.468907115
13740,148,1,350.75,0.693147181,5.862920696,0.680029819,-0.868813241,-0.44254831
13741,91,2,363.13,1.098612289,5.897510947,-0.036020349,-0.221680914,-0.414243338
13742,70,10,2632.57,2.397895273,7.876095619,-0.299828306,1.85200682,1.204819284
13743,15,5,912.12,1.791759469,6.816867307,-0.990753907,0.884599106,0.338059831
13744,3,2,1080.52,1.098612289,6.986122738,-1.141501311,-0.221680914,0.476560419
13745,70,1,300.04,0.693147181,5.707243146,-0.299828306,-0.868813241,-0.569938209
13747,281,1,79.6,0.693147181,4.38949865,2.350813545,-0.868813241,-1.648239729
13748,3,5,948.25,1.791759469,6.855672199,-1.141501311,0.884599106,0.369813615
13750,48,4,1316.63,1.609437912,7.183589947,-0.576198546,0.593609398,0.638146518
13751,196,1,296.25,0.693147181,5.694573536,1.283019434,-0.868813241,-0.580305666
13752,32,6,1175.38,1.945910149,7.070197206,-0.777195085,1.130627399,0.545357995
13753,195,1,741.26,0.693147181,6.609699586,1.270457151,-0.868813241,0.168535868
13754,59,2,282.6,1.098612289,5.647564795,-0.438013426,-0.221680914,-0.618772605
13756,1,8,2972.33,2.197224577,7.997437816,-1.166625878,1.531731433,1.304112793
13758,109,5,2351.52,1.791759469,7.763242373,0.190100756,0.884599106,1.112472226
13760,164,1,135.09,0.693147181,4.913316432,0.881026357,-0.868813241,-1.219603137
13761,87,1,491.71,0.693147181,6.199920766,-0.086269484,-0.868813241,-0.166783403
13762,126,1,306.72,0.693147181,5.729190279,0.403659579,-0.868813241,-0.551979017
13764,52,2,943.29,1.098612289,6.850433322,-0.525949412,-0.221680914,0.365526677
13767,16,28,9676.37,3.36729583,9.177545449,-0.978191623,3.399194052,2.269786987
13769,0,8,2176.62,2.197224577,7.685987816,-1.179188162,1.531731433,1.049255339
13771,107,2,1464.85,1.098612289,7.290190558,0.164976189,-0.221680914,0.725377086
13772,4,2,682.97,1.098612289,6.527914057,-1.128939027,-0.221680914,0.101611316
13777,37,24,12360.24,3.218875825,9.42232105,-0.714383667,3.162312058,2.470085226
13778,11,1,178.7,0.693147181,5.191288794,-1.041003042,-0.868813241,-0.992140209
13780,78,1,116.28,0.693147181,4.764564238,-0.199330037,-0.868813241,-1.341326063
13781,158,1,127.84,0.693147181,4.858571324,0.805652656,-0.868813241,-1.264400692
13782,32,3,484.79,1.386294361,6.185776432,-0.777195085,0.237466779,-0.178357617
13784,2,9,2124.15,2.302585093,7.661597667,-1.154063595,1.699889419,1.029297042
13786,275,1,230.4,0.693147181,5.444147815,2.275439843,-0.868813241,-0.785227361
13787,272,1,106.4,0.693147181,4.676560182,2.237752992,-0.868813241,-1.413339194
13791,35,2,1516,1.098612289,7.324489979,-0.739508234,-0.221680914,0.753444073
13792,195,1,74.6,0.693147181,4.325456283,1.270457151,-0.868813241,-1.70064517
13798,1,42,29161.14,3.761200116,10.28062657,-1.166625878,4.027875021,3.172430902
13799,24,2,688.86,1.098612289,6.536488678,-0.877693354,-0.221680914,0.108627872
13800,217,1,558.32,0.693147181,6.32672176,1.546827391,-0.868813241,-0.063022996
13802,46,3,4599.42,1.386294361,8.433902883,-0.601323114,0.237466779,1.661269242
13803,163,1,277.07,0.693147181,5.627872881,0.868464074,-0.868813241,-0.634886367
13804,4,4,1526.01,1.609437912,7.331066854,-1.128939027,0.593609398,0.758825886
13805,37,1,500.24,0.693147181,6.217085028,-0.714383667,-0.868813241,-0.152738002
13807,275,1,112.6,0.693147181,4.732683506,2.275439843,-0.868813241,-1.367413853
13808,1,2,723.1,1.098612289,6.584929504,-1.166625878,-0.221680914,0.148266676
13809,213,1,155.05,0.693147181,5.050176469,1.496578257,-0.868813241,-1.107611482
13811,91,3,742.5,1.386294361,6.611368766,-0.036020349,0.237466779,0.169901747
13812,13,1,260.74,0.693147181,5.567351645,-1.015878474,-0.868813241,-0.68441049
13813,42,1,331.14,0.693147181,5.805556567,-0.651572248,-0.868813241,-0.489488993
13814,0,2,1579.12,1.098612289,7.365256073,-1.179188162,-0.221680914,0.786802695
13815,80,2,2689.75,1.098612289,7.897575244,-0.17420547,-0.221680914,1.222395918
13817,259,1,110.7,0.693147181,4.715816706,2.074443305,-0.868813241,-1.381215843
13819,209,3,1140.35,1.386294361,7.039967051,1.446329122,0.237466779,0.520620861
13821,52,2,385.64,1.098612289,5.957494028,-0.525949412,-0.221680914,-0.365159584
13824,43,4,1429.84,1.609437912,7.266016963,-0.639009965,0.593609398,0.705595995
13826,84,1,189.5,0.693147181,5.249652195,-0.123956335,-0.868813241,-0.944381828
13827,41,2,300.76,1.098612289,5.709631999,-0.664134532,-0.221680914,-0.567983426
13831,46,4,1450.85,1.609437912,7.280593884,-0.601323114,0.593609398,0.717524192
13833,67,1,383.85,0.693147181,5.952853648,-0.337515157,-0.868813241,-0.368956776
13835,63,2,537.34,1.098612289,6.288490331,-0.387764292,-0.221680914,-0.09430752
13837,119,2,266.59,1.098612289,5.589455958,0.315723593,-0.221680914,-0.666322678
13838,25,3,467.54,1.386294361,6.149621477,-0.865131071,0.237466779,-0.207942975
13841,160,1,85,0.693147181,4.454347296,0.830777223,-0.868813241,-1.595174514
13842,63,7,2165.27,2.079441542,7.680762074,-0.387764292,1.343746799,1.044979148
13846,150,2,663.93,1.098612289,6.499681772,0.705154386,-0.221680914,0.078509026
13848,0,3,1255,1.386294361,7.135687347,-1.179188162,0.237466779,0.59894814
13849,78,1,593.58,0.693147181,6.387855274,-0.199330037,-0.868813241,-0.01299785
13850,37,1,1595.48,0.693147181,7.375556485,-0.714383667,-0.868813241,0.795231453
13851,3,3,2651.46,1.386294361,7.88324279,-1.141501311,0.237466779,1.210667766
13854,0,20,6469.16,3.044522438,8.774956117,-1.179188162,2.884039746,1.940350825
13856,76,3,388.5,1.386294361,5.964863865,-0.224454604,0.237466779,-0.359128895
13859,234,1,201.16,0.693147181,5.309059463,1.760386213,-0.868813241,-0.895769257
13862,16,6,1781.3,1.945910149,7.485659944,-0.978191623,1.130627399,0.885328379
13863,155,1,305.78,0.693147181,5.726130878,0.767965805,-0.868813241,-0.554482504
13865,44,3,383.34,1.386294361,5.951527578,-0.626447681,0.237466779,-0.37004189
13867,126,1,138.85,0.693147181,4.94057042,0.403659579,-0.868813241,-1.19730138
13869,31,4,3083.65,1.609437912,8.034193478,-0.789757369,0.593609398,1.334189706
13870,9,5,2179.47,1.791759469,7.687295729,-1.066127609,0.884599106,1.050325595
13871,0,9,4612.64,2.302585093,8.436772412,-1.179188162,1.699889419,1.663617359
13873,27,3,389.6,1.386294361,5.967684018,-0.840006503,0.237466779,-0.356821182
13874,266,1,540.45,0.693147181,6.294250726,2.16237929,-0.868813241,-0.089593827
13875,41,4,1424.8,1.609437912,7.262488339,-0.664134532,0.593609398,0.702708545
13880,53,8,1680.76,2.197224577,7.427596143,-0.513387128,1.531731433,0.837815158
13881,3,11,9398.68,2.48490665,9.148430925,-1.141501311,1.990879126,2.245962767
13883,126,4,1742.78,1.609437912,7.46381045,0.403659579,0.593609398,0.867449083
13884,185,3,196.25,1.386294361,5.28447196,1.144834314,0.237466779,-0.915889047
13885,97,2,506.8,1.098612289,6.230087669,0.039353353,-0.221680914,-0.142098028
13887,112,1,349.55,0.693147181,5.85950335,0.227787607,-0.868813241,-0.445344701
13888,27,2,595.67,1.098612289,6.391364197,-0.840006503,-0.221680914,-0.010126522
13889,0,1,416.9,0.693147181,6.035242169,-1.179188162,-0.868813241,-0.301538799
13890,15,2,501.11,1.098612289,6.218819219,-0.990753907,-0.221680914,-0.151318925
13892,154,1,54.52,0.693147181,4.016743316,0.755403521,-0.868813241,-1.953262929
13893,205,1,821.1,0.693147181,6.711862042,1.396079987,-0.868813241,0.252134724
13894,218,1,160.85,0.693147181,5.08666998,1.559389675,-0.868813241,-1.077749085
13895,51,2,937.3,1.098612289,6.844069727,-0.538511696,-0.221680914,0.36031939
13898,233,1,155.93,0.693147181,5.055799846,1.74782393,-0.868813241,-1.10300991
13899,182,1,298.5,0.693147181,5.702114418,1.107147463,-0.868813241,-0.574135013
13900,91,3,740.95,1.386294361,6.609281855,-0.036020349,0.237466779,0.168194042
13901,15,4,2652.28,1.609437912,7.883551889,-0.990753907,0.593609398,1.2109207
13904,202,1,201.12,0.693147181,5.30886158,1.358393136,-0.868813241,-0.895931183
13908,34,3,1411.61,1.386294361,7.253194336,-0.752070518,0.237466779,0.695103324
13911,52,8,2437.63,2.197224577,7.799191685,-0.525949412,1.531731433,1.141889308
13917,99,1,65.38,0.693147181,4.195395806,0.06447792,-0.868813241,-1.807072789
13918,161,1,198.2,0.693147181,5.294309345,0.843339507,-0.868813241,-0.90783918
13919,29,1,195.15,0.693147181,5.278879673,-0.814881936,-0.868813241,-0.920465178
13922,259,1,172.25,0.693147181,5.154735638,2.074443305,-0.868813241,-1.022051412
13925,0,4,678.25,1.609437912,6.520989248,-1.179188162,0.593609398,0.095944792
13928,14,2,225.45,1.098612289,5.42252417,-1.003316191,-0.221680914,-0.802921845
13929,77,2,842.65,1.098612289,6.737737717,-0.21189232,-0.221680914,0.273308615
13930,44,1,210,0.693147181,5.351858133,-0.626447681,-0.868813241,-0.860747391
13931,3,2,1237.53,1.098612289,7.121680471,-1.141501311,-0.221680914,0.587486407
13932,202,1,307.4,0.693147181,5.731397642,1.358393136,-0.868813241,-0.550172746
13933,17,2,608.79,1.098612289,6.413114636,-0.96562934,-0.221680914,0.007671716
13934,171,1,922.1,0.693147181,6.827737571,0.968962343,-0.868813241,0.346954895
13936,87,1,376.58,0.693147181,5.933782467,-0.086269484,-0.868813241,-0.384562596
13937,77,1,158.85,0.693147181,5.074235876,-0.21189232,-0.868813241,-1.08792383
13939,16,2,390.21,1.098612289,5.9692445,-0.978191623,-0.221680914,-0.355544251
13940,24,2,391.06,1.098612289,5.971414889,-0.877693354,-0.221680914,-0.353768236
13941,79,3,2831.26,1.386294361,7.948830259,-0.186767753,0.237466779,1.264337553
13946,109,2,485.97,1.098612289,6.18820252,0.190100756,-0.221680914,-0.176372366
13948,268,1,102,0.693147181,4.634728988,2.187503858,-0.868813241,-1.447569381
13949,2,1,537.9,0.693147181,6.289530025,-1.154063595,-0.868813241,-0.093456745
13950,154,1,179.31,0.693147181,5.194677592,0.755403521,-0.868813241,-0.989367178
13951,84,3,674.45,1.386294361,6.515379135,-0.123956335,0.237466779,0.091354074
13952,125,2,3251.071,1.098612289,8.087047303,0.391097295,-0.221680914,1.377439638
13953,23,5,2604.36,1.791759469,7.86532614,-0.890255638,0.884599106,1.196006691
13955,62,2,322.96,1.098612289,5.780620051,-0.400326575,-0.221680914,-0.509894377
13956,46,3,676.07,1.386294361,6.517774665,-0.601323114,0.237466779,0.093314319
13959,189,2,337.44,1.098612289,5.824346824,1.195083449,-0.221680914,-0.474113051
13962,153,1,117.6,0.693147181,4.775756487,0.742841237,-0.868813241,-1.332167521
13963,216,4,664.54,1.609437912,6.500598741,1.534265108,0.593609398,0.079259376
13967,53,1,80.7,0.693147181,4.403054002,-0.513387128,-0.868813241,-1.637147475
13969,15,11,3883.23,2.48490665,8.264680045,-0.990753907,1.990879126,1.522795324
13971,14,6,1985.9,1.945910149,7.594330914,-1.003316191,1.130627399,0.974253108
13972,109,1,145.9,0.693147181,4.989752083,0.190100756,-0.868813241,-1.157056353
13973,195,1,264.7,0.693147181,5.582367853,1.270457151,-0.868813241,-0.672122827
13975,36,4,1466.67,1.609437912,7.291431388,-0.72694595,0.593609398,0.726392449
13976,114,1,357.98,0.693147181,5.883266677,0.252912175,-0.868813241,-0.425899329
13982,71,3,1230.14,1.386294361,7.115695848,-0.287266022,0.237466779,0.58258923
13983,95,8,1681.06,2.197224577,7.427774512,0.014228785,1.531731433,0.837961116
13984,34,4,819.33,1.609437912,6.709706698,-0.752070518,0.593609398,0.25037102
13985,15,7,2773.04,2.079441542,7.92806002,-0.990753907,1.343746799,1.247341406
13988,70,3,1923.5,1.386294361,7.562421473,-0.299828306,0.237466779,0.948141825
13989,147,1,896.67,0.693147181,6.799802517,0.667467535,-0.868813241,0.324095827
13990,121,1,311.3,0.693147181,5.743964264,0.34084816,-0.868813241,-0.539889563
13991,51,1,126.35,0.693147181,4.846939201,-0.538511696,-0.868813241,-1.273919181
13993,8,6,2247.41,1.945910149,7.717978579,-1.078689893,1.130627399,1.075433166
13994,13,2,419.56,1.098612289,6.041587157,-1.015878474,-0.221680914,-0.296346738
13995,23,3,871.9,1.386294361,6.771821002,-0.890255638,0.237466779,0.30119874
13999,3,9,2868.97,2.302585093,7.962056856,-1.141501311,1.699889419,1.27516079
14000,119,1,635.66,0.693147181,6.456235761,0.315723593,-0.868813241,0.042957445
14001,140,2,1309.14,1.098612289,7.177889281,0.57953155,-0.221680914,0.633481701
14002,42,2,529.73,1.098612289,6.274253417,-0.651572248,-0.221680914,-0.105957491
14004,6,5,3203.26,1.791759469,8.072236453,-1.10381446,0.884599106,1.365320019
14005,41,3,696.56,1.386294361,6.547588532,-0.664134532,0.237466779,0.117710807
14006,23,3,962.19,1.386294361,6.870250692,-0.890255638,0.237466779,0.381743098
14009,106,2,695.61,1.098612289,6.546225713,0.152413906,-0.221680914,0.116595622
14012,185,1,328.8,0.693147181,5.79848641,1.144834314,-0.868813241,-0.495274455
14013,18,3,473.02,1.386294361,6.161249515,-0.953067056,0.237466779,-0.19842783
14016,69,4,4291.21,1.609437912,8.364557031,-0.31239059,0.593609398,1.604523994
14019,6,2,800.53,1.098612289,6.686522401,-1.10381446,-0.221680914,0.231399465
14021,63,3,631.9,1.386294361,6.450312432,-0.387764292,0.237466779,0.038110425
14022,133,1,440,0.693147181,6.089044875,0.491595564,-0.868813241,-0.257512404
14023,158,1,273.14,0.693147181,5.613638925,0.805652656,-0.868813241,-0.646533918
14024,29,2,327.7,1.098612289,5.795145481,-0.814881936,-0.221680914,-0.498008316
14029,52,1,165.2,0.693147181,5.113191882,-0.525949412,-0.868813241,-1.05604639
14030,29,6,1657.5,1.945910149,7.413668858,-0.814881936,1.130627399,0.826418554
14031,34,13,9627.03,2.63905733,9.172433915,-0.752070518,2.236907419,2.265604253
14032,76,6,1845.37,1.945910149,7.520976828,-0.224454604,1.130627399,0.914227949
14034,65,2,473.91,1.098612289,6.163125312,-0.362639724,-0.221680914,-0.196892877
14035,15,3,837.26,1.386294361,6.731328315,-0.990753907,0.237466779,0.268063845
14036,192,1,626.65,0.693147181,6.441982686,1.2327703,-0.868813241,0.031294249
14037,84,2,147.2,1.098612289,4.998562713,-0.123956335,-0.221680914,-1.149846674
14038,52,2,1086.42,1.098612289,6.991563197,-0.525949412,-0.221680914,0.481012311
14040,2,10,2734.46,2.397895273,7.914054891,-1.154063595,1.85200682,1.235881102
14041,174,1,141.41,0.693147181,4.958710221,1.006649194,-0.868813241,-1.182457702
14044,11,3,535.71,1.386294361,6.285457911,-1.041003042,0.237466779,-0.096788928
14045,17,4,1659.75,1.609437912,7.415024587,-0.96562934,0.593609398,0.827527937
14046,192,1,154.99,0.693147181,5.049791903,1.2327703,-0.868813241,-1.10792617
14047,107,3,635.92,1.386294361,6.456644059,0.164976189,0.237466779,0.043291553
14048,213,1,409.93,0.693147181,6.018422884,1.496578257,-0.868813241,-0.315301908
14049,66,3,3244.74,1.386294361,8.085098646,-0.350077441,0.237466779,1.375845065
14050,14,1,485.98,0.693147181,6.188223054,-1.003316191,-0.868813241,-0.176355562
14051,21,15,8687.44,2.772588722,9.069748685,-0.915380205,2.450026819,2.181577615
14053,32,2,260.25,1.098612289,5.565477803,-0.777195085,-0.221680914,-0.685943842
14055,14,1,725.64,0.693147181,6.588431169,-1.003316191,-0.868813241,0.151132065
14056,15,17,5333.97,2.890371758,8.58203854,-0.990753907,2.638011453,1.782487661
14057,8,13,4805.68,2.63905733,8.477761896,-1.078689893,2.236907419,1.69715878
14059,174,1,183.6,0.693147181,5.218191322,1.006649194,-0.868813241,-0.97012605
14060,16,14,4102.78,2.708050201,8.319663779,-0.978191623,2.347021746,1.567788147
14062,20,9,7801.79,2.302585093,8.962236641,-0.927942489,1.699889419,2.093601228
14064,21,4,1097.03,1.609437912,7.001272944,-0.915380205,0.593609398,0.488957732
14066,174,1,152.55,0.693147181,5.034026247,1.006649194,-0.868813241,-1.120827101
14067,4,1,224.67,0.693147181,5.419073755,-1.128939027,-0.868813241,-0.805745297
14068,228,1,265.85,0.693147181,5.586686703,1.685012511,-0.868813241,-0.668588741
14071,168,2,356.81,1.098612289,5.880002119,0.931275492,-0.221680914,-0.428570695
14075,169,1,307.92,0.693147181,5.733082344,0.943837776,-0.868813241,-0.548794166
14076,37,1,118.67,0.693147181,4.784737955,-0.714383667,-0.868813241,-1.324818045
14077,90,3,310.4,1.386294361,5.741078259,-0.048582633,0.237466779,-0.542251162
14078,9,6,1049.37,1.945910149,6.956897762,-1.066127609,1.130627399,0.452645817
14079,32,1,375.1,0.693147181,5.929855065,-0.777195085,-0.868813241,-0.387776362
14081,210,2,921.62,1.098612289,6.827217449,1.458891406,-0.221680914,0.346529283
14082,272,1,182.25,0.693147181,5.210851341,2.237752992,-0.868813241,-0.976132308
14083,34,7,533.39,2.079441542,6.281125909,-0.752070518,1.343746799,-0.100333777
14085,49,12,3220.94,2.564949357,8.077738942,-0.563636263,2.118629265,1.369822668
14088,36,7,25507.89,2.079441542,10.1467823,-0.72694595,1.343746799,3.062907027
14090,232,1,76.32,0.693147181,4.347952654,1.735261646,-0.868813241,-1.682236539
14092,7,10,2745.42,2.397895273,7.918053524,-1.091252176,1.85200682,1.239153157
14096,6,2,97.43,1.098612289,4.589345636,-1.10381446,-0.221680914,-1.484706275
14099,28,8,2309.92,2.197224577,7.745400993,-0.82744422,1.531731433,1.097872744
14100,45,1,191.95,0.693147181,5.262431088,-0.613885397,-0.868813241,-0.933924945
14101,50,5,4944.39,1.791759469,8.506211108,-0.551073979,0.884599106,1.72043858
14104,62,2,216.21,1.098612289,5.380864628,-0.400326575,-0.221680914,-0.837011571
14105,147,1,1266.23,0.693147181,7.144588695,0.667467535,-0.868813241,0.606232054
14107,4,6,2461.94,1.945910149,7.809111037,-1.128939027,1.130627399,1.150006248
14108,9,1,291.33,0.693147181,5.677883301,-1.066127609,-0.868813241,-0.593963174
14110,27,5,3259.62,1.791759469,8.08967264,-0.840006503,0.884599106,1.379587934
14111,3,3,295.5,1.386294361,5.692047218,-1.141501311,0.237466779,-0.582372935
14112,38,4,1900.82,1.609437912,7.550566601,-0.701821383,0.593609398,0.938441063
14113,262,1,433.5,0.693147181,6.074195945,2.112130156,-0.868813241,-0.269663185
14114,181,2,386.53,1.098612289,5.959793265,1.09458518,-0.221680914,-0.363278133
14116,0,2,628.87,1.098612289,6.445513449,-1.179188162,-0.221680914,0.034183449
14117,51,1,90,0.693147181,4.510859507,-0.538511696,-0.868813241,-1.54893095
14127,30,3,709.71,1.386294361,6.56626447,-0.802319652,0.237466779,0.132993203
14128,163,1,305.54,0.693147181,5.725348253,0.868464074,-0.868813241,-0.555122921
14129,3,3,726.23,1.386294361,6.589242796,-1.141501311,0.237466779,0.151796214
14130,227,1,480.91,0.693147181,6.177757375,1.672450228,-0.868813241,-0.184919558
14132,21,5,1552.46,1.791759469,7.34823998,-0.915380205,0.884599106,0.77287854
14133,37,3,605.64,1.386294361,6.407935534,-0.714383667,0.237466779,0.003433693
14135,13,10,3190.32,2.397895273,8.068189903,-1.015878474,1.85200682,1.362008754
14141,13,1,285.16,0.693147181,5.656551095,-1.015878474,-0.868813241,-0.611419176
14142,281,1,311.81,0.693147181,5.745595977,2.350813545,-0.868813241,-0.538554343
14143,41,1,115.8,0.693147181,4.76046307,-0.664134532,-0.868813241,-1.344682021
14145,64,3,2851.2,1.386294361,7.955845905,-0.375202008,0.237466779,1.27007841
14146,162,2,1903.73,1.098612289,7.552095545,0.85590179,-0.221680914,0.939692187
14147,193,1,182.8,0.693147181,5.21384821,1.245332583,-0.868813241,-0.97367999
14148,141,1,157.2,0.693147181,5.063860055,0.592093833,-0.868813241,-1.096414295
14149,128,1,446.62,0.693147181,6.103944658,0.428784146,-0.868813241,-0.245320011
14150,267,1,306.18,0.693147181,5.727433895,2.174941574,-0.868813241,-0.553416254
14152,142,1,314.51,0.693147181,5.754190377,0.604656117,-0.868813241,-0.531521603
14154,147,2,1345.62,1.098612289,7.205353028,0.667467535,-0.221680914,0.655955102
14155,174,1,118.75,0.693147181,4.785406236,1.006649194,-0.868813241,-1.324271195
14156,1,41,98238.79,3.737669618,11.49516661,-1.166625878,3.990319766,4.1662809
14157,193,1,269.18,0.693147181,5.599088404,1.245332583,-0.868813241,-0.658440512
14159,3,7,2732.73,2.079441542,7.913422256,-1.141501311,1.343746799,1.235363421
14161,123,3,1097.62,1.386294361,7.001810126,0.365972728,0.237466779,0.489397304
14162,81,2,289.36,1.098612289,5.671121532,-0.161643186,-0.221680914,-0.599496284
14163,60,3,1659.39,1.386294361,7.414807794,-0.425451143,0.237466779,0.827350537
14165,183,1,120.44,0.693147181,4.799420314,1.119709747,-0.868813241,-1.312803569
14167,73,3,389.85,1.386294361,5.968323855,-0.262141455,0.237466779,-0.356297609
14171,6,1,363.79,0.693147181,5.899321846,-1.10381446,-0.868813241,-0.412761492
14173,127,1,114.04,0.693147181,4.745279894,0.416221862,-0.868813241,-1.357106313
14175,79,2,1205.99,1.098612289,7.095884936,-0.186767753,-0.221680914,0.566378093
14176,205,4,576.9,1.609437912,6.359400843,1.396079987,0.593609398,-0.036281921
14177,3,3,299.46,1.386294361,5.705314634,-1.141501311,0.237466779,-0.571516298
14178,6,3,477.29,1.386294361,6.170217243,-1.10381446,0.237466779,-0.191089598
14180,14,21,4110.12,3.091042453,8.321450776,-1.003316191,2.95828684,1.569250434
14185,239,1,197.65,0.693147181,5.291544482,1.823197632,-0.868813241,-0.910101649
14188,17,4,1383.46,1.609437912,7.233065451,-0.96562934,0.593609398,0.678631992
14189,4,11,3267.92,2.48490665,8.092214934,-1.128939027,1.990879126,1.381668276
14191,16,7,2258.26,2.079441542,7.722792605,-0.978191623,1.343746799,1.079372451
14193,177,1,422.54,0.693147181,6.048647961,1.044336045,-0.868813241,-0.290568929
14194,14,12,5666.45,2.564949357,8.64249456,-1.003316191,2.118629265,1.831958418
14195,109,2,1012,1.098612289,6.920671504,0.190100756,-0.221680914,0.423002112
14196,14,1,335.52,0.693147181,5.818657583,-1.003316191,-0.868813241,-0.47876852
14198,53,2,356.95,1.098612289,5.880393312,-0.513387128,-0.221680914,-0.428250585
14199,126,1,185.4,0.693147181,5.227894902,0.403659579,-0.868813241,-0.962185675
14201,57,5,521.24,1.791759469,6.258127252,-0.463137994,0.884599106,-0.119153424
14205,172,1,222.9,0.693147181,5.411199524,0.981524627,-0.868813241,-0.812188728
14206,147,1,328.16,0.693147181,5.796543955,0.667467535,-0.868813241,-0.496863954
14208,2,1,151.74,0.693147181,5.028737129,-1.154063595,-0.868813241,-1.12515515
14209,29,5,1876.33,1.791759469,7.537605834,-0.814881936,0.884599106,0.927835353
14210,13,6,1905.84,1.945910149,7.553202701,-1.015878474,1.130627399,0.940598165
14211,4,6,1129.93,1.945910149,7.030795582,-1.128939027,1.130627399,0.513115909
14214,64,3,899.16,1.386294361,6.802572525,-0.375202008,0.237466779,0.326362506
14215,94,4,1098.27,1.609437912,7.002401602,0.001666502,0.593609398,0.489881305
14217,7,10,1211.5,2.397895273,7.100439623,-1.091252176,1.85200682,0.570105163
14220,155,2,632.4,1.098612289,6.451102134,0.767965805,-0.221680914,0.038756633
14221,21,7,2617.01,2.079441542,7.870169766,-0.915380205,1.343746799,1.199970198
14222,85,1,683.17,0.693147181,6.528206425,-0.111394051,-0.868813241,0.101850559
14223,0,3,991.13,1.386294361,6.899854147,-1.179188162,0.237466779,0.405967408
14224,18,4,1009.73,1.609437912,6.918428121,-0.953067056,0.593609398,0.421166367
14226,118,2,1692,1.098612289,7.434257382,0.303161309,-0.221680914,0.843266006
14227,104,7,2399.52,2.079441542,7.78344066,0.127289338,1.343746799,1.129000349
14229,199,2,762.13,1.098612289,6.637428397,1.320706285,-0.221680914,0.191226169
14231,91,3,925.71,1.386294361,6.83164068,-0.036020349,0.237466779,0.350148783
14232,23,4,1573.33,1.609437912,7.361585064,-0.890255638,0.593609398,0.783798733
14233,119,3,959.1,1.386294361,6.867037446,0.315723593,0.237466779,0.37911372
14235,65,4,2802.86,1.609437912,7.938752318,-0.362639724,0.593609398,1.256090842
14236,280,1,189.3,0.693147181,5.248601774,2.338251261,-0.868813241,-0.94524138
14237,281,1,161,0.693147181,5.087596335,2.350813545,-0.868813241,-1.076991055
14238,234,1,146.85,0.693147181,4.996198246,1.760386213,-0.868813241,-1.151781501
14239,2,9,1880.89,2.302585093,7.54003187,-1.154063595,1.699889419,0.929820563
14240,133,1,226.85,0.693147181,5.428687518,0.491595564,-0.868813241,-0.797878419
14241,91,1,213.7,0.693147181,5.369241705,-0.036020349,-0.868813241,-0.846522531
14242,142,2,280.55,1.098612289,5.640310052,0.604656117,-0.221680914,-0.624709113
14243,3,8,2305.95,2.197224577,7.743681585,-1.141501311,1.531731433,1.096465764
14245,127,2,1693.45,1.098612289,7.435113483,0.416221862,-0.221680914,0.843966548
14246,18,3,1474.06,1.386294361,7.296453946,-0.953067056,0.237466779,0.730502374
14247,186,1,136.77,0.693147181,4.925585628,1.157396598,-0.868813241,-1.209563335
14248,226,1,302.58,0.693147181,5.715645167,1.659887944,-0.868813241,-0.563062891
14256,168,2,969.06,1.098612289,6.877357925,0.931275492,-0.221680914,0.3875589
14257,31,4,2725.84,1.609437912,7.910898709,-0.789757369,0.593609398,1.233298419
14258,59,7,9386.32,2.079441542,9.147115121,-0.438013426,1.343746799,2.244886053
14259,49,1,120,0.693147181,4.795790546,-0.563636263,-0.868813241,-1.315773784
14262,15,3,855,1.386294361,6.752270376,-0.990753907,0.237466779,0.285200594
14264,62,2,333.97,1.098612289,5.814040976,-0.400326575,-0.221680914,-0.482546258
14265,17,2,530.18,1.098612289,6.275100947,-0.96562934,-0.221680914,-0.105263963
14267,70,3,1516.24,1.386294361,7.324648174,-0.299828306,0.237466779,0.753573523
14270,239,1,492.65,0.693147181,6.201826764,1.823197632,-0.868813241,-0.165223738
14271,133,1,112.32,0.693147181,4.730215675,0.491595564,-0.868813241,-1.369433263
14272,162,1,132.09,0.693147181,4.891025591,0.85590179,-0.868813241,-1.237843582
14273,44,3,450.05,1.386294361,6.111578198,-0.626447681,0.237466779,-0.239073536
14276,6,3,1119.74,1.386294361,7.02174446,-1.10381446,0.237466779,0.505709437
14277,120,1,1629.03,0.693147181,7.396353699,0.328285877,-0.868813241,0.812249674
14280,104,1,134.04,0.693147181,4.905571031,0.127289338,-0.868813241,-1.225941146
14282,17,9,2467.54,2.302585093,7.811382162,-0.96562934,1.699889419,1.151864694
14285,84,1,5.9,0.693147181,1.931521412,-0.123956335,-0.868813241,-3.659586086
14286,150,1,2050.08,0.693147181,7.626121763,0.705154386,-0.868813241,1.000267347
14287,106,2,83.28,1.098612289,4.434144589,0.152413906,-0.221680914,-1.611706255
14288,121,1,426.6,0.693147181,6.058188179,0.34084816,-0.868813241,-0.282762232
14289,42,5,832.78,1.791759469,6.725969579,-0.651572248,0.884599106,0.263678827
14290,269,1,777.56,0.693147181,6.65744606,2.200066141,-0.868813241,0.207606489
14291,28,7,2355.54,2.079441542,7.764949721,-0.82744422,1.343746799,1.113869337
14292,53,4,2590.21,1.609437912,7.859880227,-0.513387128,0.593609398,1.191550337
14293,55,3,739.41,1.386294361,6.607204087,-0.488262561,0.237466779,0.166493818
14297,182,1,232.6,0.693147181,5.453610251,1.107147463,-0.868813241,-0.777484313
14298,7,37,41182.51,3.63758616,10.62579321,-1.091252176,3.830584094,3.454878459
14299,15,5,2437.14,1.791759469,7.798990733,-0.990753907,0.884599106,1.14172487
14301,25,1,640.14,0.693147181,6.463247842,-0.865131071,-0.868813241,0.048695384
14304,130,1,383.45,0.693147181,5.951813741,0.453908713,-0.868813241,-0.369807724
14305,21,2,1048.45,1.098612289,6.956021496,-0.915380205,-0.221680914,0.451928774
14307,42,4,2307.89,1.609437912,7.744522169,-0.651572248,0.593609398,1.097153608
14309,1,7,1633.7,2.079441542,7.39921458,-1.166625878,1.343746799,0.814590715
14311,150,1,310.26,0.693147181,5.740628576,0.705154386,-0.868813241,-0.542619135
14312,94,4,854.59,1.609437912,6.751791289,0.001666502,0.593609398,0.28480856
14314,14,1,120,0.693147181,4.795790546,-1.003316191,-0.868813241,-1.315773784
14315,37,5,1550.15,1.791759469,7.34675187,-0.714383667,0.884599106,0.77166083
14320,114,2,477.79,1.098612289,6.171262088,0.252912175,-0.221680914,-0.190234608
14321,24,3,900.65,1.386294361,6.804226418,-0.877693354,0.237466779,0.327715876
14323,22,2,605.06,1.098612289,6.406978991,-0.902817922,-0.221680914,0.00265096
14326,150,1,183.85,0.693147181,5.219544685,0.705154386,-0.868813241,-0.969018602
14327,71,1,311.65,0.693147181,5.745084354,-0.287266022,-0.868813241,-0.538973001
14329,16,4,3485.03,1.609437912,8.156518832,-0.978191623,0.593609398,1.434287726
14331,32,2,462.66,1.098612289,6.139151525,-0.777195085,-0.221680914,-0.216510467
14332,55,1,119.04,0.693147181,4.787825021,-0.488262561,-0.868813241,-1.32229192
14334,1,7,2328.71,2.079441542,7.753499075,-1.166625878,1.343746799,1.104499351
14335,4,1,347.5,0.693147181,5.85363823,-1.128939027,-0.868813241,-0.450144089
14336,106,3,1114.39,1.386294361,7.016959399,0.152413906,0.237466779,0.501793853
14338,69,2,588.22,1.098612289,6.378799628,-0.31239059,-0.221680914,-0.020408025
14339,150,1,309.52,0.693147181,5.738248312,0.705154386,-0.868813241,-0.544566889
14340,126,1,134.7,0.693147181,4.910446567,0.403659579,-0.868813241,-1.221951528
14341,38,6,1139.52,1.945910149,7.039239578,-0.701821383,1.130627399,0.520025575
14342,45,2,419.74,1.098612289,6.042015066,-0.613885397,-0.221680914,-0.295996583
14344,35,8,889.93,2.197224577,6.792265861,-0.739508234,1.531731433,0.317928632
14346,28,2,1021.58,1.098612289,6.930084124,-0.82744422,-0.221680914,0.430704396
14348,168,1,409.57,0.693147181,6.017546438,0.931275492,-0.868813241,-0.316019098
14350,182,1,282.93,0.693147181,5.648727729,1.107147463,-0.868813241,-0.617820984
14351,72,1,51,0.693147181,3.951243719,-0.274703739,-0.868813241,-2.006860812
14352,65,4,1078.96,1.609437912,6.984679282,-0.362639724,0.593609398,0.475379249
14353,123,1,90.6,0.693147181,4.517431272,0.365972728,-0.868813241,-1.543553319
14355,273,1,174.4,0.693147181,5.16706908,2.250315276,-0.868813241,-1.011959039
14360,2,1,1124.49,0.693147181,7.025973775,-1.154063595,-0.868813241,0.509170257
14364,16,8,3717.35,2.197224577,8.2210353,-0.978191623,1.531731433,1.487081121
14367,45,10,5419.7,2.397895273,8.597980237,-0.613885397,1.85200682,1.795532645
14368,227,1,155,0.693147181,5.049856007,1.672450228,-0.868813241,-1.107873714
14371,203,1,100.5,0.693147181,4.620058798,1.37095542,-0.868813241,-1.459573899
14373,266,1,76.55,0.693147181,4.35092289,2.16237929,-0.868813241,-1.679806016
14375,93,1,235.56,0.693147181,5.466201876,-0.010895782,-0.868813241,-0.767180671
14377,99,2,617.05,1.098612289,6.42656936,0.06447792,-0.221680914,0.018681628
14379,203,1,110.98,0.693147181,4.718320284,1.37095542,-0.868813241,-1.379167182
14383,71,1,242.09,0.693147181,5.493431745,-0.287266022,-0.868813241,-0.74489865
14386,204,1,142.4,0.693147181,4.965637928,1.383517704,-0.868813241,-1.176788805
14387,17,1,440.76,0.693147181,6.090766748,-0.96562934,-0.868813241,-0.256103407
14388,29,5,1835.11,1.791759469,7.515404482,-0.814881936,0.884599106,0.909668136
14389,98,1,311.14,0.693147181,5.743451805,0.051915636,-0.868813241,-0.540308905
14390,52,4,1590.71,1.609437912,7.372564189,-0.525949412,0.593609398,0.792782878
14393,126,1,67.95,0.693147181,4.233381604,0.403659579,-0.868813241,-1.775989264
14395,85,6,1952.32,1.945910149,7.577285768,-0.111394051,1.130627399,0.960305178
14396,279,1,110.35,0.693147181,4.712678394,2.325688978,-0.868813241,-1.383783903
14397,1,10,1036.12,2.397895273,6.94420292,-1.166625878,1.85200682,0.442257712
14400,57,1,574.7,0.693147181,6.355586692,-0.463137994,-0.868813241,-0.039403016
14401,3,10,3079.38,2.397895273,8.032808245,-1.141501311,1.85200682,1.333056179
14403,38,4,1475.81,1.609437912,7.297639635,-0.701821383,0.593609398,0.731472616
14404,16,5,1322.52,1.791759469,7.188050133,-0.978191623,0.884599106,0.641796258
14406,27,1,156.75,0.693147181,5.061011501,-0.840006503,-0.868813241,-1.098745247
14407,15,5,2142.73,1.791759469,7.670302581,-0.990753907,0.884599106,1.036420216
14408,2,6,2290.81,1.945910149,7.737097177,-1.154063595,1.130627399,1.091077787
14409,30,5,1943.73,1.791759469,7.572878429,-0.802319652,0.884599106,0.956698682
14410,0,9,1100.27,2.302585093,7.004219338,-1.179188162,1.699889419,0.491368747
14411,218,1,1063,0.693147181,6.96979067,1.559389675,-0.868813241,0.463195997
14413,270,1,121.05,0.693147181,4.804430797,2.212628425,-0.868813241,-1.308703524
14414,7,6,1311.14,1.945910149,7.179414671,-1.091252176,1.130627399,0.634729917
14415,6,9,3766.13,2.302585093,8.234068717,-1.10381446,1.699889419,1.497746279
14418,16,1,150.44,0.693147181,5.020189507,-0.978191623,-0.868813241,-1.132149613
14419,160,2,307.14,1.098612289,5.730554225,0.830777223,-0.221680914,-0.550862909
14420,7,1,387.52,0.693147181,5.962344649,-1.091252176,-0.868813241,-0.361190353
14421,119,1,455.18,0.693147181,6.122887468,0.315723593,-0.868813241,-0.229819236
14422,78,2,1032.15,1.098612289,6.940367667,-0.199330037,-0.221680914,0.43911935
14423,126,1,265.2,0.693147181,5.584247906,0.403659579,-0.868813241,-0.670584392
14426,48,6,2885.58,1.945910149,7.967827689,-0.576198546,1.130627399,1.279883024
14428,147,2,330.62,1.098612289,5.803989735,0.667467535,-0.221680914,-0.490771121
14431,210,1,470.36,0.693147181,6.155622133,1.458891406,-0.868813241,-0.203032678
14436,6,1,89.06,0.693147181,4.500476115,-1.10381446,-0.868813241,-1.55742761
14437,273,1,63,0.693147181,4.158883083,2.250315276,-0.868813241,-1.836950906
14438,214,1,131.9,0.693147181,4.889596966,1.50914054,-0.868813241,-1.239012617
14439,227,1,2661.24,0.693147181,7.886923153,1.672450228,-0.868813241,1.213679382
14440,224,2,1185.71,1.098612289,7.078940051,1.634763377,-0.221680914,0.552512207
14441,2,2,697.4,1.098612289,6.548792005,-1.154063595,-0.221680914,0.118695601
14442,112,2,1589.82,1.098612289,7.372004886,0.227787607,-0.221680914,0.792325203
14443,46,3,991.52,1.386294361,6.900247163,-0.601323114,0.237466779,0.40628901
14446,154,1,303.04,0.693147181,5.717159272,0.755403521,-0.868813241,-0.561823909
14447,104,2,601.03,1.098612289,6.400307278,0.127289338,-0.221680914,-0.002808459
14448,272,1,102.35,0.693147181,4.638121286,2.237752992,-0.868813241,-1.444793486
14449,154,2,399.91,1.098612289,5.993736963,0.755403521,-0.221680914,-0.335502232
14450,88,3,483.25,1.386294361,6.182601302,-0.0737072,0.237466779,-0.180955805
14451,102,1,360,0.693147181,5.888877958,0.102164771,-0.868813241,-0.421307655
14452,1,1,127.37,0.693147181,4.854916719,-1.166625878,-0.868813241,-1.267391231
14453,98,1,119.93,0.693147181,4.795211866,0.051915636,-0.868813241,-1.316247314
14456,39,3,636.65,1.386294361,6.457789543,-0.689259099,0.237466779,0.044228895
14457,218,1,113.64,0.693147181,4.741796784,1.559389675,-0.868813241,-1.359956519
14459,63,1,1837.92,0.693147181,7.516933722,-0.387764292,-0.868813241,0.910919502
14460,18,3,434.34,1.386294361,6.076127335,-0.953067056,0.237466779,-0.268082741
14461,56,3,2103.06,1.386294361,7.651624091,-0.475700277,0.237466779,1.021135731
14462,28,9,1510.65,2.302585093,7.320957048,-0.82744422,1.699889419,0.750553099
14463,6,3,529.62,1.386294361,6.274046134,-1.10381446,0.237466779,-0.106127109
14465,154,3,1038.44,1.386294361,6.946437386,0.755403521,0.237466779,0.444086161
14466,23,5,1580.45,1.791759469,7.366097427,-0.890255638,0.884599106,0.787491169
14467,220,1,131.7,0.693147181,4.888090941,1.584514242,-0.868813241,-1.240244987
14470,195,1,297.64,0.693147181,5.699238835,1.270457151,-0.868813241,-0.576488083
14472,11,8,1852.67,2.197224577,7.524922737,-1.041003042,1.531731433,0.91745686
14473,190,1,85,0.693147181,4.454347296,1.207645733,-0.868813241,-1.595174514
14475,94,2,622.17,1.098612289,6.434819355,0.001666502,-0.221680914,0.025432543
14476,165,1,193,0.693147181,5.267858159,0.893588641,-0.868813241,-0.929484009
14477,92,2,523,1.098612289,6.261491684,-0.023458066,-0.221680914,-0.116400332
14479,161,2,316.25,1.098612289,5.759690107,0.843339507,-0.221680914,-0.527021211
14481,72,2,636.51,1.098612289,6.457569963,-0.274703739,-0.221680914,0.044049214
14482,7,2,465.95,1.098612289,6.146222186,-1.091252176,-0.221680914,-0.210724593
14483,189,1,137.1,0.693147181,4.92797806,1.195083449,-0.868813241,-1.207605624
14487,276,1,125.1,0.693147181,4.837075243,2.288002127,-0.868813241,-1.281990792
14489,115,1,463.38,0.693147181,6.140703183,0.265474458,-0.868813241,-0.215240756
14491,83,2,340.93,1.098612289,5.834606038,-0.136518619,-0.221680914,-0.465718005
14493,63,1,611.22,0.693147181,6.417091695,-0.387764292,-0.868813241,0.010926118
14495,29,1,40.6,0.693147181,3.728100167,-0.814881936,-0.868813241,-2.189457689
14496,219,2,538.81,1.098612289,6.291217226,1.571951959,-0.221680914,-0.09207612
14497,217,1,475.37,0.693147181,6.166194863,1.546827391,-0.868813241,-0.194381084
14498,24,4,1281.79,1.609437912,7.156792672,-0.877693354,0.593609398,0.616218487
14499,41,2,367.81,1.098612289,5.910281606,-0.664134532,-0.221680914,-0.403793193
14500,20,2,335.85,1.098612289,5.819637727,-0.927942489,-0.221680914,-0.477966474
14501,91,2,251.21,1.098612289,5.530262074,-0.036020349,-0.221680914,-0.714760638
14502,57,7,1163.22,2.079441542,7.059806614,-0.463137994,1.343746799,0.536855443
14503,86,1,597.07,0.693147181,6.393707804,-0.098831768,-0.868813241,-0.008208764
14504,151,3,542.71,1.386294361,6.298416016,0.71771667,0.237466779,-0.086185397
14505,17,6,4222.74,1.945910149,8.34847627,-0.96562934,1.130627399,1.591365216
14506,70,3,818.96,1.386294361,6.709255559,-0.299828306,0.237466779,0.250001856
14507,9,4,924.69,1.609437912,6.830539405,-1.066127609,0.593609398,0.349247618
14511,0,2,329.89,1.098612289,5.801785994,-1.179188162,-0.221680914,-0.492574428
14512,95,2,275.28,1.098612289,5.621414844,0.014228785,-0.221680914,-0.640170935
14513,8,3,455.59,1.386294361,6.123785833,-1.078689893,0.237466779,-0.22908411
14514,109,2,403.11,1.098612289,6.001687118,0.190100756,-0.221680914,-0.328996673
14515,99,2,765.65,1.098612289,6.642030374,0.06447792,-0.221680914,0.194991936
14517,49,1,252.45,0.693147181,5.535166565,-0.563636263,-0.868813241,-0.710747326
14520,198,1,165,0.693147181,5.111987788,1.308144002,-0.868813241,-1.057031692
14522,0,2,760.7,1.098612289,6.635552777,-1.179188162,-0.221680914,0.189691362
14523,16,1,241.09,0.693147181,5.489309558,-0.978191623,-0.868813241,-0.748271808
14524,86,5,1028.87,1.791759469,6.93718786,-0.098831768,0.884599106,0.436517335
14525,8,7,2820.29,2.079441542,7.944949506,-1.078689893,1.343746799,1.26116196
14527,6,40,5281.42,3.713572067,8.572139605,-1.10381446,3.951859478,1.774387429
14529,18,1,135.24,0.693147181,4.914418036,-0.953067056,-0.868813241,-1.218701701
14530,1,5,2482.32,1.791759469,7.817351654,-1.166625878,0.884599106,1.156749489
14532,144,4,932.85,1.609437912,6.839315826,0.629780684,0.593609398,0.356429304
14533,20,2,734.98,1.098612289,6.601202944,-0.927942489,-0.221680914,0.161583123
14534,3,14,3031.39,2.708050201,8.017106366,-1.141501311,2.347021746,1.320207437
14535,35,2,1652.81,1.098612289,7.410836996,-0.739508234,-0.221680914,0.82410126
14536,167,1,170.95,0.693147181,5.147203737,0.918713208,-0.868813241,-1.028214717
14538,164,1,106.5,0.693147181,4.677490848,0.881026357,-0.868813241,-1.412577637
14540,217,1,195.9,0.693147181,5.282695986,1.546827391,-0.868813241,-0.917342315
14541,76,7,1307.35,2.079441542,7.17652208,-0.224454604,1.343746799,0.63236293
14542,93,1,103.25,0.693147181,4.646791861,-0.010895782,-0.868813241,-1.437698413
14543,16,13,3234.5,2.63905733,8.081938754,-0.978191623,2.236907419,1.373259347
14544,269,1,1101.77,0.693147181,7.005580475,2.200066141,-0.868813241,0.492482556
14546,109,2,874.88,1.098612289,6.775229095,0.190100756,-0.221680914,0.30398756
14548,58,2,652.8,1.098612289,6.482801494,-0.45057571,-0.221680914,0.064696007
14549,219,1,289.24,0.693147181,5.670708167,1.571951959,-0.868813241,-0.599834538
14551,112,1,125.43,0.693147181,4.839688795,0.227787607,-0.868813241,-1.27985214
14552,59,1,164.22,0.693147181,5.107277919,-0.438013426,-0.868813241,-1.060885747
14553,126,2,312.32,1.098612289,5.747225032,0.403659579,-0.221680914,-0.537221298
14555,210,1,186.34,0.693147181,5.232925148,1.458891406,-0.868813241,-0.958069459
14560,2,15,1565.2,2.772588722,7.356407582,-1.154063595,2.450026819,0.779562034
14561,70,2,566.99,1.098612289,6.342103813,-0.299828306,-0.221680914,-0.050435965
14562,0,7,2309.38,2.079441542,7.745167292,-1.179188162,1.343746799,1.097681508
14565,3,4,2949.12,1.609437912,7.989601126,-1.141501311,0.593609398,1.297700082
14566,18,1,1432,0.693147181,7.267525428,-0.953067056,-0.868813241,0.706830361
14567,38,1,800.76,0.693147181,6.686809311,-0.701821383,-0.868813241,0.231634241
14570,188,2,218.06,1.098612289,5.389345665,1.182521165,-0.221680914,-0.830071594
14572,18,5,2063.24,1.791759469,7.632517399,-0.953067056,0.884599106,1.005500853
14573,87,9,1639.82,2.302585093,7.402951396,-0.086269484,1.699889419,0.817648526
14576,280,1,35.4,0.693147181,3.594568775,2.338251261,-0.868813241,-2.298725536
14577,71,3,646.64,1.386294361,6.473334986,-0.287266022,0.237466779,0.056949627
14583,52,4,741.72,1.609437912,6.610319123,-0.525949412,0.593609398,0.169042831
14584,77,4,1033.06,1.609437912,6.94124808,-0.21189232,0.593609398,0.439839787
14586,184,1,237.36,0.693147181,5.473782136,1.132272031,-0.868813241,-0.760977794
14587,92,8,1452.68,2.197224577,7.281853551,-0.023458066,1.531731433,0.718554969
14589,279,1,39.75,0.693147181,3.70745584,2.325688978,-0.868813241,-2.206350805
14591,121,1,204.02,0.693147181,5.323107535,0.34084816,-0.868813241,-0.884273813
14593,106,2,339.59,1.098612289,5.830679408,0.152413906,-0.221680914,-0.46893114
14594,281,1,255,0.693147181,5.545177444,2.350813545,-0.868813241,-0.70255549
14595,221,1,163.8,0.693147181,5.104732617,1.597076526,-0.868813241,-1.06296855
14597,99,1,165.1,0.693147181,5.112590017,0.06447792,-0.868813241,-1.056538893
14600,213,1,393.33,0.693147181,5.977188122,1.496578257,-0.868813241,-0.349044038
14603,182,1,660,0.693147181,6.49375384,1.107147463,-0.868813241,0.073658239
14606,1,70,9388.91,4.262679877,9.147390987,-1.166625878,4.828249106,2.245111793
14607,169,1,495,0.693147181,6.206575927,0.943837776,-0.868813241,-0.16133753
14608,270,1,204,0.693147181,5.323009979,2.212628425,-0.868813241,-0.884353643
14609,51,3,486.36,1.386294361,6.18900307,-0.538511696,0.237466779,-0.175717281
14616,150,3,406.08,1.386294361,6.009009726,0.705154386,0.237466779,-0.323004632
14618,245,1,211.8,0.693147181,5.360352757,1.898571334,-0.868813241,-0.853796297
14619,153,1,394.44,0.693147181,5.979999069,0.742841237,-0.868813241,-0.346743859
14620,113,2,412.78,1.098612289,6.025334432,0.240349891,-0.221680914,-0.309646234
14621,64,3,1002.91,1.386294361,6.911657655,-0.375202008,0.237466779,0.415626139
14622,92,1,320.58,0.693147181,5.773246346,-0.023458066,-0.868813241,-0.515928231
14623,24,3,606.16,1.386294361,6.408792348,-0.877693354,0.237466779,0.004134817
14625,104,2,899.63,1.098612289,6.803094518,0.127289338,-0.221680914,0.32678965
14626,30,2,1571.29,1.098612289,7.360288434,-0.802319652,-0.221680914,0.78273771
14628,150,1,331.58,0.693147181,5.806880433,0.705154386,-0.868813241,-0.488405683
14631,143,2,630.08,1.098612289,6.447432637,0.617218401,-0.221680914,0.035753908
14632,170,1,114.56,0.693147181,4.749789876,0.956400059,-0.868813241,-1.353415825
14633,174,1,344.9,0.693147181,5.846149716,1.006649194,-0.868813241,-0.45627189
14636,176,1,300.19,0.693147181,5.707741295,1.031773761,-0.868813241,-0.569530577
14639,28,4,1989.23,1.609437912,7.596005489,-0.82744422,0.593609398,0.975623401
14640,35,4,1483.36,1.609437912,7.302738982,-0.739508234,0.593609398,0.735645377
14643,78,2,693.81,1.098612289,6.543638427,-0.199330037,-0.221680914,0.114478463
14644,206,1,187.5,0.693147181,5.239098007,1.408642271,-0.868813241,-0.953018249
14645,64,2,597.09,1.098612289,6.393741244,-0.375202008,-0.221680914,-0.0081814
14646,0,42,177729.62,3.761200116,12.08802431,-1.179188162,4.027875021,4.651412401
14647,109,1,236.04,0.693147181,5.468228903,0.190100756,-0.868813241,-0.765521967
14649,120,2,582.12,1.098612289,6.368392997,0.328285877,-0.221680914,-0.028923702
14651,119,1,415.47,0.693147181,6.03181443,0.315723593,-0.868813241,-0.304343695
14653,246,1,344.81,0.693147181,5.845889491,1.911133617,-0.868813241,-0.456484831
14655,130,1,810.56,0.693147181,6.698958321,0.453908713,-0.868813241,0.241575695
14656,77,2,291.05,1.098612289,5.67692502,-0.21189232,-0.221680914,-0.594747328
14657,63,3,638.94,1.386294361,6.461374422,-0.387764292,0.237466779,0.047162377
14658,25,1,123.14,0.693147181,4.821409961,-0.865131071,-0.868813241,-1.294809588
14659,53,6,1641.55,1.945910149,7.404005191,-0.513387128,1.130627399,0.81851084
14660,8,1,128.95,0.693147181,4.867149761,-1.078689893,-0.868813241,-1.257381015
14662,142,3,512.28,1.386294361,6.240821505,0.604656117,0.237466779,-0.133314601
14665,204,3,731.66,1.386294361,6.596681747,1.383517704,0.237466779,0.157883458
14667,2,18,6011.46,2.944438979,8.701589262,-1.154063595,2.724304074,1.880315218
14669,149,3,1259.24,1.386294361,7.139057458,0.692592103,0.237466779,0.601705879
14670,188,2,392.86,1.098612289,5.975995516,1.182521165,-0.221680914,-0.350019939
14672,142,2,765.55,1.098612289,6.641899928,0.604656117,-0.221680914,0.194885193
14673,275,1,373.49,0.693147181,5.9255651,2.275439843,-0.868813241,-0.391286812
14676,55,4,1690.92,1.609437912,7.433619258,-0.488262561,0.593609398,0.842743833
14680,3,14,25422.56,2.708050201,10.14343158,-1.141501311,2.347021746,3.060165159
14681,119,1,393.95,0.693147181,5.978759175,0.315723593,-0.868813241,-0.347758456
14682,95,2,52,1.098612289,3.970291914,0.014228785,-0.221680914,-1.991273801
14684,123,2,493.44,1.098612289,6.203425809,0.365972728,-0.221680914,-0.16391525
14687,14,1,628.38,0.693147181,6.444735208,-1.003316191,-0.868813241,0.03354662
14688,0,16,4186.45,2.833213344,8.339847236,-1.179188162,2.546785213,1.584304134
14689,116,1,112.8,0.693147181,4.734442522,0.278036742,-0.868813241,-1.365974462
14690,59,1,212.56,0.693147181,5.363917824,-0.438013426,-0.868813241,-0.850879027
14691,4,2,1274.68,1.098612289,7.151234649,-1.128939027,-0.221680914,0.611670393
14692,45,4,591.55,1.609437912,6.384435258,-0.613885397,0.593609398,-0.015796427
14693,172,1,172.9,0.693147181,5.158480421,0.981524627,-0.868813241,-1.018987081
14696,27,5,1458.54,1.791759469,7.285876597,-0.840006503,0.884599106,0.721847
14697,126,2,188.61,1.098612289,5.244969331,0.403659579,-0.221680914,-0.948213784
14699,122,1,109.13,0.693147181,4.701661486,0.353410444,-0.868813241,-1.392798965
14700,97,2,1541.1,1.098612289,7.340900403,0.039353353,-0.221680914,0.766872613
14701,80,7,1941.43,2.079441542,7.571695046,-0.17420547,1.343746799,0.955730328
14702,24,9,1651.25,2.302585093,7.409893274,-0.877693354,1.699889419,0.823329019
14704,50,2,207.5,1.098612289,5.339939041,-0.551073979,-0.221680914,-0.870500705
14705,106,1,179,0.693147181,5.192956851,0.152413906,-0.868813241,-0.990775249
14708,62,2,701.18,1.098612289,6.554189781,-0.400326575,-0.221680914,0.123112566
14709,1,9,3952.74,2.302585093,8.282417245,-1.166625878,1.699889419,1.537309557
14711,17,8,2056.73,2.197224577,7.629358712,-0.96562934,1.531731433,1.002916121
14712,20,1,115.72,0.693147181,4.759777904,-0.927942489,-0.868813241,-1.345242688
14713,7,9,2029.61,2.302585093,7.61609152,-1.091252176,1.699889419,0.992059666
14715,2,3,594.75,1.386294361,6.389821116,-1.154063595,0.237466779,-0.011389215
14716,56,1,181.72,0.693147181,5.207954926,-0.475700277,-0.868813241,-0.978502424
14719,87,2,488.12,1.098612289,6.192607858,-0.086269484,-0.221680914,-0.172767507
14720,34,1,155.8,0.693147181,5.054971108,-0.752070518,-0.868813241,-1.103688061
14722,55,1,180.42,0.693147181,5.200814785,-0.488262561,-0.868813241,-0.984345154
14723,266,3,455.65,1.386294361,6.123917233,2.16237929,0.237466779,-0.228976586
14727,182,1,268.58,0.693147181,5.596865192,1.107147463,-0.868813241,-0.660259751
14729,281,1,313.49,0.693147181,5.750952279,2.350813545,-0.868813241,-0.534171317
14730,15,5,872.13,1.791759469,6.772084457,-0.990753907,0.884599106,0.301414323
14731,113,2,251.02,1.098612289,5.529508449,0.240349891,-0.221680914,-0.715377324
14732,51,5,1618.3,1.791759469,7.389749236,-0.538511696,0.884599106,0.806845287
14733,18,11,9044.2,2.48490665,9.109989509,-0.953067056,1.990879126,2.214506413
14735,7,23,3595.71,3.17805383,8.187774818,-1.091252176,3.097159147,1.45986429
14737,36,2,1081.75,1.098612289,6.98725938,-0.72694595,-0.221680914,0.477490526
14738,41,5,757.65,1.791759469,6.631540538,-0.664134532,0.884599106,0.186408173
14739,2,4,2247.58,1.609437912,7.718054185,-1.154063595,0.593609398,1.075495034
14740,105,3,1448.21,1.386294361,7.278773859,0.139851622,0.237466779,0.716034877
14741,21,4,864.96,1.609437912,6.763838718,-0.915380205,0.593609398,0.294666891
14744,205,5,928.03,1.791759469,6.834141031,1.396079987,0.884599106,0.352194804
14745,20,5,1220.26,1.791759469,7.107638392,-0.927942489,0.884599106,0.575995867
14747,157,1,328.2,0.693147181,5.796665469,0.793090372,-0.868813241,-0.496764519
14748,31,4,1118.77,1.609437912,7.020878586,-0.789757369,0.593609398,0.505000898
14754,203,1,228.27,0.693147181,5.434900348,1.37095542,-0.868813241,-0.792794501
14755,20,7,2867.68,2.079441542,7.961607273,-0.927942489,1.343746799,1.274792899
14758,52,4,1484.06,1.609437912,7.303210454,-0.525949412,0.593609398,0.73603118
14759,20,2,870.85,1.098612289,6.770617391,-0.927942489,-0.221680914,0.300213833
14760,205,1,89.2,0.693147181,4.502029427,1.396079987,-0.868813241,-1.556156545
14761,242,1,97.5,0.693147181,4.590056548,1.860884483,-0.868813241,-1.48412454
14762,171,1,300.52,0.693147181,5.708836349,0.968962343,-0.868813241,-0.568634502
14765,20,2,95.5,1.098612289,4.569543008,-0.927942489,-0.221680914,-1.500910633
14766,76,4,1531.32,1.609437912,7.334538206,-0.224454604,0.593609398,0.76166647
14768,35,1,133.2,0.693147181,4.899331225,-0.739508234,-0.868813241,-1.231047138
14769,16,6,6284.84,1.945910149,8.746054764,-0.978191623,1.130627399,1.916701041
14770,140,2,876.42,1.098612289,6.776985783,0.57953155,-0.221680914,0.305425046
14772,20,1,139.26,0.693147181,4.943497843,-0.927942489,-0.868813241,-1.194905889
14775,45,2,701.46,1.098612289,6.55458846,-0.613885397,-0.221680914,0.123438802
14776,13,8,1862.22,2.197224577,7.530061453,-1.015878474,1.531731433,0.921661837
14778,35,2,730.86,1.098612289,6.595589239,-0.739508234,-0.221680914,0.156989466
14779,188,3,386.15,1.386294361,5.958812215,1.182521165,0.237466779,-0.36408092
14782,227,1,200.1,0.693147181,5.303802297,1.672450228,-0.868813241,-0.900071161
14784,231,1,114.68,0.693147181,4.750827758,1.722699362,-0.868813241,-1.352566533
14790,27,2,364.04,1.098612289,5.900006937,-0.840006503,-0.221680914,-0.412200887
14794,111,4,679.54,1.609437912,6.522886601,0.215225324,0.593609398,0.097497382
14795,74,1,131.45,0.693147181,4.886205216,-0.249579171,-0.868813241,-1.241788063
14796,2,14,6581.18,2.708050201,8.792121276,-1.154063595,2.347021746,1.954396961
14798,52,2,97.4,1.098612289,4.589040804,-0.525949412,-0.221680914,-1.484955717
14800,17,9,3832.49,2.302585093,8.251530894,-0.96562934,1.699889419,1.512035462
14803,70,3,845.55,1.386294361,6.741169267,-0.299828306,0.237466779,0.27611663
14805,221,1,109.25,0.693147181,4.702750514,1.597076526,-0.868813241,-1.39190782
14808,52,6,1833.82,1.945910149,7.514701663,-0.525949412,1.130627399,0.909093023
14810,11,10,1866.78,2.397895273,7.532505839,-1.041003042,1.85200682,0.923662061
14813,277,2,152.88,1.098612289,5.036173078,2.300564411,-0.221680914,-1.119070363
14816,105,1,271.85,0.693147181,5.608922194,0.139851622,-0.868813241,-0.650393588
14817,108,2,1010.34,1.098612289,6.919031463,0.177538473,-0.221680914,0.421660077
14818,77,2,409.63,1.098612289,6.017692566,-0.21189232,-0.221680914,-0.315899522
14819,100,1,84.72,0.693147181,4.451086171,0.077040204,-0.868813241,-1.597843072
14820,81,1,139.77,0.693147181,4.947127353,-0.161643186,-0.868813241,-1.191935886
14821,274,1,48.8,0.693147181,3.908014984,2.26287756,-0.868813241,-2.042234597
14823,88,3,321.43,1.386294361,5.775886058,-0.0737072,0.237466779,-0.513768172
14825,35,7,1333.47,2.079441542,7.196289488,-0.739508234,1.343746799,0.648538467
14828,104,3,2139.76,1.386294361,7.668916185,0.127289338,0.237466779,1.035285737
14829,92,3,531.63,1.386294361,6.277826999,-0.023458066,0.237466779,-0.103033253
14834,28,2,429.3,1.098612289,6.06448264,-0.82744422,-0.221680914,-0.277611517
14837,13,3,1345.56,1.386294361,7.205308471,-1.015878474,0.237466779,0.655918641
14840,175,1,62.85,0.693147181,4.156536582,1.019211478,-0.868813241,-1.838871032
14841,87,4,2375.57,1.609437912,7.773413551,-0.086269484,0.593609398,1.120795233
14842,3,3,1901.52,1.386294361,7.550934602,-1.141501311,0.237466779,0.938742195
14844,31,3,2257.68,1.386294361,7.722535851,-0.789757369,0.237466779,1.079162351
14847,56,1,309.4,0.693147181,5.737861788,-0.475700277,-0.868813241,-0.544883178
14849,3,17,5784.53,2.890371758,8.663115252,-1.141501311,2.638011453,1.848832193
14850,219,1,325.75,0.693147181,5.789195353,1.571951959,-0.868813241,-0.502877266
14851,164,1,206.13,0.693147181,5.333346615,0.881026357,-0.868813241,-0.875895243
14852,4,5,2188.42,1.791759469,7.691391948,-1.128939027,0.884599106,1.053677503
14853,119,1,214.5,0.693147181,5.37296091,0.315723593,-0.868813241,-0.84347913
14854,41,6,2281.83,1.945910149,7.73317118,-0.664134532,1.130627399,1.08786517
14855,27,2,645.65,1.098612289,6.47180519,-0.840006503,-0.221680914,0.055697805
14857,56,1,522.52,0.693147181,6.260575234,-0.475700277,-0.868813241,-0.117150257
14859,112,1,296.86,0.693147181,5.696623577,0.227787607,-0.868813241,-0.578628131
14862,56,1,304.1,0.693147181,5.720639592,-0.475700277,-0.868813241,-0.558975987
14865,280,1,37.2,0.693147181,3.642835516,2.338251261,-0.868813241,-2.259229184
14866,13,3,1127.4,1.386294361,7.028555979,-1.015878474,0.237466779,0.511283257
14867,93,3,710.28,1.386294361,6.567066164,-0.010895782,0.237466779,0.133649224
14868,28,4,1297.07,1.609437912,7.168633825,-0.82744422,0.593609398,0.625908023
14869,11,1,387.06,0.693147181,5.961159967,-1.041003042,-0.868813241,-0.36215977
14870,169,1,327.25,0.693147181,5.793775513,0.943837776,-0.868813241,-0.499129351
14871,86,3,335.3,1.386294361,5.818003619,-0.098831768,0.237466779,-0.479303654
14873,118,1,519.68,0.693147181,6.25513565,0.303161309,-0.868813241,-0.121601433
14875,15,2,1465.32,1.098612289,7.29051114,-0.990753907,-0.221680914,0.725639415
14878,81,6,1083.02,1.945910149,6.988431632,-0.161643186,1.130627399,0.478449772
14880,93,2,347.67,1.098612289,5.854125916,-0.010895782,-0.221680914,-0.449745019
14883,71,2,358.48,1.098612289,5.884658543,-0.287266022,-0.221680914,-0.424760375
14885,39,1,765.32,0.693147181,6.641599837,-0.689259099,-0.868813241,0.194639631
14886,160,1,364.8,0.693147181,5.902086736,0.830777223,-0.868813241,-0.410499001
14888,115,1,369.2,0.693147181,5.9140434,0.265474458,-0.868813241,-0.400714942
14889,244,1,135.9,0.693147181,4.919250732,1.88600905,-0.868813241,-1.214747138
14890,161,1,125.65,0.693147181,4.841427376,0.843339507,-0.868813241,-1.27842947
14891,56,2,554.38,1.098612289,6.319652564,-0.475700277,-0.221680914,-0.068807672
14895,18,10,6081.71,2.397895273,8.713205599,-0.953067056,1.85200682,1.889820789
14896,112,2,468.77,1.098612289,6.152243213,0.227787607,-0.221680914,-0.205797626
14897,204,1,175.5,0.693147181,5.173320876,1.383517704,-0.868813241,-1.006843236
14898,42,5,991.18,1.791759469,6.899904542,-0.651572248,0.884599106,0.406008646
14901,9,5,822.12,1.791759469,6.713101998,-1.066127609,0.884599106,0.253149371
14903,32,4,2398.62,1.609437912,7.78306567,-0.777195085,0.593609398,1.128693498
14905,65,2,616.15,1.098612289,6.425112106,-0.362639724,-0.221680914,0.017489166
14907,7,5,2608.18,1.791759469,7.866791275,-1.091252176,0.884599106,1.197205601
14911,1,111,79478.79,4.718498871,11.28325805,-1.166625878,5.555747479,3.992877548
14912,154,1,482.79,0.693147181,6.181650928,0.755403521,-0.868813241,-0.181733489
14913,91,3,917.15,1.386294361,6.822360776,-0.036020349,0.237466779,0.3425551
14915,185,1,142.28,0.693147181,4.964800758,1.144834314,-0.868813241,-1.177473856
14916,1,3,967.76,1.386294361,6.876016903,-1.166625878,0.237466779,0.38646155
14918,23,2,1610.15,1.098612289,7.384703489,-0.890255638,-0.221680914,0.802716386
14920,120,2,977.77,1.098612289,6.886296681,0.328285877,-0.221680914,0.394873424
14921,109,1,903.01,0.693147181,6.806840422,0.190100756,-0.868813241,0.329854898
14924,153,1,310.05,0.693147181,5.739953671,0.742841237,-0.868813241,-0.543171405
14930,16,3,2362.96,1.386294361,7.768093458,-0.978191623,0.237466779,1.116441837
14931,114,2,536,1.098612289,6.285998095,0.252912175,-0.221680914,-0.0963469
14932,273,1,313.53,0.693147181,5.751079461,2.250315276,-0.868813241,-0.534067245
14934,190,1,828.84,0.693147181,6.721232911,1.207645733,-0.868813241,0.259802843
14935,205,1,1784.71,0.693147181,7.487571374,1.396079987,-0.868813241,0.886892489
14936,16,3,5072.88,1.386294361,8.53186109,-0.978191623,0.237466779,1.741427789
14937,38,1,759.56,0.693147181,6.634055004,-0.701821383,-0.868813241,0.188465744
14944,2,7,3164.19,2.079441542,8.059968364,-1.154063595,1.343746799,1.355281123
14947,38,1,178.5,0.693147181,5.190175208,-0.701821383,-0.868813241,-0.993051449
14948,6,4,639.23,1.609437912,6.461827487,-1.10381446,0.593609398,0.047533117
14952,114,7,3534.61,2.079441542,8.170641124,0.252912175,1.343746799,1.445843903
14957,161,1,58.49,0.693147181,4.085808231,0.843339507,-0.868813241,-1.89674757
14958,55,3,483.73,1.386294361,6.183592035,-0.488262561,0.237466779,-0.180145095
14959,17,3,537.32,1.386294361,6.288453179,-0.96562934,0.237466779,-0.094337921
14960,79,1,88.3,0.693147181,4.492001488,-0.186767753,-0.868813241,-1.564362341
14961,62,6,3906.98,1.945910149,8.270775895,-0.400326575,1.130627399,1.527783518
14962,178,1,126.7,0.693147181,4.849683763,1.056898329,-0.868813241,-1.271673324
14963,91,1,294.2,0.693147181,5.687653093,-0.036020349,-0.868813241,-0.585968619
14964,155,1,206.21,0.693147181,5.333732772,0.767965805,-0.868813241,-0.875579253
14965,4,2,596.09,1.098612289,6.392067856,-1.128939027,-0.221680914,-0.009550723
14970,45,3,1119.75,1.386294361,7.021753383,-0.613885397,0.237466779,0.505716738
14972,36,1,114.77,0.693147181,4.751605464,-0.72694595,-0.868813241,-1.351930141
14973,15,3,1314.45,1.386294361,7.181934091,-0.990753907,0.237466779,0.636791542
14976,9,4,559.96,1.609437912,6.329649602,-1.066127609,0.593609398,-0.060627163
14978,143,4,1527.23,1.609437912,7.331865482,0.617218401,0.593609398,0.759479398
14981,154,1,102.12,0.693147181,4.635893359,0.755403521,-0.868813241,-1.446616584
14984,88,1,102.23,0.693147181,4.636959508,-0.0737072,-0.868813241,-1.445744161
14985,106,2,292.01,1.098612289,5.680206738,0.152413906,-0.221680914,-0.592061921
14987,273,1,163.2,0.693147181,5.101085197,2.250315276,-0.868813241,-1.06595321
14988,119,1,334.54,0.693147181,5.815741174,0.315723593,-0.868813241,-0.481154997
14995,188,1,119.31,0.693147181,4.790071745,1.182521165,-0.868813241,-1.32045344
14997,86,1,155.28,0.693147181,5.05164927,-0.098831768,-0.868813241,-1.106406299
14998,78,2,414.87,1.098612289,6.030372711,-0.199330037,-0.221680914,-0.305523444
15002,23,4,1641.76,1.609437912,7.404133033,-0.890255638,0.593609398,0.818615452
15004,55,1,1220.77,0.693147181,7.108055906,-0.488262561,-0.868813241,0.576337516
15005,3,20,4507.55,3.044522438,8.413730873,-1.141501311,2.884039746,1.644762621
15007,67,1,156.91,0.693147181,5.06202525,-0.337515157,-0.868813241,-1.097915703
15012,281,1,188.56,0.693147181,5.244705597,2.350813545,-0.868813241,-0.948429596
15014,84,1,117.73,0.693147181,4.776852008,-0.123956335,-0.868813241,-1.331271063
15016,80,1,170.04,0.693147181,5.141897447,-0.17420547,-0.868813241,-1.032556818
15018,160,2,291.34,1.098612289,5.677917508,0.830777223,-0.221680914,-0.593935182
15019,174,1,252.81,0.693147181,5.536585956,1.006649194,-0.868813241,-0.709585848
15021,64,5,1080.23,1.791759469,6.985854561,-0.375202008,0.884599106,0.476340972
15023,24,8,5027.97,2.197224577,8.522970471,-0.877693354,1.531731433,1.734152654
15024,21,5,830.62,1.791759469,6.723375606,-0.915380205,0.884599106,0.261556196
15026,148,2,230.78,1.098612289,5.445788646,0.680029819,-0.221680914,-0.78388468
15027,76,3,966.97,1.386294361,6.875201095,-0.224454604,0.237466779,0.38579398
15028,276,1,185.97,0.693147181,5.230948176,2.288002127,-0.868813241,-0.959687201
15030,176,1,152.76,0.693147181,5.035392945,1.031773761,-0.868813241,-1.119708741
15031,18,2,261.79,1.098612289,5.571355234,-0.953067056,-0.221680914,-0.68113438
15032,164,3,4959.1,1.386294361,8.509181181,0.881026357,0.237466779,1.72286897
15033,17,6,1608.95,1.945910149,7.383958402,-0.96562934,1.130627399,0.802106686
15034,140,5,2640.38,1.791759469,7.879056787,0.57953155,0.884599106,1.207242388
15036,85,2,212.49,1.098612289,5.363589993,-0.111394051,-0.221680914,-0.851147289
15038,95,4,497.7,1.609437912,6.212004713,0.014228785,0.593609398,-0.15689519
15039,7,37,18062.28,3.63758616,9.801636427,-1.091252176,3.830584094,2.780476466
15041,78,1,179.93,0.693147181,5.198110216,-0.199330037,-0.868813241,-0.986558285
15042,107,1,135.93,0.693147181,4.919469846,0.164976189,-0.868813241,-1.214567838
15044,44,13,5152.68,2.63905733,8.547466302,-0.626447681,2.236907419,1.754197429
15045,59,2,735.66,1.098612289,6.602126456,-0.438013426,-0.221680914,0.162338827
15046,4,11,3943.68,2.48490665,8.280123115,-1.128939027,1.990879126,1.535432285
15047,177,1,343.62,0.693147181,5.842442361,1.044336045,-0.868813241,-0.459305595
15048,24,3,321.48,1.386294361,5.776041119,-0.877693354,0.237466779,-0.513641287
15049,181,1,121.17,0.693147181,4.805413517,1.09458518,-0.868813241,-1.307899371
15051,58,1,377.74,0.693147181,5.936849954,-0.45057571,-0.868813241,-0.382052492
15052,227,1,207.73,0.693147181,5.341041551,1.672450228,-0.868813241,-0.869598528
15053,64,2,478.6,1.098612289,6.172952423,-0.375202008,-0.221680914,-0.188851418
15057,183,2,1489.5,1.098612289,7.306866913,1.119709747,-0.221680914,0.739023236
15058,32,7,1234.76,2.079441542,7.119441444,-0.777195085,1.343746799,0.585654226
15059,15,7,1008.6,2.079441542,6.917309492,-0.990753907,1.343746799,0.420251
15061,35,37,36575,3.63758616,10.50714757,-0.739508234,3.830584094,3.357791519
15062,125,3,814.04,1.386294361,6.703237192,0.391097295,0.237466779,0.245077066
15063,121,1,370.8,0.693147181,5.918356075,0.34084816,-0.868813241,-0.397185909
15065,72,3,2858.75,1.386294361,7.958489487,-0.274703739,0.237466779,1.272241636
15067,190,1,848.05,0.693147181,6.744118077,1.207645733,-0.868813241,0.278529622
15068,164,1,239.96,0.693147181,5.484630945,0.881026357,-0.868813241,-0.752100286
15069,87,1,1109.53,0.693147181,7.012592658,-0.086269484,-0.868813241,0.498220578
15070,280,1,106.2,0.693147181,4.674696249,2.338251261,-0.868813241,-1.414864438
15071,1,2,982.07,1.098612289,6.890680328,-1.166625878,-0.221680914,0.398460533
15073,93,2,861.96,1.098612289,6.76036834,-0.010895782,-0.221680914,0.291827103
15074,13,1,735.67,0.693147181,6.602140031,-1.015878474,-0.868813241,0.162349935
15076,80,1,880.85,0.693147181,6.782021974,-0.17420547,-0.868813241,0.309546127
15078,13,22,6702.59,3.135494216,8.810398483,-1.015878474,3.029232951,1.969353077
15079,120,4,895.61,1.609437912,6.798620985,0.328285877,0.593609398,0.323128987
15081,116,2,248.05,1.098612289,5.51765368,0.278036742,-0.221680914,-0.725078003
15083,164,1,88.2,0.693147181,4.49088104,0.881026357,-0.868813241,-1.565279196
15087,189,1,306.94,0.693147181,5.729904959,1.195083449,-0.868813241,-0.551394199
15089,2,3,2036.28,1.386294361,7.619370864,-1.154063595,0.237466779,0.994743131
15090,216,1,381.32,0.693147181,5.946257954,1.534265108,-0.868813241,-0.374353988
15092,123,2,457.81,1.098612289,6.128636181,0.365972728,-0.221680914,-0.225115103
15093,24,5,4027.1,1.791759469,8.30105008,-0.877693354,0.884599106,1.552556681
15095,11,4,1370.6,1.609437912,7.223733221,-1.041003042,0.593609398,0.67099549
15098,90,3,39916.5,1.386294361,10.5945701,-0.048582633,0.237466779,3.429328797
15100,241,3,876,1.386294361,6.776506992,1.848322199,0.237466779,0.305033255
15101,267,1,102.28,0.693147181,4.637443747,2.174941574,-0.868813241,-1.445347912
15104,104,2,993.54,1.098612289,6.902280319,0.127289338,-0.221680914,0.407952728
15105,42,1,532.98,0.693147181,6.280358385,-0.651572248,-0.868813241,-0.100961837
15106,49,3,1032.83,1.386294361,6.941025631,-0.563636263,0.237466779,0.439657758
15107,219,6,319.5,1.945910149,5.769882276,1.571951959,1.130627399,-0.518681027
15108,49,3,1159.25,1.386294361,7.056390778,-0.563636263,0.237466779,0.534060287
15109,153,1,484.95,0.693147181,6.186105738,0.742841237,-0.868813241,-0.178088148
15110,34,2,376.55,1.098612289,5.93370301,-0.752070518,-0.221680914,-0.384627615
15111,280,1,288.5,0.693147181,5.668155297,2.338251261,-0.868813241,-0.601923535
15114,1,7,1678.97,2.079441542,7.426531215,-1.166625878,1.343746799,0.836943735
15116,42,2,790.97,1.098612289,6.674523512,-0.651572248,-0.221680914,0.221580854
15117,28,2,675.73,1.098612289,6.517272375,-0.82744422,-0.221680914,0.092903299
15118,42,1,244.8,0.693147181,5.504518197,-0.651572248,-0.868813241,-0.735826681
15119,153,1,266.4,0.693147181,5.588745665,0.742841237,-0.868813241,-0.666903906
15120,41,1,358.82,0.693147181,5.885603906,-0.664134532,-0.868813241,-0.42398679
15121,196,1,295.15,0.693147181,5.690866083,1.283019434,-0.868813241,-0.58333945
15122,22,3,1633.78,1.386294361,7.399263518,-0.902817922,0.237466779,0.81463076
15123,114,1,1069.47,0.693147181,6.975853083,0.252912175,-0.868813241,0.46815683
15124,99,1,90.75,0.693147181,4.519067487,0.06447792,-0.868813241,-1.542214415
15125,21,12,10795.48,2.564949357,9.286975434,-0.915380205,2.118629265,2.359332813
15128,34,3,1170.24,1.386294361,7.065818296,-0.752070518,0.237466779,0.541774762
15129,14,10,2796.73,2.397895273,7.936563653,-1.003316191,1.85200682,1.254299872
15130,77,1,330.11,0.693147181,5.802450646,-0.21189232,-0.868813241,-0.492030547
15132,13,3,842.23,1.386294361,6.737239756,-1.015878474,0.237466779,0.272901138
15133,35,3,982.42,1.386294361,6.891036292,-0.739508234,0.237466779,0.398751816
15134,35,4,614.86,1.609437912,6.423019665,-0.739508234,0.593609398,0.015776936
15135,147,1,139.05,0.693147181,4.941999502,0.667467535,-0.868813241,-1.196131972
15136,4,1,582.9,0.693147181,6.369729735,-1.128939027,-0.868813241,-0.027829858
15139,147,2,178.96,1.098612289,5.192734604,0.667467535,-0.221680914,-0.990957112
15140,23,5,1728.11,1.791759469,7.455362104,-0.890255638,0.884599106,0.860535859
15143,133,1,259.45,0.693147181,5.562410904,0.491595564,-0.868813241,-0.688453465
15144,0,10,3560.84,2.397895273,8.178032544,-1.179188162,1.85200682,1.451892253
15145,135,2,724.03,1.098612289,6.586213033,0.516720131,-0.221680914,0.149316979
15146,72,2,1327.16,1.098612289,7.191549805,-0.274703739,-0.221680914,0.644660016
15147,148,1,623.5,0.693147181,6.43695133,0.680029819,-0.868813241,0.027177124
15149,41,1,520.8,0.693147181,6.257284373,-0.664134532,-0.868813241,-0.119843147
15150,17,5,3569.62,1.791759469,8.180494529,-0.96562934,0.884599106,1.453906879
15152,21,6,2383.21,1.945910149,7.776623112,-0.915380205,1.130627399,1.123421595
15157,62,2,1505.37,1.098612289,7.317458062,-0.400326575,-0.221680914,0.747689902
15159,20,18,8969.97,2.944438979,9.101749087,-0.927942489,2.724304074,2.207763331
15160,265,1,158.16,0.693147181,5.069909986,2.149817007,-0.868813241,-1.091463677
15163,100,1,155,0.693147181,5.049856007,0.077040204,-0.868813241,-1.107873714
15164,116,2,363.23,1.098612289,5.897785536,0.278036742,-0.221680914,-0.414018644
15165,281,1,487.75,0.693147181,6.191851111,2.350813545,-0.868813241,-0.173386748
15167,228,1,158.8,0.693147181,5.073923033,1.685012511,-0.868813241,-1.088179827
15171,239,1,1289.5,0.693147181,7.162785019,1.823197632,-0.868813241,0.621121984
15172,43,3,886.74,1.386294361,6.788678907,-0.639009965,0.237466779,0.314993452
15174,230,1,135.75,0.693147181,4.918154441,1.710137079,-0.868813241,-1.215644226
15178,168,1,40.5,0.693147181,3.725693427,0.931275492,-0.868813241,-2.191427109
15179,141,3,1455.12,1.386294361,7.283530643,0.592093833,0.237466779,0.719927322
15180,275,1,87.5,0.693147181,4.483002552,2.275439843,-0.868813241,-1.57172611
15181,83,2,435,1.098612289,6.077642243,-0.136518619,-0.221680914,-0.266843101
15182,62,2,622.85,1.098612289,6.435909955,-0.400326575,-0.221680914,0.026324974
15184,98,1,235.23,0.693147181,5.464805907,0.051915636,-0.868813241,-0.768322983
15186,76,1,229.26,0.693147181,5.439209105,-0.224454604,-0.868813241,-0.789268674
15187,4,5,1868.88,1.791759469,7.533629537,-1.128939027,0.884599106,0.924581576
15189,1,32,12537.67,3.496507561,9.436572748,-1.166625878,3.605419167,2.481747296
15192,27,3,1044.32,1.386294361,6.952078338,-0.840006503,0.237466779,0.448702114
15194,34,11,4469.53,2.48490665,8.405262249,-0.752070518,1.990879126,1.637832803
15197,160,2,773.25,1.098612289,6.651894819,0.830777223,-0.221680914,0.203063946
15198,0,2,193.64,1.098612289,5.271151698,-1.179188162,-0.221680914,-0.926788928
15199,2,3,967.75,1.386294361,6.876006581,-1.154063595,0.237466779,0.386453103
15201,34,4,933.26,1.609437912,6.839754772,-0.752070518,0.593609398,0.356788491
15203,13,4,1328.32,1.609437912,7.192422812,-1.015878474,0.593609398,0.645374392
15204,265,1,316.58,0.693147181,5.760729755,2.149817007,-0.868813241,-0.526170474
15205,35,1,476.3,0.693147181,6.168145224,-0.739508234,-0.868813241,-0.192785117
15206,7,3,236.7,1.386294361,5.471009374,-1.091252176,0.237466779,-0.763246726
15208,71,2,323.52,1.098612289,5.782347168,-0.287266022,-0.221680914,-0.50848109
15210,133,1,331.18,0.693147181,5.805676991,0.491595564,-0.868813241,-0.489390451
15211,273,1,383.07,0.693147181,5.950824828,2.250315276,-0.868813241,-0.370616946
15212,149,1,101.8,0.693147181,4.632785353,0.692592103,-0.868813241,-1.449159844
15213,226,2,328.35,1.098612289,5.797121015,1.659887944,-0.221680914,-0.496391749
15214,91,2,651.63,1.098612289,6.481010353,-0.036020349,-0.221680914,0.063230329
15215,4,1,300.04,0.693147181,5.707243146,-1.128939027,-0.868813241,-0.569938209
15218,24,8,3865.35,2.197224577,8.260066189,-0.877693354,1.531731433,1.519019836
15219,84,1,305.75,0.693147181,5.726033084,-0.123956335,-0.868813241,-0.554562528
15220,23,5,1284.05,1.791759469,7.158552907,-0.890255638,0.884599106,0.617658875
15221,274,1,403.25,0.693147181,6.002033498,2.26287756,-0.868813241,-0.328713232
15222,226,1,585,0.693147181,6.37331979,1.659887944,-0.868813241,-0.02489214
15223,133,2,755.75,1.098612289,6.629032948,0.491595564,-0.221680914,0.184356229
15224,266,2,322.08,1.098612289,5.777899971,2.16237929,-0.221680914,-0.512120201
15225,142,1,409.4,0.693147181,6.017132294,0.604656117,-0.868813241,-0.316357989
15226,218,1,154.41,0.693147181,5.046066786,1.559389675,-0.868813241,-1.110974408
15227,123,3,876.82,1.386294361,6.777441561,0.365972728,0.237466779,0.305798006
15228,37,3,2224.03,1.386294361,7.707525678,-0.714383667,0.237466779,1.066879627
15230,147,2,429.6,1.098612289,6.065179585,0.667467535,-0.221680914,-0.277041212
15232,21,2,612.06,1.098612289,6.41846281,-0.915380205,-0.221680914,0.012048092
15234,184,1,197,0.693147181,5.288267031,1.132272031,-0.868813241,-0.912783566
15235,125,12,2247.51,2.564949357,7.718023054,0.391097295,2.118629265,1.075469559
15236,206,1,321.05,0.693147181,5.774706813,1.408642271,-0.868813241,-0.514733141
15237,111,2,1093.65,1.098612289,6.998189956,0.215225324,-0.221680914,0.486434944
15238,3,2,772.78,1.098612289,6.651287595,-1.141501311,-0.221680914,0.202567059
15240,99,3,1045.38,1.386294361,6.953091867,0.06447792,0.237466779,0.449531479
15241,35,6,1344.86,1.945910149,7.204788493,-0.739508234,1.130627399,0.655493146
15244,156,1,297.94,0.693147181,5.700242884,0.780528088,-0.868813241,-0.575666476
15245,42,3,2515.84,1.386294361,7.830759425,-0.651572248,0.237466779,1.167720979
15246,146,2,514.15,1.098612289,6.24445812,0.654905252,-0.221680914,-0.130338783
15247,30,1,356,0.693147181,5.877735782,-0.802319652,-0.868813241,-0.430425224
15249,15,10,5357.03,2.397895273,8.586351649,-0.990753907,1.85200682,1.786017049
15251,14,7,7452.12,2.079441542,8.916388016,-1.003316191,1.343746799,2.056083604
15252,91,1,300.55,0.693147181,5.70893584,-0.036020349,-0.868813241,-0.568553089
15253,77,1,173.85,0.693147181,5.163928464,-0.21189232,-0.868813241,-1.014528985
15254,35,1,300.36,0.693147181,5.708305563,-0.739508234,-0.868813241,-0.56906884
15256,56,1,98.45,0.693147181,4.599655005,-0.475700277,-0.868813241,-1.476270187
15257,191,1,317.15,0.693147181,5.76252297,1.220208016,-0.868813241,-0.524703098
15258,76,2,623.16,1.098612289,6.436406746,-0.224454604,-0.221680914,0.026731495
15260,8,7,1810.77,2.079441542,7.502059547,-1.078689893,1.343746799,0.898748064
15261,43,1,254.82,0.693147181,5.544474072,-0.639009965,-0.868813241,-0.703131055
15262,231,1,178.95,0.693147181,5.192679035,1.722699362,-0.868813241,-0.991002584
15263,14,1,156.51,0.693147181,5.059488948,-1.003316191,-0.868813241,-1.099991142
15265,59,2,1506.12,1.098612289,7.317955824,-0.438013426,-0.221680914,0.748097217
15266,246,1,119.3,0.693147181,4.789988623,1.911133617,-0.868813241,-1.320521459
15267,63,2,1407.76,1.098612289,7.250465164,-0.387764292,-0.221680914,0.692870061
15270,25,5,1850.29,1.791759469,7.523637972,-0.865131071,0.884599106,0.916405546
15271,2,10,1592.58,2.397895273,7.373738337,-1.154063595,1.85200682,0.793743675
15279,262,1,290.51,0.693147181,5.675074311,2.112130156,-0.868813241,-0.596261752
15280,80,1,113.12,0.693147181,4.737250526,-0.17420547,-0.868813241,-1.363676691
15281,44,8,2191.78,2.197224577,7.692925424,-0.626447681,1.531731433,1.054932337
15288,63,4,2006.36,1.609437912,7.604575705,-0.387764292,0.593609398,0.982636352
15289,45,2,697.98,1.098612289,6.54962213,-0.613885397,-0.221680914,0.119374887
15290,11,12,3392.59,2.564949357,8.129643637,-1.041003042,2.118629265,1.412295933
15291,2,12,3685.02,2.564949357,8.212302564,-1.154063595,2.118629265,1.479935181
15292,109,1,178.39,0.693147181,5.189562207,0.190100756,-0.868813241,-0.993553064
15296,17,5,2599.49,1.791759469,7.863455168,-0.96562934,0.884599106,1.194475687
15298,0,7,3358.22,2.079441542,8.119464083,-1.179188162,1.343746799,1.403966072
15299,72,5,3035.01,1.791759469,8.018299432,-0.274703739,0.884599106,1.321183714
15301,21,9,3727.4,2.302585093,8.223734466,-0.915380205,1.699889419,1.48928983
15303,198,1,574.02,0.693147181,6.354404823,1.308144002,-0.868813241,-0.040370131
15304,72,6,491.9,1.945910149,6.200306314,-0.274703739,1.130627399,-0.166467912
15306,0,2,657.07,1.098612289,6.489311309,-1.179188162,-0.221680914,0.070022945
15307,3,1,205.3,0.693147181,5.32933142,-1.141501311,-0.868813241,-0.87918085
15308,182,1,310.47,0.693147181,5.741303025,1.107147463,-0.868813241,-0.542067237
15311,2,65,46020.75,4.189654742,10.73686939,-1.154063595,4.711699187,3.545771353
15312,11,3,794.8,1.386294361,6.679347898,-1.041003042,0.237466779,0.225528617
15313,18,1,52,0.693147181,3.970291914,-0.953067056,-0.868813241,-1.991273801
15314,107,1,327.97,0.693147181,5.795966561,0.164976189,-0.868813241,-0.497336431
15315,24,1,233.54,0.693147181,5.457626149,-0.877693354,-0.868813241,-0.77419813
15316,234,1,165,0.693147181,5.111987788,1.760386213,-0.868813241,-1.057031692
15319,191,1,204.5,0.693147181,5.325446034,1.220208016,-0.868813241,-0.882360236
15321,199,1,1159.47,0.693147181,7.056580374,1.320706285,-0.868813241,0.534215433
15325,11,1,161.74,0.693147181,5.092153835,-1.041003042,-0.868813241,-1.073261684
15326,241,1,311.71,0.693147181,5.745276243,1.848322199,-0.868813241,-0.538815979
15329,42,2,754,1.098612289,6.626717749,-0.651572248,-0.221680914,0.182461718
15332,274,4,1661.06,1.609437912,7.415813076,2.26287756,0.593609398,0.828173153
15333,116,1,1028.56,0.693147181,6.936886805,0.278036742,-0.868813241,0.436270985
15334,64,3,350.82,1.386294361,5.863119681,-0.375202008,0.237466779,-0.442385481
15339,226,1,257.9,0.693147181,5.556441887,1.659887944,-0.868813241,-0.693337872
15342,37,1,406.09,0.693147181,6.009034291,-0.714383667,-0.868813241,-0.32298453
15346,240,1,252.42,0.693147181,5.535048191,1.835759915,-0.868813241,-0.71084419
15347,274,1,201.6,0.693147181,5.311233592,2.26287756,-0.868813241,-0.893990182
15349,66,2,463.91,1.098612289,6.141843838,-0.350077441,-0.221680914,-0.214307365
15350,281,1,115.65,0.693147181,4.759177998,2.350813545,-0.868813241,-1.345733587
15351,277,1,274.67,0.693147181,5.619204498,2.300564411,-0.868813241,-0.641979646
15353,162,2,770.12,1.098612289,6.647844003,0.85590179,-0.221680914,0.19974919
15356,13,8,2231.17,2.197224577,7.710729485,-1.015878474,1.531731433,1.069501281
15358,28,15,5639.81,2.772588722,8.637782951,-0.82744422,2.450026819,1.82810294
15361,269,1,418.92,0.693147181,6.040064217,2.200066141,-0.868813241,-0.297592949
15363,280,1,326,0.693147181,5.789960171,2.338251261,-0.868813241,-0.50225142
15364,3,2,913.19,1.098612289,6.818038427,-1.141501311,-0.221680914,0.339018151
15365,4,2,961.28,1.098612289,6.869305469,-1.128939027,-0.221680914,0.380969628
15366,266,1,105.54,0.693147181,4.668520501,2.16237929,-0.868813241,-1.419918011
15367,153,2,1416.18,1.098612289,7.256424261,0.742841237,-0.221680914,0.69774635
15370,49,4,1513.46,1.609437912,7.322814219,-0.563636263,0.593609398,0.752072809
15372,45,1,2007.4,0.693147181,7.605093664,-0.613885397,-0.868813241,0.983060194
15373,23,9,1686.9,2.302585093,7.431240432,-0.890255638,1.699889419,0.840797255
15374,36,1,168,0.693147181,5.129898715,-0.72694595,-0.868813241,-1.042375301
15376,25,2,977.22,1.098612289,6.885734594,-0.865131071,-0.221680914,0.394413471
15379,77,7,3703.29,2.079441542,8.217246886,-0.21189232,1.343746799,1.483981087
15380,49,2,582.56,1.098612289,6.369147274,-0.563636263,-0.221680914,-0.028306482
15381,121,2,596.85,1.098612289,6.393339886,0.34084816,-0.221680914,-0.008509829
15382,92,4,2127.12,1.609437912,7.66299424,-0.023458066,0.593609398,1.030439848
15384,77,2,642.41,1.098612289,6.466782157,-0.21189232,-0.221680914,0.051587491
15386,94,1,394.14,0.693147181,5.979240132,0.001666502,-0.868813241,-0.347364892
15388,178,1,140.54,0.693147181,4.952582363,1.056898329,-0.868813241,-1.187472087
15389,80,1,500,0.693147181,6.216606101,-0.17420547,-0.868813241,-0.153129905
15392,268,1,338.98,0.693147181,5.828886792,2.187503858,-0.868813241,-0.470398026
15393,189,1,124.1,0.693147181,4.829113417,1.195083449,-0.868813241,-1.288505901
15394,112,2,1436.44,1.098612289,7.270619033,0.227787607,-0.221680914,0.709361837
15395,233,1,107.45,0.693147181,4.686289237,1.74782393,-0.868813241,-1.405377973
15396,20,1,288.18,0.693147181,5.667049332,-0.927942489,-0.868813241,-0.602828539
15397,197,1,94,0.693147181,4.553876892,1.295581718,-0.868813241,-1.513730111
15400,0,5,716.2,1.791759469,6.575354742,-1.179188162,0.884599106,0.140431712
15402,56,2,626.77,1.098612289,6.442173857,-0.475700277,-0.221680914,0.031450684
15405,97,1,349.1,0.693147181,5.858218828,0.039353353,-0.868813241,-0.446395817
15406,209,1,252.29,0.693147181,5.534535077,1.446329122,-0.868813241,-0.711264068
15407,91,3,740.73,1.386294361,6.608985296,-0.036020349,0.237466779,0.167951369
15408,172,1,267.18,0.693147181,5.591658397,0.981524627,-0.868813241,-0.664520437
15410,7,7,3089.41,2.079441542,8.036059047,-1.091252176,1.343746799,1.335716289
15411,32,2,382.21,1.098612289,5.948583142,-0.777195085,-0.221680914,-0.372451302
15412,79,1,190.53,0.693147181,5.255044454,-0.186767753,-0.868813241,-0.939969378
15414,150,1,36.2,0.693147181,3.616308761,0.705154386,-0.868813241,-2.28093585
15415,221,1,559.61,0.693147181,6.329025477,1.597076526,-0.868813241,-0.061137881
15416,63,3,3144.33,1.386294361,8.053674092,-0.387764292,0.237466779,1.350130562
15421,123,3,739.36,1.386294361,6.607136554,0.365972728,0.237466779,0.166438557
15422,231,2,97.7,1.098612289,4.592084946,1.722699362,-0.221680914,-1.482464715
15424,162,2,383.34,1.098612289,5.951527578,0.85590179,-0.221680914,-0.37004189
15426,165,2,634.13,1.098612289,6.453829702,0.893588641,-0.221680914,0.040988584
15433,121,2,533.3,1.098612289,6.280957479,0.34084816,-0.221680914,-0.100471602
15434,15,3,587.28,1.386294361,6.377203025,-0.990753907,0.237466779,-0.021714515
15436,142,1,484.1,0.693147181,6.184355055,0.604656117,-0.868813241,-0.17952072
15437,170,1,200.16,0.693147181,5.304100611,0.956400059,-0.868813241,-0.899827052
15438,39,1,156.58,0.693147181,5.059933266,-0.689259099,-0.868813241,-1.09962756
15440,44,2,237.66,1.098612289,5.475039945,-0.626447681,-0.221680914,-0.759948537
15442,156,1,594,0.693147181,6.388561406,0.780528088,-0.868813241,-0.012420028
15443,17,2,684.8,1.098612289,6.53058604,-0.96562934,-0.221680914,0.103797782
15445,172,1,113.5,0.693147181,4.740574823,0.981524627,-0.868813241,-1.360956441
15447,238,1,155.17,0.693147181,5.050945157,1.810635348,-0.868813241,-1.106982469
15448,220,1,494.64,0.693147181,6.205849857,1.584514242,-0.868813241,-0.161931668
15449,93,2,647.7,1.098612289,6.47497036,-0.010895782,-0.221680914,0.058287843
15452,172,1,237,0.693147181,5.472270674,0.981524627,-0.868813241,-0.762214614
15453,0,4,701.2,1.609437912,6.554218264,-1.179188162,0.593609398,0.123135873
15454,270,1,179.1,0.693147181,5.193512252,2.212628425,-0.868813241,-0.990320768
15456,191,3,434.59,1.386294361,6.076701434,1.220208016,0.237466779,-0.26761296
15457,170,1,237.07,0.693147181,5.472564748,0.956400059,-0.868813241,-0.761973974
15460,262,1,214.26,0.693147181,5.3718466,2.112130156,-0.868813241,-0.844390962
15462,2,3,234.6,1.386294361,5.462135452,-1.154063595,0.237466779,-0.770508198
15464,246,1,1044.65,0.693147181,6.952393981,1.911133617,-0.868813241,0.448960403
15465,46,15,5992.13,2.772588722,8.698369092,-0.601323114,2.450026819,1.877680175
15467,53,2,402.56,1.098612289,6.000325176,-0.513387128,-0.221680914,-0.330111142
15469,28,1,304.3,0.693147181,5.7212949,-0.82744422,-0.868813241,-0.558439753
15472,21,1,371.56,0.693147181,5.920398099,-0.915380205,-0.868813241,-0.395514935
15480,24,1,905.5,0.693147181,6.80959103,-0.877693354,-0.868813241,0.332105702
15482,73,4,1928.3,1.609437912,7.564912522,-0.262141455,0.593609398,0.950180234
15483,69,4,225.26,1.609437912,5.42168478,-0.31239059,0.593609398,-0.803608712
15485,244,2,1268.13,1.098612289,7.146086905,1.88600905,-0.221680914,0.607458029
15488,0,1,91.32,0.693147181,4.525260803,-1.179188162,-0.868813241,-1.537146466
15489,119,1,348.26,0.693147181,5.855816631,0.315723593,-0.868813241,-0.448361519
15491,3,6,3100.09,1.945910149,8.039508942,-1.141501311,1.130627399,1.338539314
15493,57,3,1286.95,1.386294361,7.160807086,-0.463137994,0.237466779,0.619503455
15494,29,1,1119.88,0.693147181,7.02186937,-0.814881936,-0.868813241,0.50581165
15497,227,1,970.6,0.693147181,6.878944197,1.672450228,-0.868813241,0.388856935
15498,28,19,9126.37,2.995732274,9.119032871,-0.82744422,2.806169439,2.221906535
15502,31,5,5955.53,1.791759469,8.692243376,-0.789757369,0.884599106,1.872667542
15503,270,1,141.04,0.693147181,4.956108708,2.212628425,-0.868813241,-1.184586503
15505,21,3,2091.14,1.386294361,7.645942745,-0.915380205,0.237466779,1.016486724
15506,46,1,208.77,0.693147181,5.346011692,-0.601323114,-0.868813241,-0.865531495
15507,79,1,475.86,0.693147181,6.167222947,-0.186767753,-0.868813241,-0.19353981
15508,97,6,1000.27,1.945910149,6.909024473,0.039353353,1.130627399,0.413471424
15510,238,1,250,0.693147181,5.525452939,1.810635348,-0.868813241,-0.718695921
15512,63,2,121,1.098612289,4.804021045,-0.387764292,-0.221680914,-1.309038822
15513,2,17,11352.14,2.890371758,9.337249637,-1.154063595,2.638011453,2.400471857
15514,133,6,2501.94,1.945910149,7.82522132,0.491595564,1.130627399,1.163189185
15517,141,1,267.03,0.693147181,5.591098915,0.592093833,-0.868813241,-0.664978258
15518,32,7,1603.86,2.079441542,7.380791804,-0.777195085,1.343746799,0.79951548
15521,2,7,2326.78,2.079441542,7.752670303,-1.154063595,1.343746799,1.103821172
15525,281,1,274.93,0.693147181,5.62014721,2.350813545,-0.868813241,-0.641208231
15527,52,5,1330.79,1.791759469,7.194279181,-0.525949412,0.884599106,0.646893446
15528,162,1,229.33,0.693147181,5.439513063,0.85590179,-0.868813241,-0.789019947
15529,50,8,2387.23,2.197224577,7.778307785,-0.551073979,1.531731433,1.124800152
15530,57,3,1163.69,1.386294361,7.060210236,-0.463137994,0.237466779,0.537185724
15532,39,3,1214.49,1.386294361,7.102902567,-0.689259099,0.237466779,0.572120573
15535,81,4,502.9,1.609437912,6.222377836,-0.161643186,0.593609398,-0.148406933
15537,71,1,110.92,0.693147181,4.71778433,-0.287266022,-0.868813241,-1.379605749
15541,22,1,85.13,0.693147181,4.455857783,-0.902817922,-0.868813241,-1.593938493
15543,196,1,127.86,0.693147181,4.858726544,1.283019434,-0.868813241,-1.264273677
15544,27,7,2772.37,2.079441542,7.927818466,-0.840006503,1.343746799,1.247143744
15545,279,1,135.33,0.693147181,4.915078417,2.325688978,-0.868813241,-1.218161315
15547,18,8,2745.16,2.197224577,7.917958851,-0.953067056,1.531731433,1.239075687
15549,65,2,1619.88,1.098612289,7.390724491,-0.362639724,-0.221680914,0.807643331
15550,14,3,433.28,1.386294361,6.073689487,-1.003316191,0.237466779,-0.270077615
15552,125,1,90.12,0.693147181,4.512177319,0.391097295,-0.868813241,-1.547852593
15554,185,1,217.2,0.693147181,5.385412073,1.144834314,-0.868813241,-0.833290426
15555,11,10,2809.63,2.397895273,7.941163936,-1.041003042,1.85200682,1.258064253
15561,57,3,449.67,1.386294361,6.110735364,-0.463137994,0.237466779,-0.239763222
15562,259,1,134.55,0.693147181,4.909340576,2.074443305,-0.868813241,-1.222856553
15563,108,2,735.62,1.098612289,6.602072155,0.177538473,-0.221680914,0.162294393
15569,11,5,1375.71,1.791759469,7.227451874,-1.041003042,0.884599106,0.674038439
15570,49,9,2809.98,2.302585093,7.941288456,-0.563636263,1.699889419,1.258166147
15572,17,4,1552.79,1.609437912,7.348452387,-0.96562934,0.593609398,0.773052351
15574,85,4,675.64,1.609437912,6.517139374,-0.111394051,0.593609398,0.092794465
15577,59,3,258.88,1.386294361,5.560219986,-0.438013426,0.237466779,-0.690246279
15578,70,1,127.1,0.693147181,4.852811209,-0.299828306,-0.868813241,-1.269114156
15579,221,1,195.35,0.693147181,5.279898781,1.597076526,-0.868813241,-0.919631248
15581,28,13,3675.77,2.63905733,8.209789928,-0.82744422,2.236907419,1.477879108
15582,8,2,541.51,1.098612289,6.296206518,-1.078689893,-0.221680914,-0.087993415
15584,70,1,150.4,0.693147181,5.019925341,-0.299828306,-0.868813241,-1.132365778
15585,84,1,455.3,0.693147181,6.123150488,-0.123956335,-0.868813241,-0.229604009
15587,50,2,456.84,1.098612289,6.126519778,-0.551073979,-0.221680914,-0.226846941
15589,163,3,478.53,1.386294361,6.172806458,0.868464074,0.237466779,-0.188970861
15594,1,2,788.22,1.098612289,6.671045116,-1.166625878,-0.221680914,0.218734506
15596,8,5,1406.59,1.791759469,7.249634301,-1.078689893,0.884599106,0.692190172
15599,112,1,448.83,0.693147181,6.108869734,0.227787607,-0.868813241,-0.241289855
15601,30,11,5585.46,2.48490665,8.628101092,-0.802319652,1.990879126,1.820180339
15602,108,5,542.95,1.791759469,6.298857331,0.177538473,0.884599106,-0.085824273
15605,160,3,690.18,1.386294361,6.538400282,0.830777223,0.237466779,0.110192124
15606,27,8,2439.38,2.197224577,7.799909044,-0.840006503,1.531731433,1.142476318
15607,244,1,104.76,0.693147181,4.661172376,1.88600905,-0.868813241,-1.425930933
15608,28,1,285.68,0.693147181,5.658366611,-0.82744422,-0.868813241,-0.609933551
15609,92,1,298.48,0.693147181,5.702047637,-0.023458066,-0.868813241,-0.574189659
15611,11,7,932.14,2.079441542,6.838555243,-1.041003042,1.343746799,0.355806924
15615,13,19,7367.85,2.995732274,8.905016935,-1.015878474,2.806169439,2.046778724
15618,0,3,419.041,1.386294361,6.040352326,-1.179188162,0.237466779,-0.297357192
15620,128,2,875.01,1.098612289,6.775377506,0.428784146,-0.221680914,0.304109004
15622,105,5,2602,1.791759469,7.864419905,0.139851622,0.884599106,1.195265125
15623,49,1,301.03,0.693147181,5.71052635,-0.563636263,-0.868813241,-0.567251585
15624,24,4,588.13,1.609437912,6.378646872,-0.877693354,0.593609398,-0.020533024
15625,11,4,1534.26,1.609437912,7.336455027,-1.041003042,0.593609398,0.763234991
15626,237,1,281.88,0.693147181,5.645022779,1.798073064,-0.868813241,-0.620852719
15628,6,5,1625.4,1.791759469,7.394124262,-1.10381446,0.884599106,0.810425342
15630,112,1,396.86,0.693147181,5.986100185,0.227787607,-0.868813241,-0.341751357
15632,29,6,2351.84,1.945910149,7.763378388,-0.814881936,1.130627399,1.112583527
15636,190,1,306.7,0.693147181,5.729125282,1.207645733,-0.868813241,-0.552032203
15639,42,1,425.32,0.693147181,6.055190238,-0.651572248,-0.868813241,-0.285215427
15640,29,11,8836.74,2.48490665,9.086786467,-0.814881936,1.990879126,2.195519518
15641,13,4,1887.2,1.609437912,7.543379273,-1.015878474,0.593609398,0.93255972
15643,99,3,664,1.386294361,6.499787041,0.06447792,0.237466779,0.078595167
15644,74,4,803.54,1.609437912,6.690270686,-0.249579171,0.593609398,0.234466661
15646,65,3,447.64,1.386294361,6.106220784,-0.362639724,0.237466779,-0.243457472
15648,112,2,639.5,1.098612289,6.462249121,0.227787607,-0.221680914,0.047878138
15649,244,2,816,1.098612289,6.705639095,1.88600905,-0.221680914,0.247042528
15651,168,1,227.32,0.693147181,5.430748154,0.931275492,-0.868813241,-0.796192214
15653,0,2,877.44,1.098612289,6.778147607,-1.179188162,-0.221680914,0.306375759
15655,151,1,560.67,0.693147181,6.330914489,0.71771667,-0.868813241,-0.059592115
15656,86,3,563.63,1.386294361,6.336170649,-0.098831768,0.237466779,-0.055291034
15658,98,5,1024.1,1.791759469,6.932545448,0.051915636,0.884599106,0.432718481
15660,43,6,884.34,1.945910149,6.785971752,-0.639009965,1.130627399,0.312778204
15661,225,2,309.8,1.098612289,5.739149618,1.64732566,-0.221680914,-0.543829356
15663,14,1,138.14,0.693147181,4.93548062,-1.003316191,-0.868813241,-1.201466329
15665,76,2,2222.21,1.098612289,7.706707376,-0.224454604,-0.221680914,1.066210016
15668,125,1,76.32,0.693147181,4.347952654,0.391097295,-0.868813241,-1.682236539
15669,11,3,565.54,1.386294361,6.339547687,-1.041003042,0.237466779,-0.052527626
15670,204,1,173.05,0.693147181,5.159342614,1.383517704,-0.868813241,-1.018281555
15671,2,5,1972.89,1.791759469,7.587761494,-1.154063595,0.884599106,0.968877395
15673,64,3,2014.7,1.386294361,7.608721809,-0.375202008,0.237466779,0.98602908
15674,121,4,1379.66,1.609437912,7.230316925,0.34084816,0.593609398,0.676382891
15675,63,2,225.39,1.098612289,5.422259176,-0.387764292,-0.221680914,-0.803138688
15676,191,1,897.8,0.693147181,6.80106054,1.220208016,-0.868813241,0.325125259
15679,62,2,260.26,1.098612289,5.56551608,-0.400326575,-0.221680914,-0.68591252
15680,274,1,478.89,0.693147181,6.173556911,2.26287756,-0.868813241,-0.18835677
15681,91,3,703.22,1.386294361,6.557090807,-0.036020349,0.237466779,0.125486456
15683,25,1,193.75,0.693147181,5.271716685,-0.865131071,-0.868813241,-0.926326603
15687,94,5,1679.45,1.791759469,7.426816894,0.001666502,0.884599106,0.837177504
15689,27,2,254.1,1.098612289,5.541655625,-0.840006503,-0.221680914,-0.705437371
15690,8,1,111,0.693147181,4.718498871,-1.078689893,-0.868813241,-1.379021045
15691,160,1,136.8,0.693147181,4.925803359,0.830777223,-0.868813241,-1.209385168
15694,84,8,3290.78,2.197224577,8.099183731,-0.123956335,1.531731433,1.387370796
15695,174,2,409.98,1.098612289,6.018544552,1.006649194,-0.221680914,-0.315202348
15696,128,6,1629.95,1.945910149,7.396917946,0.428784146,1.130627399,0.812711394
15700,80,2,696.68,1.098612289,6.547760545,-0.17420547,-0.221680914,0.117851565
15701,18,1,853.9,0.693147181,6.750984503,-0.953067056,-0.868813241,0.284148372
15703,172,1,211.5,0.693147181,5.358941988,0.981524627,-0.868813241,-0.85495072
15704,48,4,2293.62,1.609437912,7.738322531,-0.576198546,0.593609398,1.092080486
15705,109,1,143.1,0.693147181,4.970507503,0.190100756,-0.868813241,-1.172804065
15706,24,1,450.05,0.693147181,6.111578198,-0.877693354,-0.868813241,-0.239073536
15708,46,6,2589.34,1.945910149,7.85954442,-0.601323114,1.130627399,1.191275548
15709,191,1,133.25,0.693147181,4.899703733,1.220208016,-0.868813241,-1.230742317
15712,17,3,766.31,1.386294361,6.642890892,-0.96562934,0.237466779,0.195696092
15713,51,2,356.7,1.098612289,5.879694646,-0.538511696,-0.221680914,-0.428822298
15716,53,4,1101.11,1.609437912,7.004981803,-0.513387128,0.593609398,0.491992667
15717,142,1,150.3,0.693147181,5.019264621,0.604656117,-0.868813241,-1.132906441
15719,7,11,4061.97,2.48490665,8.309669512,-1.091252176,1.990879126,1.559609905
15722,16,3,1413.45,1.386294361,7.254496042,-0.978191623,0.237466779,0.696168502
15723,272,1,190.7,0.693147181,5.25593165,2.237752992,-0.868813241,-0.939243392
15724,109,2,218.25,1.098612289,5.390212631,0.190100756,-0.221680914,-0.829362162
15727,15,6,4589.39,1.945910149,8.431720267,-0.990753907,1.130627399,1.659483222
15729,120,1,85,0.693147181,4.454347296,0.328285877,-0.868813241,-1.595174514
15730,0,2,777.22,1.098612289,6.657009261,-1.179188162,-0.221680914,0.207249059
15732,120,2,294.12,1.098612289,5.687382053,0.328285877,-0.221680914,-0.586190408
15733,190,1,162.3,0.693147181,5.095589,1.207645733,-0.868813241,-1.070450711
15734,22,2,1339.45,1.098612289,7.200760657,-0.902817922,-0.221680914,0.652197195
15737,55,5,880.93,1.791759469,6.782112688,-0.488262561,0.884599106,0.309620358
15738,4,13,3853.45,2.63905733,8.256983604,-1.128939027,2.236907419,1.516497378
15743,21,2,434.05,1.098612289,6.075460967,-0.915380205,-0.221680914,-0.268628025
15745,144,1,302.85,0.693147181,5.716534159,0.629780684,-0.868813241,-0.562335435
15746,42,1,196.88,0.693147181,5.287660786,-0.651572248,-0.868813241,-0.913279651
15747,28,2,525.37,1.098612289,6.266004388,-0.82744422,-0.221680914,-0.112707617
15749,143,3,44534.3,1.386294361,10.70403741,0.617218401,0.237466779,3.518905165
15750,78,4,1108.18,1.609437912,7.011376283,-0.199330037,0.593609398,0.497225226
15752,1,6,2093.37,1.945910149,7.647008071,-1.166625878,1.130627399,1.017358473
15753,212,1,79.2,0.693147181,4.384523515,1.484015973,-0.868813241,-1.652310848
15754,154,1,91.8,0.693147181,4.53044664,0.755403521,-0.868813241,-1.53290293
15755,16,3,1144.83,1.386294361,7.043884544,-0.978191623,0.237466779,0.52382652
15756,60,3,359.89,1.386294361,5.888573203,-0.425451143,0.237466779,-0.421557035
15757,125,1,261.36,0.693147181,5.569717606,0.391097295,-0.868813241,-0.682474439
15759,126,3,253.04,1.386294361,5.537491735,0.403659579,0.237466779,-0.708844655
15764,15,5,3276.62,1.791759469,8.094872828,-0.990753907,0.884599106,1.383843213
15768,23,3,621.83,1.386294361,6.434273608,-0.890255638,0.237466779,0.024985963
15769,9,19,41863.72,2.995732274,10.64219875,-1.066127609,2.806169439,3.468302998
15775,153,1,104.9,0.693147181,4.662495253,0.742841237,-0.868813241,-1.424848432
15776,41,1,241.62,0.693147181,5.491496433,-0.664134532,-0.868813241,-0.746482303
15777,149,4,1047.11,1.609437912,6.954743821,0.692592103,0.593609398,0.450883261
15780,91,3,475.28,1.386294361,6.166005917,-0.036020349,0.237466779,-0.194535698
15781,45,2,211.3,1.098612289,5.358000369,-0.613885397,-0.221680914,-0.855721241
15785,65,4,1665.83,1.609437912,7.418678898,-0.362639724,0.593609398,0.830518236
15786,22,1,3147.64,0.693147181,8.054725893,-0.902817922,-0.868813241,1.350991243
15789,266,1,351.3,0.693147181,5.864483085,2.16237929,-0.868813241,-0.441269817
15791,112,1,1223.24,0.693147181,7.110075522,0.227787607,-0.868813241,0.577990155
15793,176,1,306.64,0.693147181,5.728930268,1.031773761,-0.868813241,-0.552191782
15795,57,1,610.01,0.693147181,6.415113326,-0.463137994,-0.868813241,0.009307231
15796,17,5,1572.77,1.791759469,7.361229294,-0.96562934,0.884599106,0.783507609
15797,21,4,2207.4,1.609437912,7.70002355,-0.915380205,0.593609398,1.060740686
15799,93,2,481.24,1.098612289,6.178441915,-0.010895782,-0.221680914,-0.184359403
15800,15,2,696.89,1.098612289,6.548061497,-0.990753907,-0.221680914,0.118097832
15801,17,1,137.22,0.693147181,4.928846619,-0.96562934,-0.868813241,-1.206894888
15802,50,1,451.42,0.693147181,6.114610952,-0.551073979,-0.868813241,-0.236591854
15804,2,5,2554.84,1.791759469,7.846136216,-1.154063595,0.884599106,1.180303704
15805,14,11,3548.5,2.48490665,8.174562027,-1.003316191,1.990879126,1.449052352
15806,65,2,521.88,1.098612289,6.259351992,-0.362639724,-0.221680914,-0.118151228
15808,214,4,3651.27,1.609437912,8.203104171,1.50914054,0.593609398,1.472408198
15809,92,4,399.21,1.609437912,5.991989409,-0.023458066,0.593609398,-0.336932243
15810,78,3,1361.19,1.386294361,7.216848978,-0.199330037,0.237466779,0.66536216
15811,13,5,1773.8,1.791759469,7.48144302,-1.015878474,0.884599106,0.881877697
15812,15,5,1801.14,1.791759469,7.496730127,-0.990753907,0.884599106,0.894387035
15813,115,2,1303.91,1.098612289,7.173889352,0.265474458,-0.221680914,0.630208585
15815,48,4,1874.7,1.609437912,7.536737202,-0.576198546,0.593609398,0.927124558
15819,39,3,1585.47,1.386294361,7.369266701,-0.689259099,0.237466779,0.790084566
15820,227,1,206.98,0.693147181,5.337441921,1.672450228,-0.868813241,-0.872544081
15822,267,1,440.2,0.693147181,6.089498287,2.174941574,-0.868813241,-0.25714138
15823,280,1,15,0.693147181,2.772588722,2.338251261,-0.868813241,-2.971346323
15825,80,1,532.94,0.693147181,6.280283473,-0.17420547,-0.868813241,-0.101023137
15826,118,1,720,0.693147181,6.580639137,0.303161309,-0.868813241,0.144755897
15827,22,13,1598.16,2.63905733,7.37723377,-0.902817922,2.236907419,0.796603965
15829,7,2,636.14,1.098612289,6.456989412,-1.091252176,-0.221680914,0.043574153
15831,32,2,451.11,1.098612289,6.113925513,-0.777195085,-0.221680914,-0.237152744
15832,162,1,836.79,0.693147181,6.730767472,0.85590179,-0.868813241,0.267604911
15834,73,3,1783.22,1.386294361,7.486736624,-0.262141455,0.237466779,0.886209419
15835,45,3,675.51,1.386294361,6.516947229,-0.613885397,0.237466779,0.092637234
15838,16,12,14153.5,2.564949357,9.557787874,-0.978191623,2.118629265,2.580936824
15839,56,1,299.18,0.693147181,5.704382295,-0.475700277,-0.868813241,-0.572279224
15840,80,1,241.74,0.693147181,5.491990912,-0.17420547,-0.868813241,-0.746077675
15841,126,2,613.26,1.098612289,6.420418291,0.403659579,-0.221680914,0.013648249
15843,211,1,118.95,0.693147181,4.787074989,1.471453689,-0.868813241,-1.322905666
15845,52,5,2526.76,1.791759469,7.835088814,-0.525949412,0.884599106,1.171263689
15847,196,1,180.68,0.693147181,5.202246898,1.283019434,-0.868813241,-0.983173266
15850,76,1,116.16,0.693147181,4.763540522,-0.224454604,-0.868813241,-1.342163763
15852,94,2,160.71,1.098612289,5.085804608,0.001666502,-0.221680914,-1.078457214
15854,48,9,2393.69,2.302585093,7.781009065,-0.576198546,1.699889419,1.127010592
15855,44,5,712.24,1.791759469,6.56981797,-0.626447681,0.884599106,0.135901008
15856,3,17,11247.93,2.890371758,9.328028292,-1.141501311,2.638011453,2.392926092
15858,197,2,816.22,1.098612289,6.705908336,1.295581718,-0.221680914,0.247262846
15860,6,6,767.14,1.945910149,6.643972008,-1.10381446,1.130627399,0.196580763
15861,42,3,1123.76,1.386294361,7.025324959,-0.651572248,0.237466779,0.508639335
15862,20,3,659.73,1.386294361,6.493345284,-0.927942489,0.237466779,0.07332392
15863,100,1,9.2,0.693147181,2.32238772,0.077040204,-0.868813241,-3.339742796
15864,6,3,957.86,1.386294361,6.865745079,-1.10381446,0.237466779,0.378056185
15865,121,1,313.93,0.693147181,5.752350392,0.34084816,-0.868813241,-0.533027251
15866,9,1,211.89,0.693147181,5.3607756,-1.066127609,-0.868813241,-0.853450287
15867,21,12,2947.41,2.564949357,7.989021321,-0.915380205,2.118629265,1.297225631
15869,185,2,149.64,1.098612289,5.014892884,1.144834314,-0.221680914,-1.136483804
15874,85,6,2207.75,1.945910149,7.700182024,-0.111394051,1.130627399,1.060870364
15880,277,1,329.03,0.693147181,5.799183559,2.300564411,-0.868813241,-0.494703983
15881,220,5,501.39,1.791759469,6.21937671,1.584514242,0.884599106,-0.150862734
15882,106,4,516.36,1.609437912,6.248738957,0.152413906,0.593609398,-0.126835803
15885,1,2,364.35,1.098612289,5.900855798,-1.166625878,-0.221680914,-0.411506269
15889,64,2,420.07,1.098612289,6.042799091,-0.375202008,-0.221680914,-0.295355021
15891,134,1,511.68,0.693147181,6.239651869,0.504157848,-0.868813241,-0.134271707
15894,161,2,258.25,1.098612289,5.557792847,0.843339507,-0.221680914,-0.69223239
15895,57,1,179.17,0.693147181,5.19390085,-0.463137994,-0.868813241,-0.990002781
15897,102,2,208.59,1.098612289,5.345153241,0.102164771,-0.221680914,-0.866233959
15898,134,4,997.94,1.609437912,6.906694717,0.504157848,0.593609398,0.411565
15899,276,1,56.25,0.693147181,4.047427642,2.288002127,-0.868813241,-1.928154149
15901,62,1,110.49,0.693147181,4.713934901,-0.400326575,-0.868813241,-1.382755712
15903,135,2,641.64,1.098612289,6.465584692,0.516720131,-0.221680914,0.050607613
15906,52,4,797.71,1.609437912,6.682997926,-0.525949412,0.593609398,0.228515411
15907,84,2,477.59,1.098612289,6.170844281,-0.123956335,-0.221680914,-0.190576497
15909,81,1,191.94,0.693147181,5.26237926,-0.161643186,-0.868813241,-0.933967356
15910,7,5,663.36,1.791759469,6.498824171,-1.091252176,0.884599106,0.077807257
15912,86,2,264.62,1.098612289,5.582066716,-0.098831768,-0.221680914,-0.672369246
15916,99,5,846.95,1.791759469,6.742821672,0.06447792,0.884599106,0.277468782
15917,155,1,123.1,0.693147181,4.821087692,0.767965805,-0.868813241,-1.295073298
15918,98,2,334.23,1.098612289,5.814816863,0.051915636,-0.221680914,-0.481911354
15919,276,1,214.08,0.693147181,5.371010052,2.288002127,-0.868813241,-0.845075504
15920,62,4,167.5,1.609437912,5.12693575,-0.400326575,0.593609398,-1.044799875
15921,80,1,323.03,0.693147181,5.780836104,-0.17420547,-0.868813241,-0.509717583
15922,281,1,369.5,0.693147181,5.914853445,2.350813545,-0.868813241,-0.400052088
15923,280,1,127.08,0.693147181,4.852655069,2.338251261,-0.868813241,-1.269241925
15925,102,1,207.15,0.693147181,5.338258974,0.102164771,-0.868813241,-0.871875493
15932,15,6,1885.95,1.945910149,7.542717048,-0.990753907,1.130627399,0.932017826
15935,147,2,416.86,1.098612289,6.035146448,0.667467535,-0.221680914,-0.301617127
15938,20,5,404.58,1.791759469,6.005318141,-0.927942489,0.884599106,-0.326025431
15939,15,14,5860.25,2.708050201,8.67611817,-0.990753907,2.347021746,1.859472394
15940,219,1,35.8,0.693147181,3.605497845,1.571951959,-0.868813241,-2.289782351
15942,41,1,337.44,0.693147181,5.824346824,-0.664134532,-0.868813241,-0.474113051
15944,184,1,325.1,0.693147181,5.787204083,1.132272031,-0.868813241,-0.504506708
15945,273,1,181,0.693147181,5.204006687,2.250315276,-0.868813241,-0.981733242
15950,14,2,1091.38,1.098612289,6.996114081,-1.003316191,-0.221680914,0.484736269
15951,193,1,375.17,0.693147181,5.930041169,1.245332583,-0.868813241,-0.387624075
15952,67,2,309.2,1.098612289,5.737217251,-0.337515157,-0.221680914,-0.545410599
15953,119,4,824.04,1.609437912,6.71543187,0.315723593,0.593609398,0.25505589
15955,14,8,2463.65,2.197224577,7.809805089,-1.003316191,1.531731433,1.150574185
15965,275,1,156.19,0.693147181,5.057455265,2.275439843,-0.868813241,-1.101655292
15967,226,1,161.9,0.693147181,5.093136516,1.659887944,-0.868813241,-1.072457563
15969,93,1,308.7,0.693147181,5.735604087,-0.010895782,-0.868813241,-0.54673064
15970,211,1,314.1,0.693147181,5.752890049,1.471453689,-0.868813241,-0.532585653
15971,16,7,2104.5,2.079441542,7.652308248,-0.978191623,1.343746799,1.021695572
15973,274,1,307.82,0.693147181,5.732758583,2.26287756,-0.868813241,-0.549059097
15974,3,6,2895.01,1.945910149,7.971089207,-1.141501311,1.130627399,1.282551902
15976,73,2,427.64,1.098612289,6.060617406,-0.262141455,-0.221680914,-0.280774412
15980,162,1,760.18,0.693147181,6.634869861,0.85590179,-0.868813241,0.189132536
15981,45,6,2458.2,1.945910149,7.807591373,-0.613885397,1.130627399,1.148762717
15983,268,3,1138.37,1.386294361,7.038230757,2.187503858,0.237466779,0.519200063
15984,8,7,1807.51,2.079441542,7.500258581,-1.078689893,1.343746799,0.897274346
15985,31,2,1142.42,1.098612289,7.04177905,-0.789757369,-0.221680914,0.522103608
15987,28,6,1193.63,1.945910149,7.085591793,-0.82744422,1.130627399,0.557955283
15990,195,1,401.37,0.693147181,5.997372063,1.270457151,-0.868813241,-0.332527654
15996,24,5,879.76,1.791759469,6.780785171,-0.877693354,0.884599106,0.30853406
15998,79,3,2105.26,1.386294361,7.652669142,-0.186767753,0.237466779,1.02199089
16003,42,3,1793.9,1.386294361,7.492704589,-0.651572248,0.237466779,0.891092965
16005,90,2,275.41,1.098612289,5.621885271,-0.048582633,-0.221680914,-0.639785988
16006,119,1,101.4,0.693147181,4.628886713,0.315723593,-0.868813241,-1.452350076
16007,88,2,727.67,1.098612289,6.591220955,-0.0737072,-0.221680914,0.153414928
16008,112,1,139.15,0.693147181,4.942713278,0.227787607,-0.868813241,-1.195547894
16009,67,1,441.59,0.693147181,6.092643834,-0.337515157,-0.868813241,-0.2545674
16010,153,3,392.4,1.386294361,5.974826906,0.742841237,0.237466779,-0.350976205
16011,0,12,2185.66,2.564949357,7.690130544,-1.179188162,2.118629265,1.052645305
16012,36,2,1132.12,1.098612289,7.032730169,-0.72694595,-0.221680914,0.514698969
16013,6,35,23409.34,3.583518938,10.06093308,-1.10381446,3.744291474,2.992657189
16014,60,2,514.38,1.098612289,6.244904493,-0.425451143,-0.221680914,-0.12997352
16016,104,4,791.07,1.609437912,6.674649772,0.127289338,0.593609398,0.221684172
16018,88,1,161.9,0.693147181,5.093136516,-0.0737072,-0.868813241,-1.072457563
16019,44,7,2952.25,2.079441542,7.990661538,-0.626447681,1.343746799,1.29856781
16022,168,1,602.63,0.693147181,6.402961427,0.931275492,-0.868813241,-0.000636586
16023,100,2,500.69,1.098612289,6.217982399,0.077040204,-0.221680914,-0.152003689
16027,45,5,776.22,1.791759469,6.655723451,-0.613885397,0.884599106,0.206196889
16029,1,51,45987.39,3.951243719,10.73614425,-1.166625878,4.331189305,3.545177978
16030,217,1,331.24,0.693147181,5.805857599,1.546827391,-0.868813241,-0.48924266
16031,0,2,547.9,1.098612289,6.307916276,-1.179188162,-0.221680914,-0.078411399
16033,16,16,5864.55,2.833213344,8.676851533,-0.978191623,2.546785213,1.8600725
16034,104,3,437.7,1.386294361,6.083815808,0.127289338,0.237466779,-0.261791315
16036,171,1,188.73,0.693147181,5.245602009,0.968962343,-0.868813241,-0.947696068
16037,177,3,855.02,1.386294361,6.75229374,1.044336045,0.237466779,0.285219712
16038,85,2,393.33,1.098612289,5.977188122,-0.111394051,-0.221680914,-0.349044038
16040,56,2,876.18,1.098612289,6.776712216,-0.475700277,-0.221680914,0.305201188
16041,49,2,2739.8,1.098612289,7.916005128,-0.563636263,-0.221680914,1.237476968
16042,15,2,440.48,1.098612289,6.090132719,-0.990753907,-0.221680914,-0.256622229
16043,119,3,676.49,1.386294361,6.518394792,0.315723593,0.237466779,0.093821766
16045,27,4,1340.7,1.609437912,7.201692746,-0.840006503,0.593609398,0.652959917
16048,281,2,256.44,1.098612289,5.550786683,2.350813545,-0.221680914,-0.697965487
16050,81,1,137.9,0.693147181,4.93375425,-0.161643186,-0.868813241,-1.202879006
16053,30,1,1124.19,0.693147181,7.025707189,-0.802319652,-0.868813241,0.508952112
16054,53,1,783.9,0.693147181,6.665556321,-0.513387128,-0.868813241,0.214243062
16055,128,1,134.8,0.693147181,4.911183215,0.428784146,-0.868813241,-1.221348733
16057,4,6,1544.23,1.945910149,7.342928046,-1.128939027,1.130627399,0.768531819
16059,71,4,944.6,1.609437912,6.851819647,-0.287266022,0.593609398,0.366661097
16062,41,3,778.14,1.386294361,6.658190747,-0.664134532,0.237466779,0.208215862
16063,168,1,335.32,0.693147181,5.818063088,0.931275492,-0.868813241,-0.479254991
16065,273,1,367.14,0.693147181,5.908463301,2.250315276,-0.868813241,-0.4052811
16066,32,1,316.38,0.693147181,5.760099794,-0.777195085,-0.868813241,-0.526685967
16072,196,1,584.32,0.693147181,6.372158706,1.283019434,-0.868813241,-0.025842247
16073,205,1,122.4,0.693147181,4.815431111,1.396079987,-0.868813241,-1.29970204
16076,0,5,1357.98,1.791759469,7.214489697,-1.179188162,0.884599106,0.663431577
16078,191,1,79.2,0.693147181,4.384523515,1.220208016,-0.868813241,-1.652310848
16080,182,1,130.26,0.693147181,4.877180089,1.107147463,-0.868813241,-1.249173264
16081,93,3,992.37,1.386294361,6.901103203,-0.010895782,0.237466779,0.406989502
16083,8,2,1317.62,1.098612289,7.184341014,-1.078689893,-0.221680914,0.638761111
16084,207,1,436.18,0.693147181,6.08034501,1.421204555,-0.868813241,-0.264631446
16085,144,2,325.04,1.098612289,5.787020073,0.629780684,-0.221680914,-0.504657282
16086,6,4,899.7,1.609437912,6.803172239,-1.10381446,0.593609398,0.326853248
16091,62,2,315.06,1.098612289,5.755932069,-0.400326575,-0.221680914,-0.530096388
16092,22,3,817.86,1.386294361,6.707913129,-0.902817922,0.237466779,0.248903355
16093,14,1,17,0.693147181,2.890371758,-1.003316191,-0.868813241,-2.874965252
16094,127,1,252.1,0.693147181,5.533784668,0.416221862,-0.868813241,-0.711878123
16096,172,1,320.62,0.693147181,5.773370724,0.981524627,-0.868813241,-0.515826453
16097,148,1,185.05,0.693147181,5.226015455,0.680029819,-0.868813241,-0.963723614
16098,36,6,1712.49,1.945910149,7.446287505,-0.72694595,1.130627399,0.853110175
16099,45,2,592.1,1.098612289,6.385363019,-0.613885397,-0.221680914,-0.015037246
16102,6,2,1392.84,1.098612289,7.239817807,-1.10381446,-0.221680914,0.6841574
16103,65,4,1156.4,1.609437912,7.053931389,-0.362639724,0.593609398,0.532047786
16105,156,1,336.96,0.693147181,5.822927545,0.780528088,-0.868813241,-0.475274438
16107,11,3,1494.12,1.386294361,7.30996175,-1.041003042,0.237466779,0.74155572
16109,126,2,611.88,1.098612289,6.418169158,0.403659579,-0.221680914,0.011807799
16110,170,2,678.18,1.098612289,6.520886188,0.956400059,-0.221680914,0.095860458
16112,51,4,195.74,1.609437912,5.28188306,-0.538511696,0.593609398,-0.918007526
16113,91,1,161.38,0.693147181,5.089939267,-0.036020349,-0.868813241,-1.07507385
16114,78,1,135.75,0.693147181,4.918154441,-0.199330037,-0.868813241,-1.215644226
16115,25,5,924.59,1.791759469,6.830431372,-0.865131071,0.884599106,0.349159215
16116,119,1,612.78,0.693147181,6.419636558,0.315723593,-0.868813241,0.013008562
16117,97,1,232.21,0.693147181,5.451939335,0.039353353,-0.868813241,-0.778851612
16121,123,1,285.94,0.693147181,5.659273135,0.365972728,-0.868813241,-0.609191749
16122,20,3,550.26,1.386294361,6.312206567,-0.927942489,0.237466779,-0.074900682
16124,225,1,249,0.693147181,5.521460918,1.64732566,-0.868813241,-0.721962565
16125,275,1,289.35,0.693147181,5.671087092,2.275439843,-0.868813241,-0.599524467
16126,9,3,3706.7,1.386294361,8.218167017,-1.066127609,0.237466779,1.484734024
16128,51,2,694.7,1.098612289,6.544918533,-0.538511696,-0.221680914,0.115525965
16131,23,4,2278.5,1.609437912,7.7317114,-0.890255638,0.593609398,1.086670641
16133,9,23,10619.27,3.17805383,9.270519718,-1.066127609,3.097159147,2.345867211
16134,267,1,283.53,0.693147181,5.650838696,2.174941574,-0.868813241,-0.616093593
16135,170,1,517.55,0.693147181,6.251036455,0.956400059,-0.868813241,-0.124955776
16136,185,1,159.3,0.693147181,5.07704706,1.144834314,-0.868813241,-1.085623457
16139,20,2,306.37,1.098612289,5.728052234,-0.927942489,-0.221680914,-0.552910271
16140,279,1,124.14,0.693147181,4.829433111,2.325688978,-0.868813241,-1.288244298
16142,157,1,535.34,0.693147181,6.284768288,0.793090372,-0.868813241,-0.097353242
16143,16,5,1949.36,1.791759469,7.57576925,-0.978191623,0.884599106,0.959064222
16144,154,1,175.2,0.693147181,5.171619714,0.755403521,-0.868813241,-1.008235286
16145,7,8,2600.31,2.197224577,7.863770443,-1.091252176,1.531731433,1.194733675
16146,65,3,734.13,1.386294361,6.600047354,-0.362639724,0.237466779,0.160637512
16147,41,1,375,0.693147181,5.929589143,-0.664134532,-0.868813241,-0.387993964
16148,204,1,76.32,0.693147181,4.347952654,1.383517704,-0.868813241,-1.682236539
16149,50,1,163.68,0.693147181,5.104004197,-0.551073979,-0.868813241,-1.063564612
16150,36,3,1408.7,1.386294361,7.251132195,-0.72694595,0.237466779,0.693415888
16152,176,1,1829.04,0.693147181,7.512093104,1.031773761,-0.868813241,0.906958457
16153,23,4,1023.54,1.609437912,6.93199901,-0.890255638,0.593609398,0.432271335
16156,59,5,1415.17,1.791759469,7.255711324,-0.438013426,0.884599106,0.697162958
16159,189,1,348.2,0.693147181,5.855644824,1.195083449,-0.868813241,-0.448502107
16161,48,12,3036.66,2.564949357,8.018842761,-0.576198546,2.118629265,1.321628317
16162,160,1,37.4,0.693147181,3.64805746,0.830777223,-0.868813241,-2.254956103
16163,140,2,856.6,1.098612289,6.75413779,0.57953155,-0.221680914,0.286728686
16168,2,18,2632.12,2.944438979,7.875924734,-1.154063595,2.724304074,1.20467945
16170,20,5,1560.66,1.791759469,7.353504637,-0.927942489,0.884599106,0.777186574
16172,3,5,1140.21,1.791759469,7.039844382,-1.141501311,0.884599106,0.520520482
16173,6,1,429.38,0.693147181,6.064668539,-1.10381446,-0.868813241,-0.277459397
16174,34,3,1009.55,1.386294361,6.918250016,-0.752070518,0.237466779,0.421020624
16175,2,4,1037.59,1.609437912,6.945619303,-1.154063595,0.593609398,0.443416729
16178,46,1,197.9,0.693147181,5.292802186,-0.601323114,-0.868813241,-0.909072478
16180,8,8,10254.18,2.197224577,9.235538223,-1.078689893,1.531731433,2.317242086
16182,38,3,4844,1.386294361,8.485702524,-0.701821383,0.237466779,1.703656543
16184,13,5,985.8,1.791759469,6.894467385,-1.015878474,0.884599106,0.401559456
16185,140,1,335,0.693147181,5.81711116,0.57953155,-0.868813241,-0.480033947
16186,11,9,2696.53,2.302585093,7.900091818,-1.041003042,1.699889419,1.224455213
16187,7,12,5395.7,2.564949357,8.593542935,-1.091252176,2.118629265,1.79190163
16188,49,3,755.03,1.386294361,6.628081058,-0.563636263,0.237466779,0.183577304
16191,170,8,2615.68,2.197224577,7.869661618,0.956400059,1.531731433,1.199554383
16193,144,1,314.45,0.693147181,5.754000191,0.629780684,-0.868813241,-0.531677231
16200,72,1,550.57,0.693147181,6.312768757,-0.274703739,-0.868813241,-0.074440646
16201,17,1,303.8,0.693147181,5.719655824,-0.96562934,-0.868813241,-0.559780998
16202,268,1,365.27,0.693147181,5.903370766,2.187503858,-0.868813241,-0.409448287
16203,55,3,378.3,1.386294361,5.938327449,-0.488262561,0.237466779,-0.380843467
16205,87,1,112.35,0.693147181,4.730480377,-0.086269484,-0.868813241,-1.369216659
16206,32,3,409.86,1.386294361,6.018252524,-0.777195085,0.237466779,-0.315441312
16208,197,1,497.59,0.693147181,6.211784115,1.295581718,-0.868813241,-0.157075704
16209,27,4,2116.9,1.609437912,7.658180311,-0.840006503,0.593609398,1.026500642
16210,6,11,11248.96,2.48490665,9.328119852,-1.10381446,1.990879126,2.393001015
16212,191,1,498.15,0.693147181,6.212906652,1.220208016,-0.868813241,-0.156157139
16214,78,3,1062.75,1.386294361,6.96955568,-0.199330037,0.237466779,0.463003706
16216,175,1,914.93,0.693147181,6.819939943,1.019211478,-0.868813241,0.340574148
16217,143,2,304.25,1.098612289,5.721131113,0.617218401,-0.221680914,-0.558573778
16218,22,6,2635.48,1.945910149,7.877199973,-0.902817922,1.130627399,1.205722969
16221,183,2,315.37,1.098612289,5.756912415,1.119709747,-0.221680914,-0.529294178
16222,226,1,773.55,0.693147181,6.652282216,1.659887944,-0.868813241,0.20338095
16224,49,3,865.88,1.386294361,6.764900559,-0.563636263,0.237466779,0.295535788
16225,57,4,953.64,1.609437912,6.861334306,-0.463137994,0.593609398,0.374446879
16226,111,3,255.12,1.386294361,5.545646085,0.215225324,0.237466779,-0.702172005
16227,133,1,314.22,0.693147181,5.753270808,0.491595564,-0.868813241,-0.532274081
16229,120,1,358.2,0.693147181,5.883879336,0.328285877,-0.868813241,-0.425397994
16230,97,2,542.03,1.098612289,6.297164567,0.039353353,-0.221680914,-0.08720945
16232,51,3,725.04,1.386294361,6.58760511,-0.538511696,0.237466779,0.150456106
16233,237,2,326.5,1.098612289,5.791488055,1.798073064,-0.221680914,-0.501001162
16235,94,3,665.29,1.386294361,6.501725011,0.001666502,0.237466779,0.080180995
16239,97,1,347.9,0.693147181,5.854785348,0.039353353,-0.868813241,-0.44920541
16241,4,10,1778.43,2.397895273,7.484048367,-1.128939027,1.85200682,0.884009636
16242,73,3,846.59,1.386294361,6.742397028,-0.262141455,0.237466779,0.277121299
16244,119,2,1522.75,1.098612289,7.328929681,0.315723593,-0.221680914,0.757077051
16245,29,2,769.7,1.098612289,6.647299193,-0.814881936,-0.221680914,0.199303375
16247,78,1,114.56,0.693147181,4.749789876,-0.199330037,-0.868813241,-1.353415825
16249,20,4,1440.77,1.609437912,7.273626804,-0.927942489,0.593609398,0.711823077
16250,169,2,389.44,1.098612289,5.967274308,0.943837776,-0.221680914,-0.357156446
16253,163,1,1700.4,0.693147181,7.439206721,0.868464074,-0.868813241,0.847316016
16255,3,7,2182.79,2.079441542,7.688817178,-1.141501311,1.343746799,1.051570587
16256,174,1,752.43,0.693147181,6.624636114,1.006649194,-0.868813241,0.180758329
16257,84,1,21.95,0.693147181,3.133317937,-0.123956335,-0.868813241,-2.676164016
16258,35,4,3741.06,1.609437912,8.227391541,-0.739508234,0.593609398,1.49228239
16261,21,2,409.99,1.098612289,6.018568883,-0.915380205,-0.221680914,-0.315182437
16265,18,7,3962.02,2.079441542,8.28476164,-0.953067056,1.343746799,1.539227959
16266,23,6,761.12,1.945910149,6.636104024,-0.890255638,1.130627399,0.190142443
16270,261,1,1141.24,0.693147181,7.040746526,2.099567872,-0.868813241,0.5212587
16271,34,3,868.43,1.386294361,6.767837825,-0.752070518,0.237466779,0.297939333
16272,24,1,411.7,0.693147181,6.022720937,-0.877693354,-0.868813241,-0.31178484
16274,281,1,351.75,0.693147181,5.865759591,2.350813545,-0.868813241,-0.440225261
16275,104,1,559.87,0.693147181,6.32948915,0.127289338,-0.868813241,-0.06075846
16276,84,1,810.6,0.693147181,6.699007608,-0.123956335,-0.868813241,0.241616026
16278,8,1,566.38,0.693147181,6.341029273,-1.078689893,-0.868813241,-0.051315254
16279,84,1,359.08,0.693147181,5.886326229,-0.123956335,-0.868813241,-0.423395718
16282,247,1,168.3,0.693147181,5.131672289,1.923695901,-0.868813241,-1.040923997
16283,28,3,586.35,1.386294361,6.375620894,-0.82744422,0.237466779,-0.023009162
16287,77,1,142.5,0.693147181,4.966335035,-0.21189232,-0.868813241,-1.176218367
16292,29,1,302.25,0.693147181,5.714557548,-0.814881936,-0.868813241,-0.563952883
16293,115,4,1129.74,1.609437912,7.030627565,0.265474458,0.593609398,0.512978422
16297,176,1,301.9,0.693147181,5.713402718,1.031773761,-0.868813241,-0.564897872
16298,94,1,114.3,0.693147181,4.747537427,0.001666502,-0.868813241,-1.355258989
16302,34,1,233.22,0.693147181,5.456260845,-0.752070518,-0.868813241,-0.77531535
16303,23,2,4036.33,1.098612289,8.303338861,-0.890255638,-0.221680914,1.554429575
16305,46,1,361.22,0.693147181,5.892251762,-0.601323114,-0.868813241,-0.418546894
16306,121,6,632.27,1.945910149,6.450896871,0.34084816,1.130627399,0.038588668
16308,15,3,1600,1.386294361,7.378383713,-0.990753907,0.237466779,0.797544955
16309,14,2,706.57,1.098612289,6.561836565,-1.003316191,-0.221680914,0.129369878
16315,238,1,226.37,0.693147181,5.426578646,1.810635348,-0.868813241,-0.799604094
16316,65,7,2212.81,2.079441542,7.702470292,-0.362639724,1.343746799,1.062742838
16317,27,3,1341.65,1.386294361,7.202400552,-0.840006503,0.237466779,0.65353911
16319,125,1,404.4,0.693147181,6.004874234,0.391097295,-0.868813241,-0.326388677
16320,80,2,1038.46,1.098612289,6.946456627,-0.17420547,-0.221680914,0.444101905
16321,213,3,223.65,1.386294361,5.414543636,1.496578257,0.237466779,-0.809452263
16323,104,1,207.5,0.693147181,5.339939041,0.127289338,-0.868813241,-0.870500705
16324,36,3,408.59,1.386294361,6.015156659,-0.72694595,0.237466779,-0.317974637
16325,63,2,416.02,1.098612289,6.033134182,-0.387764292,-0.221680914,-0.303263751
16326,4,8,1524.67,2.197224577,7.330188937,-1.128939027,1.531731433,0.758107492
16327,107,4,2469.64,1.609437912,7.812232505,0.164976189,0.593609398,1.152560524
16330,20,2,48.96,1.098612289,3.911222685,-0.927942489,-0.221680914,-2.039609756
16332,38,3,651.77,1.386294361,6.481224847,-0.701821383,0.237466779,0.063405847
16333,6,18,15619.6,2.944438979,9.656345835,-1.10381446,2.724304074,2.661586145
16338,65,1,214.8,0.693147181,5.374352053,-0.362639724,-0.868813241,-0.842340767
16339,192,1,94.05,0.693147181,4.554403069,1.2327703,-0.868813241,-1.513299544
16340,15,1,534.31,0.693147181,6.282846018,-0.990753907,-0.868813241,-0.098926223
16341,109,1,797.65,0.693147181,6.682922802,0.190100756,-0.868813241,0.228453937
16342,15,3,283.71,1.386294361,5.651471118,-0.990753907,0.237466779,-0.615576087
16344,66,1,101.1,0.693147181,4.625952725,-0.350077441,-0.868813241,-1.454750938
16348,36,4,738.29,1.609437912,6.605690266,-0.72694595,0.593609398,0.165255069
16349,198,1,53.5,0.693147181,3.998200702,1.308144002,-0.868813241,-1.968436226
16350,241,1,376.7,0.693147181,5.93410023,1.848322199,-0.868813241,-0.384302572
16351,240,1,153.9,0.693147181,5.042779747,1.835759915,-0.868813241,-1.11366417
16353,11,13,3325.91,2.63905733,8.109799224,-1.041003042,2.236907419,1.396057383
16356,105,3,211.77,1.386294361,5.36021177,0.139851622,0.237466779,-0.853911666
16357,70,2,257.95,1.098612289,5.556634993,-0.299828306,-0.221680914,-0.693179855
16358,92,1,462.15,0.693147181,6.138050976,-0.023458066,-0.868813241,-0.217411039
16359,2,7,1411.23,2.079441542,7.252925294,-1.154063595,1.343746799,0.694883169
16364,45,1,346.3,0.693147181,5.85018896,-0.613885397,-0.868813241,-0.452966604
16365,31,7,862.56,2.079441542,6.76106338,-0.789757369,1.343746799,0.29239585
16367,270,1,167.09,0.693147181,5.12449955,2.212628425,-0.868813241,-1.046793401
16369,104,1,354.45,0.693147181,5.873384592,0.127289338,-0.868813241,-0.433985773
16370,25,3,944.49,1.386294361,6.851703312,-0.865131071,0.237466779,0.366565901
16374,170,1,154.2,0.693147181,5.044714608,0.956400059,-0.868813241,-1.112080887
16377,175,1,676.2,0.693147181,6.51796665,1.019211478,-0.868813241,0.09347142
16378,155,3,362.95,1.386294361,5.897016496,0.767965805,0.237466779,-0.414647944
16383,176,1,309.46,0.693147181,5.738055069,1.031773761,-0.868813241,-0.544725018
16384,171,1,409.1,0.693147181,6.016401032,0.968962343,-0.868813241,-0.316956375
16385,66,2,273.82,1.098612289,5.616116338,-0.350077441,-0.221680914,-0.644506667
16386,161,1,61.1,0.693147181,4.128745989,0.843339507,-0.868813241,-1.86161189
16387,230,1,94.36,0.693147181,4.557659203,1.710137079,-0.868813241,-1.510635071
16389,113,2,670.17,1.098612289,6.509022458,0.240349891,-0.221680914,0.086152447
16392,177,1,217.89,0.693147181,5.388569321,1.044336045,-0.868813241,-0.830706872
16393,2,9,1761.97,2.302585093,7.474755166,-1.154063595,1.699889419,0.876405071
16394,79,3,933.1,1.386294361,6.839583499,-0.186767753,0.237466779,0.356648339
16395,76,3,964.3,1.386294361,6.872438934,-0.224454604,0.237466779,0.383533722
16398,62,2,1705.8,1.098612289,7.442375551,-0.400326575,-0.221680914,0.849909049
16399,143,1,178.41,0.693147181,5.189673689,0.617218401,-0.868813241,-0.993461838
16400,2,1,303.93,0.693147181,5.720082242,-1.154063595,-0.868813241,-0.559432062
16401,39,7,2455.42,2.079441542,7.806460284,-0.689259099,1.343746799,1.147837155
16402,172,2,293.45,1.098612289,5.685109209,0.981524627,-0.221680914,-0.588050261
16403,220,1,177.5,0.693147181,5.184588601,1.584514242,-0.868813241,-0.997622932
16405,210,2,167.25,1.098612289,5.125450969,1.458891406,-0.221680914,-1.046014862
16407,18,8,1482.37,2.197224577,7.302071805,-0.953067056,1.531731433,0.735099431
16409,58,3,1033.37,1.386294361,6.941547825,-0.45057571,0.237466779,0.440085066
16411,277,1,128.55,0.693147181,4.864066907,2.300564411,-0.868813241,-1.259903694
16414,188,1,50.8,0.693147181,3.947390149,1.182521165,-0.868813241,-2.010014162
16418,0,2,368.36,1.098612289,5.911771778,-1.179188162,-0.221680914,-0.402573795
16419,20,6,958.71,1.945910149,6.866631155,-0.927942489,1.130627399,0.378781256
16422,7,39,29117.7,3.688879454,10.27913586,-1.091252176,3.912449459,3.171211061
16424,99,1,133.56,0.693147181,4.902010196,0.06447792,-0.868813241,-1.228854953
16425,210,1,302.7,0.693147181,5.716040372,1.458891406,-0.868813241,-0.562739498
16426,0,4,689.83,1.609437912,6.537893773,-1.179188162,0.593609398,0.109777651
16427,171,2,241.06,1.098612289,5.489185629,0.968962343,-0.221680914,-0.748373218
16429,14,1,284.55,0.693147181,5.654417145,-1.003316191,-0.868813241,-0.613165373
16431,121,3,623.28,1.386294361,6.436598986,0.34084816,0.237466779,0.026888803
16434,4,4,898.84,1.609437912,6.80221697,-1.128939027,0.593609398,0.326071558
16440,122,1,272.46,0.693147181,5.611155359,0.353410444,-0.868813241,-0.648566203
16441,199,1,211,0.693147181,5.356586275,1.320706285,-0.868813241,-0.856878385
16442,135,2,432.43,1.098612289,6.071730307,0.516720131,-0.221680914,-0.2716808
16444,3,3,541.4,1.386294361,6.296003737,-1.141501311,0.237466779,-0.08815935
16446,113,1,2.9,0.693147181,1.360976553,0.240349891,-0.868813241,-4.126459133
16447,43,1,255.91,0.693147181,5.548725829,-0.639009965,-0.868813241,-0.699651871
16448,106,1,182.99,0.693147181,5.214881408,0.152413906,-0.868813241,-0.97283453
16449,105,2,707.69,1.098612289,6.563418195,0.139851622,-0.221680914,0.130664116
16450,57,1,311.92,0.693147181,5.745947567,-0.463137994,-0.868813241,-0.53826664
16455,2,6,1323.38,1.945910149,7.188699704,-1.154063595,1.130627399,0.642327798
16456,7,5,2158.18,1.791759469,7.677483799,-1.091252176,0.884599106,1.042296558
16457,126,1,208.36,0.693147181,5.344055258,0.403659579,-0.868813241,-0.867132432
16458,14,11,2151.5,2.48490665,7.674385236,-1.003316191,1.990879126,1.039761025
16461,85,1,142.92,0.693147181,4.96925759,-0.111394051,-0.868813241,-1.173826861
16462,93,2,68,1.098612289,4.234106505,-0.010895782,-0.221680914,-1.775396083
16463,112,1,319.37,0.693147181,5.769476578,0.227787607,-0.868813241,-0.519013007
16464,50,1,380.33,0.693147181,5.943665142,-0.551073979,-0.868813241,-0.376475669
16466,11,5,999.63,1.791759469,6.908385081,-1.041003042,0.884599106,0.412948214
16469,154,2,268.3,1.098612289,5.595826,0.755403521,-0.221680914,-0.661110115
16470,23,3,539.13,1.386294361,6.291809851,-0.890255638,0.237466779,-0.091591178
16471,182,1,223.95,0.693147181,5.415878155,1.107147463,-0.868813241,-0.808360235
16473,72,3,316.11,1.386294361,5.759248717,-0.274703739,0.237466779,-0.527382398
16474,53,1,341.35,0.693147181,5.835833606,-0.513387128,-0.868813241,-0.464713495
16475,51,3,459.3,1.386294361,6.131878451,-0.538511696,0.237466779,-0.222461975
16477,39,6,1999.26,1.945910149,7.601032451,-0.689259099,1.130627399,0.979736931
16483,100,1,139.35,0.693147181,4.944139303,0.077040204,-0.868813241,-1.194380987
16484,81,2,404.3,1.098612289,6.004627534,-0.161643186,-0.221680914,-0.326590551
16488,22,2,354.57,1.098612289,5.873722136,-0.902817922,-0.221680914,-0.433709564
16493,81,3,782.29,1.386294361,6.663502998,-0.161643186,0.237466779,0.212562841
16494,204,1,826.53,0.693147181,6.71844536,1.383517704,-0.868813241,0.257521809
16495,184,2,246.51,1.098612289,5.511450985,1.132272031,-0.221680914,-0.730153626
16496,115,2,1185.04,1.098612289,7.078375306,0.265474458,-0.221680914,0.55205008
16497,111,5,1550.7,1.791759469,7.347106383,0.215225324,0.884599106,0.771950925
16498,69,2,100.97,1.098612289,4.624678652,-0.31239059,-0.221680914,-1.455793503
16499,268,2,365.45,1.098612289,5.903862086,2.187503858,-0.221680914,-0.409046243
16500,238,1,165,0.693147181,5.111987788,1.810635348,-0.868813241,-1.057031692
16503,14,4,1431.93,1.609437912,7.267476578,-1.003316191,0.593609398,0.706790388
16509,204,1,363.7,0.693147181,5.899075098,1.383517704,-0.868813241,-0.412963404
16510,280,1,248.1,0.693147181,5.517854422,2.338251261,-0.868813241,-0.724913737
16511,52,2,565.7,1.098612289,6.339830063,-0.525949412,-0.221680914,-0.05229656
16515,58,3,984.62,1.386294361,6.893270885,-0.45057571,0.237466779,0.400580368
16517,185,1,162.7,0.693147181,5.098035484,1.144834314,-0.868813241,-1.068448769
16518,192,1,190.7,0.693147181,5.25593165,1.2327703,-0.868813241,-0.939243392
16519,273,1,103.7,0.693147181,4.651099118,2.250315276,-0.868813241,-1.434173813
16520,94,3,1046.57,1.386294361,6.954228475,0.001666502,0.237466779,0.450461557
16523,3,13,5245.95,2.63905733,8.565402234,-1.141501311,2.236907419,1.768874283
16525,7,21,10372.35,3.091042453,9.246995296,-1.091252176,2.95828684,2.326617333
16526,79,1,290.36,0.693147181,5.674559616,-0.186767753,-0.868813241,-0.596682923
16529,98,1,455.25,0.693147181,6.123040905,0.051915636,-0.868813241,-0.22969368
16531,35,4,684.53,1.609437912,6.530192262,-0.739508234,0.593609398,0.103475556
16532,43,2,4516.8,1.098612289,8.415780429,-0.639009965,-0.221680914,1.646439759
16536,18,1,548.12,0.693147181,6.308316997,-0.953067056,-0.868813241,-0.078083491
16539,127,3,1053.61,1.386294361,6.960926309,0.416221862,0.237466779,0.45594235
16545,72,1,339.3,0.693147181,5.829827582,-0.274703739,-0.868813241,-0.469628184
16546,198,2,787.15,1.098612289,6.669688427,1.308144002,-0.221680914,0.217624336
16549,32,2,780.36,1.098612289,6.661035991,-0.777195085,-0.221680914,0.210544106
16550,16,5,2298.97,1.791759469,7.740651358,-0.978191623,0.884599106,1.09398615
16551,3,3,922.12,1.386294361,6.827759237,-1.141501311,0.237466779,0.346972624
16552,150,2,379.73,1.098612289,5.942090462,0.705154386,-0.221680914,-0.377764218
16553,71,12,5719.82,2.564949357,8.651867431,-0.287266022,2.118629265,1.839628176
16554,130,2,314.11,1.098612289,5.752921784,0.453908713,-0.221680914,-0.532559684
16555,17,1,151.98,0.693147181,5.030307194,-0.96562934,-0.868813241,-1.123870377
16556,13,6,2556.37,1.945910149,7.846734666,-1.015878474,1.130627399,1.180793412
16557,45,1,101.15,0.693147181,4.626442321,-0.613885397,-0.868813241,-1.454350305
16558,0,14,4685.17,2.708050201,8.452370897,-1.179188162,2.347021746,1.676381494
16560,266,1,332.18,0.693147181,5.808682884,2.16237929,-0.868813241,-0.486930748
16565,272,1,173.7,0.693147181,5.163070217,2.237752992,-0.868813241,-1.015231282
16566,78,3,463.88,1.386294361,6.141779308,-0.199330037,0.237466779,-0.21436017
16567,102,2,865.6,1.098612289,6.764577509,0.102164771,-0.221680914,0.295271439
16570,35,6,2134.07,1.945910149,7.666254712,-0.739508234,1.130627399,1.033107871
16571,84,2,896.79,1.098612289,6.799936188,-0.123956335,-0.221680914,0.324205209
16572,35,3,1009.6,1.386294361,6.918299493,-0.739508234,0.237466779,0.421061111
16573,198,1,292.63,0.693147181,5.682320471,1.308144002,-0.868813241,-0.590332267
16581,90,1,105.84,0.693147181,4.671332388,-0.048582633,-0.868813241,-1.417617063
16582,21,1,313.62,0.693147181,5.751365561,-0.915380205,-0.868813241,-0.533833131
16583,281,1,233.45,0.693147181,5.457242346,2.350813545,-0.868813241,-0.774512194
16584,162,1,611.94,0.693147181,6.418267052,0.85590179,-0.868813241,0.011887904
16586,156,1,463.95,0.693147181,6.141929873,0.780528088,-0.868813241,-0.214236964
16587,140,1,225.15,0.693147181,5.421198496,0.57953155,-0.868813241,-0.804006636
16589,14,2,214.68,1.098612289,5.373795828,-1.003316191,-0.221680914,-0.842795922
16592,44,10,2214.33,2.397895273,7.703156656,-0.626447681,1.85200682,1.063304485
16593,97,2,255.5,1.098612289,5.547128665,0.039353353,-0.221680914,-0.70095882
16596,274,1,120.65,0.693147181,4.801148069,2.26287756,-0.868813241,-1.311389758
16598,193,1,145.05,0.693147181,4.983949029,1.245332583,-0.868813241,-1.161804954
16600,161,2,237.46,1.098612289,5.474201581,0.843339507,-0.221680914,-0.760634565
16607,36,10,2267.58,2.397895273,7.726909364,-0.72694595,1.85200682,1.082741168
16609,43,5,2710.04,1.791759469,7.905087604,-0.639009965,0.884599106,1.228543231
16610,127,1,75.66,0.693147181,4.33938006,0.416221862,-0.868813241,-1.689251436
16611,94,1,129.49,0.693147181,4.871296595,0.001666502,-0.868813241,-1.253987688
16612,27,3,870.3,1.386294361,6.769986349,-0.840006503,0.237466779,0.299697456
16614,90,1,506.19,0.693147181,6.228885687,-0.048582633,-0.868813241,-0.143081602
16616,65,1,210.1,0.693147181,5.352331955,-0.362639724,-0.868813241,-0.860359666
16617,143,1,151.85,0.693147181,5.029457048,0.617218401,-0.868813241,-1.124566046
16618,118,4,1441.29,1.609437912,7.273987407,0.303161309,0.593609398,0.712118156
16619,171,1,226.21,0.693147181,5.4258747,0.968962343,-0.868813241,-0.800180129
16620,168,1,95.76,0.693147181,4.572233686,0.931275492,-0.868813241,-1.498708869
16621,55,3,609.41,1.386294361,6.414130863,-0.488262561,0.237466779,0.008503288
16623,153,1,129.45,0.693147181,4.870990012,0.742841237,-0.868813241,-1.254238563
16624,105,1,426.43,0.693147181,6.057790532,0.139851622,-0.868813241,-0.283087624
16625,182,1,333.08,0.693147181,5.811380485,1.107147463,-0.868813241,-0.48472332
16626,21,7,2165.34,2.079441542,7.680794387,-0.915380205,1.343746799,1.04500559
16628,14,4,1619.84,1.609437912,7.390699812,-1.003316191,0.593609398,0.807623137
16629,4,1,227.68,0.693147181,5.432323646,-1.128939027,-0.868813241,-0.794902999
16633,22,3,1168.26,1.386294361,7.064126349,-0.902817922,0.237466779,0.540390253
16634,130,2,217.9,1.098612289,5.388615005,0.453908713,-0.221680914,-0.830669489
16637,31,2,530.55,1.098612289,6.275797267,-0.789757369,-0.221680914,-0.104694169
16638,7,9,1550.94,2.302585093,7.34726104,-1.091252176,1.699889419,0.77207748
16639,114,2,471.15,1.098612289,6.157296732,0.252912175,-0.221680914,-0.201662366
16641,13,1,231.1,0.693147181,5.447168313,-1.015878474,-0.868813241,-0.782755707
16642,115,1,307.73,0.693147181,5.732467109,0.265474458,-0.868813241,-0.549297609
16643,153,1,487.51,0.693147181,6.191359942,0.742841237,-0.868813241,-0.173788668
16644,85,2,833.78,1.098612289,6.727168217,-0.111394051,-0.221680914,0.264659665
16647,77,2,214.06,1.098612289,5.370917059,-0.21189232,-0.221680914,-0.8451516
16652,17,5,4525.87,1.791759469,8.41778603,-0.96562934,0.884599106,1.648080929
16654,49,4,601.27,1.609437912,6.40070585,-0.563636263,0.593609398,-0.00248231
16655,39,3,1867.19,1.386294361,7.532725327,-0.689259099,0.237466779,0.923841667
16656,3,11,7116.68,2.48490665,8.870337109,-1.141501311,1.990879126,2.018400454
16657,56,2,414.79,1.098612289,6.030180325,-0.475700277,-0.221680914,-0.305680872
16658,276,1,123.24,0.693147181,4.822215179,2.288002127,-0.868813241,-1.294150683
16659,97,1,39.12,0.693147181,3.691874963,0.039353353,-0.868813241,-2.219100532
16660,118,2,384.36,1.098612289,5.954177962,0.303161309,-0.221680914,-0.367873098
16665,270,1,135.4,0.693147181,4.915591745,2.212628425,-0.868813241,-1.217741262
16667,192,1,200.4,0.693147181,5.30529298,1.2327703,-0.868813241,-0.898851345
16668,24,5,266.52,1.791759469,5.58919433,-0.877693354,0.884599106,-0.666536767
16670,14,8,3239.97,2.197224577,8.083627947,-1.003316191,1.531731433,1.374641601
16671,72,1,1382.88,0.693147181,7.232646427,-0.274703739,-0.868813241,0.678289108
16672,7,17,6911.84,2.890371758,8.841135831,-1.091252176,2.638011453,1.994505243
16674,6,1,115.1,0.693147181,4.754451889,-1.10381446,-0.868813241,-1.349600931
16676,121,3,1098.5,1.386294361,7.00261081,0.34084816,0.237466779,0.490052499
16678,6,8,2137.3,2.197224577,7.6677664,-1.10381446,1.531731433,1.034344875
16679,274,1,129.75,0.693147181,4.873287103,2.26287756,-0.868813241,-1.252358869
16681,52,4,1332.68,1.609437912,7.195697318,-0.525949412,0.593609398,0.648053898
16682,0,3,810.22,1.386294361,6.698539287,-1.179188162,0.237466779,0.241232803
16684,41,18,33883.5,2.944438979,10.43071296,-0.664134532,2.724304074,3.295245593
16686,6,6,2399.94,1.945910149,7.783615606,-1.10381446,1.130627399,1.129143507
16690,109,1,86.5,0.693147181,4.471638793,0.190100756,-0.868813241,-1.581024998
16692,164,2,1126,1.098612289,7.027314514,0.881026357,-0.221680914,0.510267375
16693,179,1,153.41,0.693147181,5.039611402,1.069460612,-0.868813241,-1.116256806
16696,43,4,657.9,1.609437912,6.490571778,-0.639009965,0.593609398,0.071054379
16697,149,1,112.75,0.693147181,4.734003058,0.692592103,-0.868813241,-1.366334073
16698,134,2,1998,1.098612289,7.600402335,0.504157848,-0.221680914,0.97922131
16700,29,10,4095.95,2.397895273,8.317998073,-0.814881936,1.85200682,1.566425111
16701,37,10,4050.42,2.397895273,8.306822716,-0.714383667,1.85200682,1.55728039
16705,6,10,9780.35,2.397895273,9.18823279,-1.10381446,1.85200682,2.278532367
16706,6,2,411.55,1.098612289,6.022357411,-1.10381446,-0.221680914,-0.312082311
16709,107,4,1984.59,1.609437912,7.593671378,0.164976189,0.593609398,0.973713414
16710,46,7,1835.08,2.079441542,7.515388143,-0.601323114,1.343746799,0.909654765
16711,48,3,909.87,1.386294361,6.814400187,-0.576198546,0.237466779,0.336041003
16712,3,8,2489.81,2.197224577,7.820363238,-1.141501311,1.531731433,1.159213848
16713,23,11,3970.77,2.48490665,8.286967118,-0.890255638,1.990879126,1.541032687
16714,126,3,1129.06,1.386294361,7.030026008,0.403659579,0.237466779,0.512486172
16716,174,2,901.2,1.098612289,6.804836225,1.006649194,-0.221680914,0.328214877
16717,3,4,1559.66,1.609437912,7.352864088,-1.141501311,0.593609398,0.776662416
16718,277,1,606.05,0.693147181,6.40861116,2.300564411,-0.868813241,0.003986552
16719,56,5,1283.88,1.791759469,7.158420608,-0.475700277,0.884599106,0.617550615
16721,170,1,292.47,0.693147181,5.681775419,0.956400059,-0.868813241,-0.590778279
16722,7,10,3656.58,2.397895273,8.204557006,-1.091252176,1.85200682,1.473597042
16723,15,1,411.4,0.693147181,6.021993752,-0.990753907,-0.868813241,-0.31237989
16725,210,7,758.27,2.079441542,6.632357445,1.458891406,1.343746799,0.187076643
16726,104,4,777.16,1.609437912,6.656932159,0.127289338,0.593609398,0.207185967
16727,272,1,256.32,0.693147181,5.550320447,2.237752992,-0.868813241,-0.698347006
16728,74,3,548.31,1.386294361,6.308662945,-0.249579171,0.237466779,-0.077800404
16729,7,17,5343.27,2.890371758,8.583780238,-1.091252176,2.638011453,1.783912881
16730,142,2,480.94,1.098612289,6.177819625,0.604656117,-0.221680914,-0.184868619
16734,22,2,302.41,1.098612289,5.715085026,-0.902817922,-0.221680914,-0.563521251
16735,6,4,1941.15,1.609437912,7.571550886,-1.10381446,0.593609398,0.955612363
16738,205,1,3.75,0.693147181,1.558144618,1.396079987,-0.868813241,-3.965117822
16739,84,1,323,0.693147181,5.780743516,-0.123956335,-0.868813241,-0.509793347
16743,21,6,1860.9,1.945910149,7.529352751,-0.915380205,1.130627399,0.921081911
16744,4,3,399.11,1.386294361,5.991739509,-1.128939027,0.237466779,-0.337136735
16745,6,16,6359.1,2.833213344,8.757799379,-1.10381446,2.546785213,1.926311582
16746,8,12,4403.53,2.564949357,8.390388836,-1.078689893,2.118629265,1.625661988
16748,125,3,910.2,1.386294361,6.814762412,0.391097295,0.237466779,0.336337409
16750,29,3,416.12,1.386294361,6.03337395,-0.814881936,0.237466779,-0.30306755
16752,280,1,207.5,0.693147181,5.339939041,2.338251261,-0.868813241,-0.870500705
16754,280,1,2002.4,0.693147181,7.602601016,2.338251261,-0.868813241,0.981020477
16755,22,3,1475.43,1.386294361,7.297382291,-0.902817922,0.237466779,0.731262032
16756,122,1,239.4,0.693147181,5.482304203,0.353410444,-0.868813241,-0.754004244
16757,226,1,106.83,0.693147181,4.680555913,1.659887944,-0.868813241,-1.410069514
16761,4,1,316.62,0.693147181,5.7608557,-1.128939027,-0.868813241,-0.526067414
16762,52,1,314.15,0.693147181,5.753048716,-0.525949412,-0.868813241,-0.532455817
16763,106,1,611.85,0.693147181,6.418120208,0.152413906,-0.868813241,0.011767743
16764,7,4,782.55,1.609437912,6.663834876,-1.091252176,0.593609398,0.212834415
16765,202,1,34,0.693147181,3.555348061,1.358393136,-0.868813241,-2.330819584
16766,181,2,1145.6,1.098612289,7.04455632,1.09458518,-0.221680914,0.52437623
16767,1,7,4820.46,2.079441542,8.480832066,-1.166625878,1.343746799,1.699671079
16768,11,2,286.49,1.098612289,5.661188077,-1.041003042,-0.221680914,-0.607624764
16769,168,1,361.54,0.693147181,5.893134813,0.931275492,-0.868813241,-0.417824299
16770,144,4,649.38,1.609437912,6.477556807,0.629780684,0.593609398,0.060404315
16771,183,3,1651.75,1.386294361,7.410195846,1.119709747,0.237466779,0.823576611
16774,24,3,542.2,1.386294361,6.297477576,-0.877693354,0.237466779,-0.086953317
16775,30,8,1174.55,2.197224577,7.069491402,-0.802319652,1.531731433,0.54478044
16777,165,1,173.52,0.693147181,5.162039348,0.893588641,-0.868813241,-1.016074835
16778,182,1,93.18,0.693147181,4.545207845,1.107147463,-0.868813241,-1.520823934
16779,14,15,6376.73,2.772588722,8.760567514,-1.003316191,2.450026819,1.928576728
16780,8,2,422.24,1.098612289,6.047939394,-1.078689893,-0.221680914,-0.291148745
16781,280,1,311.25,0.693147181,5.743804149,2.338251261,-0.868813241,-0.540020584
16782,46,9,1630.4,2.302585093,7.397193821,-0.601323114,1.699889419,0.812937141
16788,31,2,594.39,1.098612289,6.389216653,-0.789757369,-0.221680914,-0.011883843
16791,30,5,791.87,1.791759469,6.675659274,-0.802319652,0.884599106,0.22251024
16792,190,2,110.38,1.098612289,4.712947778,1.207645733,-0.221680914,-1.383563467
16794,16,4,605.03,1.609437912,6.40692949,-0.978191623,0.593609398,0.002610453
16795,273,1,414.88,0.693147181,6.030396757,2.250315276,-0.868813241,-0.305503767
16801,71,4,1594.23,1.609437912,7.374773205,-0.287266022,0.593609398,0.794590501
16804,178,1,118.05,0.693147181,4.779543573,1.056898329,-0.868813241,-1.329068573
16805,81,2,460.59,1.098612289,6.134677051,-0.161643186,-0.221680914,-0.220171899
16806,11,4,762.16,1.609437912,6.637467708,-1.041003042,0.593609398,0.191258337
16807,50,3,1121.59,1.386294361,7.023393795,-0.551073979,0.237466779,0.507059076
16808,7,2,288.42,1.098612289,5.66787892,-1.091252176,-0.221680914,-0.602149692
16809,44,3,470.69,1.386294361,6.15632199,-0.626447681,0.237466779,-0.20245999
16810,100,1,309.54,0.693147181,5.738312718,0.077040204,-0.868813241,-0.544514186
16812,268,1,479.35,0.693147181,6.174515005,2.187503858,-0.868813241,-0.187572768
16813,4,7,1146.84,2.079441542,7.045637194,-1.128939027,1.343746799,0.525260702
16814,16,16,5131.69,2.833213344,8.543385167,-0.978191623,2.546785213,1.750857864
16816,11,4,417.06,1.609437912,6.035624963,-1.041003042,0.593609398,-0.301225561
16817,93,7,1179.43,2.079441542,7.073634058,-0.010895782,1.343746799,0.548170348
16818,1,9,2528.47,2.302585093,7.835765074,-1.166625878,1.699889419,1.171817068
16820,3,1,497.61,0.693147181,6.211824227,-1.141501311,-0.868813241,-0.15704288
16823,135,1,358.38,0.693147181,5.884380324,0.516720131,-0.868813241,-0.424988039
16824,72,1,222.9,0.693147181,5.411199524,-0.274703739,-0.868813241,-0.812188728
16825,93,1,318.7,0.693147181,5.767383056,-0.010895782,-0.868813241,-0.520726122
16828,20,1,113.5,0.693147181,4.740574823,-0.927942489,-0.868813241,-1.360956441
16829,64,1,197.22,0.693147181,5.289377525,-0.375202008,-0.868813241,-0.911874856
16832,92,3,199.15,1.386294361,5.299067085,-0.023458066,0.237466779,-0.903945953
16833,167,3,671.29,1.386294361,6.510689795,0.918713208,0.237466779,0.087516818
16834,135,1,413.46,0.693147181,6.026976468,0.516720131,-0.868813241,-0.308302567
16835,36,2,180.85,1.098612289,5.203182171,-0.72694595,-0.221680914,-0.982407938
16836,24,1,91.32,0.693147181,4.525260803,-0.877693354,-0.868813241,-1.537146466
16837,65,9,1911.74,2.302585093,7.556292048,-0.362639724,1.699889419,0.943126158
16838,105,2,588.85,1.098612289,6.379868267,0.139851622,-0.221680914,-0.019533565
16839,17,22,10869.28,3.135494216,9.293787739,-0.96562934,3.029232951,2.364907276
16841,45,5,1561.06,1.791759469,7.353760742,-0.613885397,0.884599106,0.777396143
16842,8,3,1264.19,1.386294361,7.142977588,-1.078689893,0.237466779,0.604913695
16843,1,13,8809.24,2.63905733,9.08366996,-1.166625878,2.236907419,2.192969302
16849,94,1,124.57,0.693147181,4.832863372,0.001666502,-0.868813241,-1.285437338
16850,241,1,332.41,0.693147181,5.809372964,1.848322199,-0.868813241,-0.486366061
16852,84,1,113.06,0.693147181,4.736724626,-0.123956335,-0.868813241,-1.364107032
16858,276,1,375.69,0.693147181,5.931422568,2.288002127,-0.868813241,-0.386493685
16859,52,2,747.81,1.098612289,6.61848528,-0.525949412,-0.221680914,0.175725143
16861,66,1,70.8,0.693147181,4.273884476,-0.350077441,-0.868813241,-1.742846035
16863,274,1,164.25,0.693147181,5.107459479,2.26287756,-0.868813241,-1.060737178
16866,48,3,207.74,1.386294361,5.341089458,-0.576198546,0.237466779,-0.869559326
16869,73,2,387.68,1.098612289,5.962756383,-0.262141455,-0.221680914,-0.360853434
16871,118,4,2037.82,1.609437912,7.620126488,0.303161309,0.593609398,0.995361454
16872,13,2,464.68,1.098612289,6.143498703,-1.015878474,-0.221680914,-0.2129532
16873,35,4,3871.47,1.609437912,8.261647825,-0.739508234,0.593609398,1.520314079
16875,52,4,1138.2,1.609437912,7.038081541,-0.525949412,0.593609398,0.519077961
16877,60,2,188.98,1.098612289,5.246918803,-0.425451143,-0.221680914,-0.946618544
16880,7,6,1093.12,1.945910149,6.997705666,-1.091252176,1.130627399,0.486038652
16882,147,2,215.7,1.098612289,5.378513909,0.667467535,-0.221680914,-0.838935148
16883,95,2,272.48,1.098612289,5.611228493,0.014228785,-0.221680914,-0.648506358
16885,265,1,177.95,0.693147181,5.187106437,2.149817007,-0.868813241,-0.995562604
16889,102,3,1578.67,1.386294361,7.364971243,0.102164771,0.237466779,0.786569621
16891,3,3,515.79,1.386294361,6.247636602,-1.141501311,0.237466779,-0.127737853
16892,91,1,102.98,0.693147181,4.644198573,-0.036020349,-0.868813241,-1.439820483
16893,274,1,145.93,0.693147181,4.989956283,2.26287756,-0.868813241,-1.156889258
16897,207,2,289.78,1.098612289,5.672566968,1.421204555,-0.221680914,-0.598313494
16898,85,2,313.77,1.098612289,5.751842213,-0.111394051,-0.221680914,-0.53344309
16899,57,3,510.18,1.386294361,6.236721779,-0.463137994,0.237466779,-0.13666938
16902,24,1,1706.88,0.693147181,7.443008114,-0.877693354,-0.868813241,0.850426671
16904,2,14,2948.55,2.708050201,7.989407895,-1.154063595,2.347021746,1.297541963
16905,144,3,822.18,1.386294361,6.713174889,0.629780684,0.237466779,0.253209017
16906,94,3,392.99,1.386294361,5.976325528,0.001666502,0.237466779,-0.349749893
16907,56,4,658.99,1.609437912,6.492224683,-0.475700277,0.593609398,0.07240694
16912,42,7,1538.58,2.079441542,7.339264931,-0.651572248,1.343746799,0.765534317
16913,198,1,113.44,0.693147181,4.740050668,1.308144002,-0.868813241,-1.361385353
16915,35,4,382.39,1.609437912,5.949052748,-0.739508234,0.593609398,-0.372067027
16916,280,1,196.43,0.693147181,5.285384091,2.338251261,-0.868813241,-0.915142656
16917,184,1,391.52,0.693147181,5.972587491,1.132272031,-0.868813241,-0.352808703
16918,3,3,822.7,1.386294361,6.713806386,-1.141501311,0.237466779,0.253725767
16919,64,11,2592.25,2.48490665,7.860667194,-0.375202008,1.990879126,1.192194307
16923,7,14,4763.94,2.708050201,8.469040224,-1.091252176,2.347021746,1.690021894
16926,279,1,230.25,0.693147181,5.443499376,2.325688978,-0.868813241,-0.785757974
16927,23,3,543.05,1.386294361,6.299041154,-0.890255638,0.237466779,-0.085673851
16928,2,15,2370.65,2.772588722,7.771341194,-1.154063595,2.450026819,1.119099438
16929,35,2,428.88,1.098612289,6.0635061,-0.739508234,-0.221680914,-0.278410613
16931,11,14,2897.33,2.708050201,7.971889988,-1.041003042,2.347021746,1.283207176
16933,147,1,224.73,0.693147181,5.419339595,0.667467535,-0.868813241,-0.805527762
16938,87,3,2386.05,1.386294361,7.777813573,-0.086269484,0.237466779,1.124395742
16940,77,2,1868.36,1.098612289,7.533351405,-0.21189232,-0.221680914,0.924353983
16942,44,7,1439.44,2.079441542,7.272703901,-0.626447681,1.343746799,0.711067871
16943,119,3,816.73,1.386294361,6.706532209,0.315723593,0.237466779,0.247773357
16945,6,13,3007.06,2.63905733,8.009050632,-1.10381446,2.236907419,1.313615483
16947,143,1,406.48,0.693147181,6.009991852,0.617218401,-0.868813241,-0.322200965
16948,46,3,435.02,1.386294361,6.077688114,-0.601323114,0.237466779,-0.266805566
16949,93,4,893.75,1.609437912,6.79654435,-0.010895782,0.593609398,0.32142969
16950,32,2,778.41,1.098612289,6.658537223,-0.777195085,-0.221680914,0.208499381
16951,42,3,1277.75,1.386294361,7.153638317,-0.651572248,0.237466779,0.613637299
16952,17,2,167.61,1.098612289,5.127588356,-0.96562934,-0.221680914,-1.044265852
16954,32,4,1245.38,1.609437912,7.127998629,-0.777195085,0.593609398,0.592656513
16955,92,4,518.67,1.609437912,6.253193995,-0.023458066,0.593609398,-0.123190276
16957,147,2,416.64,1.098612289,6.034619817,0.667467535,-0.221680914,-0.302048065
16960,160,1,201.53,0.693147181,5.310888024,0.830777223,-0.868813241,-0.894272958
16961,24,1,234.17,0.693147181,5.460308657,-0.877693354,-0.868813241,-0.772003052
16963,95,1,110.55,0.693147181,4.714472921,0.014228785,-0.868813241,-1.382315453
16965,134,1,201.19,0.693147181,5.309207849,0.504157848,-0.868813241,-0.895647834
16966,78,4,1486.56,1.609437912,7.304892473,-0.199330037,0.593609398,0.737407564
16967,97,1,319.02,0.693147181,5.768383494,0.039353353,-0.868813241,-0.519907471
16968,15,1,253.31,0.693147181,5.538553995,-0.990753907,-0.868813241,-0.707975414
16969,42,2,478.96,1.098612289,6.173702767,-0.651572248,-0.221680914,-0.188237416
16976,175,1,251.52,0.693147181,5.531490453,1.019211478,-0.868813241,-0.713755463
16979,55,2,555.65,1.098612289,6.321936676,-0.488262561,-0.221680914,-0.066938599
16980,163,2,1028.46,1.098612289,6.936789672,0.868464074,-0.221680914,0.436191501
16983,4,5,1185.35,1.791759469,7.078636646,-1.128939027,0.884599106,0.552263932
16984,38,1,3213.19,0.693147181,8.075330661,-0.701821383,-0.868813241,1.367851988
16985,65,7,3578.54,2.079441542,8.18298958,-0.362639724,1.343746799,1.455948562
16987,78,3,629.45,1.386294361,6.44643385,-0.199330037,0.237466779,0.034936607
16989,6,2,890.7,1.098612289,6.793129753,-1.10381446,-0.221680914,0.318635549
16990,126,1,179,0.693147181,5.192956851,0.403659579,-0.868813241,-0.990775249
16992,6,3,972.35,1.386294361,6.88074373,-1.10381446,0.237466779,0.390329481
16996,29,5,1041.78,1.791759469,6.949645503,-0.814881936,0.884599106,0.446711341
16997,196,3,702,1.386294361,6.555356892,1.283019434,0.237466779,0.124067605
16998,57,4,295,1.609437912,5.690359454,-0.463137994,0.593609398,-0.583754021
17001,21,7,2471.09,2.079441542,7.812819226,-0.915380205,1.343746799,1.153040634
17002,123,2,993.52,1.098612289,6.902260209,0.365972728,-0.221680914,0.407936272
17004,0,1,905.6,0.693147181,6.809701339,-1.179188162,-0.868813241,0.332195967
17007,63,5,575.44,1.791759469,6.356871258,-0.387764292,0.884599106,-0.038351864
17015,93,1,520.55,0.693147181,6.256805147,-0.010895782,-0.868813241,-0.120235294
17017,70,14,5431.28,2.708050201,8.600114214,-0.299828306,2.347021746,1.797278864
17018,233,1,405,0.693147181,6.00635316,1.74782393,-0.868813241,-0.325178483
17019,169,3,995.93,1.386294361,6.904680557,0.943837776,0.237466779,0.409916827
17024,7,2,56.25,1.098612289,4.047427642,-1.091252176,-0.221680914,-1.928154149
17025,281,2,160.97,1.098612289,5.087411133,2.350813545,-0.221680914,-1.077142605
17026,93,2,154.83,1.098612289,5.048765669,-0.010895782,-0.221680914,-1.10876593
17027,87,4,645.23,1.609437912,6.471155478,-0.086269484,0.593609398,0.05516615
17029,18,2,716,1.098612289,6.575075841,-0.953067056,-0.221680914,0.140203489
17031,62,1,225.95,0.693147181,5.424729729,-0.400326575,-0.868813241,-0.801117051
17033,122,2,608.1,1.098612289,6.411982458,0.353410444,-0.221680914,0.006745263
17034,195,1,141.8,0.693147181,4.96144505,1.270457151,-0.868813241,-1.18021981
17035,153,2,433.53,1.098612289,6.074264987,0.742841237,-0.221680914,-0.269606688
17040,45,1,449.73,0.693147181,6.110868491,-0.613885397,-0.868813241,-0.239654285
17041,16,2,750.89,1.098612289,6.622590037,-0.978191623,-0.221680914,0.179084038
17042,29,4,915.02,1.609437912,6.820038198,-0.814881936,0.593609398,0.34065455
17043,86,2,324.97,1.098612289,5.786805353,-0.098831768,-0.221680914,-0.504832987
17045,21,3,339.44,1.386294361,5.830238899,-0.915380205,0.237466779,-0.469291606
17046,65,1,642.02,0.693147181,6.466175828,-0.362639724,-0.868813241,0.051091336
17047,113,2,749.43,1.098612289,6.620646376,0.240349891,-0.221680914,0.177493553
17048,25,3,925.35,1.386294361,6.831252133,-0.865131071,0.237466779,0.349830838
17049,25,5,2606.65,1.791759469,7.866204712,-0.865131071,0.884599106,1.19672562
17050,4,6,3185.64,1.945910149,8.066722349,-1.128939027,1.130627399,1.360807864
17051,102,1,240.89,0.693147181,5.488483077,0.102164771,-0.868813241,-0.748948112
17053,38,1,498.48,0.693147181,6.213567557,-0.701821383,-0.868813241,-0.155616325
17054,45,4,1207.32,1.609437912,7.096986244,-0.613885397,0.593609398,0.567279286
17058,107,2,819.66,1.098612289,6.710108895,0.164976189,-0.221680914,0.250700135
17059,18,4,2237.1,1.609437912,7.713382571,-0.953067056,0.593609398,1.071672283
17060,174,1,234.24,0.693147181,5.46060627,1.006649194,-0.868813241,-0.771759518
17061,18,10,4658.83,2.397895273,8.446734246,-0.953067056,1.85200682,1.671769061
17062,221,4,533.33,1.609437912,6.281013626,1.597076526,0.593609398,-0.100425658
17063,71,4,671.87,1.609437912,6.511552146,-0.287266022,0.593609398,0.088222474
17064,90,2,457.4,1.098612289,6.127742165,-0.048582633,-0.221680914,-0.22584667
17068,2,16,3539.29,2.833213344,8.171963924,-1.154063595,2.546785213,1.446926341
17069,63,5,1495.79,1.791759469,7.311078094,-0.387764292,0.884599106,0.742469217
17070,22,1,304.24,0.693147181,5.721098352,-0.902817922,-0.868813241,-0.558600586
17071,42,6,1402.42,1.945910149,7.246667394,-0.651572248,1.130627399,0.689762371
17073,17,1,453.79,0.693147181,6.119835774,-0.96562934,-0.868813241,-0.232316417
17075,161,3,696.07,1.386294361,6.546885836,0.843339507,0.237466779,0.117135796
17076,181,2,334.2,1.098612289,5.814727369,1.09458518,-0.221680914,-0.481984587
17080,177,1,76.32,0.693147181,4.347952654,1.044336045,-0.868813241,-1.682236539
17082,226,1,636.94,0.693147181,6.458244235,1.659887944,-0.868813241,0.044600966
17083,17,3,1405.78,1.386294361,7.249058684,-0.96562934,0.237466779,0.691719148
17085,31,5,1562.4,1.791759469,7.354618216,-0.789757369,0.884599106,0.778097808
17088,90,2,1399.11,1.098612289,7.244306084,-0.048582633,-0.221680914,0.687830127
17090,6,4,811.77,1.609437912,6.700448167,-1.10381446,0.593609398,0.242794826
17091,6,7,2692,2.079441542,7.898411093,-1.10381446,1.343746799,1.223079887
17092,34,2,629.32,1.098612289,6.446227627,-0.752070518,-0.221680914,0.034767856
17094,230,1,302,0.693147181,5.713732806,1.710137079,-0.868813241,-0.564627764
17095,207,2,543.96,1.098612289,6.300712397,1.421204555,-0.221680914,-0.084306284
17096,51,2,443.94,1.098612289,6.097939442,-0.538511696,-0.221680914,-0.25023404
17097,8,6,639.53,1.945910149,6.462295959,-1.078689893,1.130627399,0.047916465
17101,86,1,230.58,0.693147181,5.444925386,-0.098831768,-0.868813241,-0.78459108
17102,169,1,25.5,0.693147181,3.277144733,0.943837776,-0.868813241,-2.558471509
17105,67,2,665.78,1.098612289,6.502460156,-0.337515157,-0.221680914,0.080782559
17107,63,3,6332.61,1.386294361,8.753625653,-0.387764292,0.237466779,1.922896249
17109,140,2,464.59,1.098612289,6.143305419,0.57953155,-0.221680914,-0.213111364
17110,73,1,163.3,0.693147181,5.101694025,-0.262141455,-0.868813241,-1.06545501
17114,46,6,601.94,1.945910149,6.401817689,-0.601323114,1.130627399,-0.001572499
17115,90,2,612.82,1.098612289,6.419701726,-0.048582633,-0.221680914,0.013061888
17117,196,1,116.2,0.693147181,4.763881877,1.283019434,-0.868813241,-1.341884434
17118,225,1,157.02,0.693147181,5.062721607,1.64732566,-0.868813241,-1.097345879
17120,141,1,307.46,0.693147181,5.731592175,0.592093833,-0.868813241,-0.550013561
17122,27,1,138.32,0.693147181,4.936773445,-0.840006503,-0.868813241,-1.200408419
17123,69,1,345.3,0.693147181,5.847305451,-0.31239059,-0.868813241,-0.45532616
17124,93,1,294.24,0.693147181,5.687788585,-0.010895782,-0.868813241,-0.585857746
17126,60,5,989.45,1.791759469,6.898159385,-0.425451143,0.884599106,0.404580595
17128,242,1,157.09,0.693147181,5.063164491,1.860884483,-0.868813241,-1.09698347
17133,98,3,2478.79,1.386294361,7.815929158,0.051915636,0.237466779,1.155585471
17134,14,2,413.2,1.098612289,6.026348949,-1.003316191,-0.221680914,-0.308816062
17135,197,2,500.55,1.098612289,6.217703303,1.295581718,-0.221680914,-0.152232072
17138,183,1,380.5,0.693147181,5.944110851,1.119709747,-0.868813241,-0.376110948
17139,30,7,6851.82,2.079441542,8.832415525,-0.802319652,1.343746799,1.987369476
17140,155,1,454.12,0.693147181,6.12056112,0.767965805,-0.868813241,-0.231722871
17142,147,1,579,0.693147181,6.363028104,0.667467535,-0.868813241,-0.033313758
17146,13,3,749.78,1.386294361,6.621112666,-1.015878474,0.237466779,0.177875116
17147,114,2,973.11,1.098612289,6.881524234,0.252912175,-0.221680914,0.390968162
17152,102,3,1689.5,1.386294361,7.432779622,0.102164771,0.237466779,0.842056764
17155,85,1,143.3,0.693147181,4.971894466,-0.111394051,-0.868813241,-1.171669122
17157,84,1,161.46,0.693147181,5.090431818,-0.123956335,-0.868813241,-1.074670799
17158,140,2,698.55,1.098612289,6.550437271,0.57953155,-0.221680914,0.120041912
17159,79,1,528.45,0.693147181,6.271838732,-0.186767753,-0.868813241,-0.107933412
17160,17,5,3001.18,1.791759469,8.00709397,-0.96562934,0.884599106,1.31201436
17162,39,9,1463.66,2.302585093,7.289378413,-0.689259099,1.699889419,0.724712512
17164,59,3,1270.42,1.386294361,7.147889665,-0.438013426,0.237466779,0.608933215
17165,192,1,158.68,0.693147181,5.073171813,1.2327703,-0.868813241,-1.088794546
17166,111,1,127.59,0.693147181,4.856629048,0.215225324,-0.868813241,-1.265990044
17169,91,1,308.68,0.693147181,5.735539506,-0.036020349,-0.868813241,-0.546783486
17171,197,1,224.91,0.693147181,5.42013669,1.295581718,-0.868813241,-0.804875504
17173,24,2,961.26,1.098612289,6.869284684,-0.877693354,-0.221680914,0.380952621
17174,125,1,59.9,0.693147181,4.109233175,0.391097295,-0.868813241,-1.877579095
17175,49,3,1132.63,1.386294361,7.033180152,-0.563636263,0.237466779,0.515067187
17176,109,1,306.13,0.693147181,5.727271111,0.190100756,-0.868813241,-0.553549459
17179,86,3,711.79,1.386294361,6.569186847,-0.098831768,0.237466779,0.135384565
17180,149,3,552.8,1.386294361,6.316803611,0.692592103,0.237466779,-0.071138952
17181,281,1,155.52,0.693147181,5.053183797,2.350813545,-0.868813241,-1.105150605
17183,13,1,329.67,0.693147181,5.801120899,-1.015878474,-0.868813241,-0.49311867
17187,134,1,203.95,0.693147181,5.322766047,0.504157848,-0.868813241,-0.884553251
17188,72,5,1815.09,1.791759469,7.504441117,-0.274703739,0.884599106,0.900696887
17189,14,2,383.75,1.098612289,5.952593773,-1.003316191,-0.221680914,-0.36916943
17190,115,1,195,0.693147181,5.278114659,0.265474458,-0.868813241,-0.921091183
17191,2,6,1561.51,1.945910149,7.354048782,-1.154063595,1.130627399,0.777631843
17193,84,2,448.56,1.098612289,6.108269327,-0.123956335,-0.221680914,-0.241781164
17194,181,2,262.62,1.098612289,5.574508672,1.09458518,-0.221680914,-0.678553942
17198,273,2,521.66,1.098612289,6.258931157,2.250315276,-0.221680914,-0.118495594
17204,83,4,1564.56,1.609437912,7.355998866,-0.136518619,0.593609398,0.779227585
17211,88,6,1464.89,1.945910149,7.290217846,-0.0737072,1.130627399,0.725399415
17212,161,1,226.85,0.693147181,5.428687518,0.843339507,-0.868813241,-0.797878419
17213,49,5,1780.01,1.791759469,7.484935898,-0.563636263,0.884599106,0.884735897
17214,157,4,611.97,1.609437912,6.418315995,0.793090372,0.593609398,0.011927954
17217,142,1,113.5,0.693147181,4.740574823,0.604656117,-0.868813241,-1.360956441
17218,122,5,943.58,1.791759469,6.850740384,0.353410444,0.884599106,0.365777944
17220,7,10,2288.08,2.397895273,7.735905269,-1.091252176,1.85200682,1.090102457
17223,218,2,416.89,1.098612289,6.03521824,1.559389675,-0.221680914,-0.30155838
17226,216,1,393.49,0.693147181,5.977593791,1.534265108,-0.868813241,-0.348712081
17227,80,3,473.75,1.386294361,6.16278835,-0.17420547,0.237466779,-0.197168611
17228,115,4,687.58,1.609437912,6.534631506,0.265474458,0.593609398,0.10710816
17229,4,2,318.76,1.098612289,5.767570714,-1.128939027,-0.221680914,-0.520572563
17230,172,8,3638.41,2.197224577,8.19957686,0.981524627,1.531731433,1.469521822
17231,34,7,1905.82,2.079441542,7.553192212,-0.752070518,1.343746799,0.940589583
17234,90,1,149.89,0.693147181,5.016551095,-0.048582633,-0.868813241,-1.135126901
17235,280,1,341.9,0.693147181,5.837438859,2.338251261,-0.868813241,-0.463399926
17236,87,5,697.73,1.791759469,6.549264402,-0.086269484,0.884599106,0.119082161
17238,44,11,1943.57,2.48490665,7.572796152,-0.626447681,1.990879126,0.956631356
17239,220,1,382.5,0.693147181,5.949339621,1.584514242,-0.868813241,-0.371832281
17242,16,2,1135.04,1.098612289,7.03530381,-0.978191623,-0.221680914,0.516804962
17243,0,16,4332.36,2.833213344,8.374098502,-1.179188162,2.546785213,1.612331716
17245,112,1,171.45,0.693147181,5.150107339,0.227787607,-0.868813241,-1.025838718
17248,28,1,318.65,0.693147181,5.767226647,-0.82744422,-0.868813241,-0.52085411
17250,169,1,162.65,0.693147181,5.097730001,0.943837776,-0.868813241,-1.068698744
17251,270,1,269.83,0.693147181,5.601491318,2.212628425,-0.868813241,-0.656474224
17252,24,2,348.91,1.098612289,5.857675979,-0.877693354,-0.221680914,-0.446840027
17255,207,1,108.26,0.693147181,4.693730363,1.421204555,-0.868813241,-1.39928895
17256,15,2,240,1.098612289,5.484796933,-0.990753907,-0.221680914,-0.751964459
17259,56,2,581.23,1.098612289,6.366865559,-0.475700277,-0.221680914,-0.030173594
17262,135,4,955.36,1.609437912,6.863134411,0.516720131,0.593609398,0.375919893
17263,116,1,63.44,0.693147181,4.165734558,0.278036742,-0.868813241,-1.83134439
17265,46,2,550.01,1.098612289,6.311752958,-0.601323114,-0.221680914,-0.075271867
17266,55,1,113.06,0.693147181,4.736724626,-0.488262561,-0.868813241,-1.364107032
17267,35,2,317.2,1.098612289,5.762680116,-0.739508234,-0.221680914,-0.524574507
17268,15,4,763.64,1.609437912,6.639405135,-0.990753907,0.593609398,0.192843721
17272,107,2,1409.44,1.098612289,7.251656991,0.164976189,-0.221680914,0.693845325
17277,135,2,1065.35,1.098612289,6.971996881,0.516720131,-0.221680914,0.465001325
17278,149,1,246.04,0.693147181,5.509550267,0.692592103,-0.868813241,-0.731708971
17282,38,3,1685.46,1.386294361,7.430386936,-0.701821383,0.237466779,0.840098846
17284,28,5,1489.04,1.791759469,7.306558244,-0.82744422,0.884599106,0.738770654
17287,51,5,702.41,1.791759469,6.555939937,-0.538511696,0.884599106,0.124544706
17288,115,5,663.7,1.791759469,6.499335811,0.265474458,0.884599106,0.078225928
17289,88,1,164.45,0.693147181,5.108669034,-0.0737072,-0.868813241,-1.059747406
17291,216,1,550.8,0.693147181,6.313185662,1.534265108,-0.868813241,-0.074099495
17293,27,5,867.03,1.791759469,6.766226276,-0.840006503,0.884599106,0.296620614
17298,9,2,498.42,1.098612289,6.213447425,-1.066127609,-0.221680914,-0.155714628
17299,8,2,268.19,1.098612289,5.59541745,-1.078689893,-0.221680914,-0.661444429
17302,30,3,661.61,1.386294361,6.496186582,-0.802319652,0.237466779,0.075648935
17303,269,1,250.04,0.693147181,5.525612289,2.200066141,-0.868813241,-0.718565526
17306,7,15,6700.06,2.772588722,8.810021002,-1.091252176,2.450026819,1.969044187
17309,3,1,82.75,0.693147181,4.427836171,-1.141501311,-0.868813241,-1.616868391
17311,224,1,556.46,0.693147181,6.323390752,1.634763377,-0.868813241,-0.065748738
17312,46,3,644.3,1.386294361,6.469715325,-0.601323114,0.237466779,0.053987682
17314,56,5,1506.92,1.791759469,7.318486497,-0.475700277,0.884599106,0.748531463
17315,8,28,4338.09,3.36729583,8.375419928,-1.078689893,3.399194052,1.61341303
17320,8,3,1200.62,1.386294361,7.091425925,-1.078689893,0.237466779,0.562729314
17323,32,4,530.95,1.609437912,6.2765495,-0.777195085,0.593609398,-0.104078622
17324,239,2,702.23,1.098612289,6.555684008,1.823197632,-0.221680914,0.124335281
17325,188,1,96.8,0.693147181,4.582924577,1.182521165,-0.868813241,-1.489960584
17329,223,1,243.36,0.693147181,5.498642548,1.622201093,-0.868813241,-0.740634685
17331,31,1,175.2,0.693147181,5.171619714,-0.789757369,-0.868813241,-1.008235286
17334,210,2,307.02,1.098612289,5.730164716,1.458891406,-0.221680914,-0.551181641
17337,59,4,1981.06,1.609437912,7.591891987,-0.438013426,0.593609398,0.97225735
17338,22,7,5163.92,2.079441542,8.549644893,-0.902817922,1.343746799,1.755980156
17339,2,2,243.36,1.098612289,5.498642548,-1.154063595,-0.221680914,-0.740634685
17340,28,7,7593.65,2.079441542,8.935199331,-0.82744422,1.343746799,2.071476777
17341,64,3,682.29,1.386294361,6.526919367,-0.375202008,0.237466779,0.100797368
17343,263,1,193.64,0.693147181,5.271151698,2.124692439,-0.868813241,-0.926788928
17345,1,3,281.18,1.386294361,5.642545165,-1.166625878,0.237466779,-0.622880134
17346,11,8,1228.78,2.197224577,7.114590571,-1.041003042,1.531731433,0.581684789
17348,205,1,160.15,0.693147181,5.082335608,1.396079987,-0.868813241,-1.081295873
17349,87,1,98.25,0.693147181,4.59764192,-0.086269484,-0.868813241,-1.477917481
17351,77,2,427.3,1.098612289,6.059823885,-0.21189232,-0.221680914,-0.281423745
17353,37,2,1740,1.098612289,7.46221494,-0.714383667,-0.221680914,0.866143488
17356,219,1,178.22,0.693147181,5.188614101,1.571951959,-0.868813241,-0.994328892
17358,211,2,360.81,1.098612289,5.891119212,1.471453689,-0.221680914,-0.419473652
17360,92,1,320.9,0.693147181,5.774240938,-0.023458066,-0.868813241,-0.515114363
17361,94,2,263.92,1.098612289,5.579427894,0.001666502,-0.221680914,-0.674528576
17362,147,2,312.23,1.098612289,5.746937745,0.667467535,-0.221680914,-0.537456384
17364,45,6,2617.41,1.945910149,7.870322542,-0.613885397,1.130627399,1.200095214
17365,77,5,2336.81,1.791759469,7.756969873,-0.21189232,0.884599106,1.107339481
17367,146,1,167.55,0.693147181,5.127232442,0.654905252,-0.868813241,-1.044557094
17368,1,6,1605.07,1.945910149,7.38154548,-1.166625878,1.130627399,0.800132208
17370,0,2,228.06,1.098612289,5.433983978,-1.179188162,-0.221680914,-0.793544361
17371,269,1,92.14,0.693147181,4.534103738,2.200066141,-0.868813241,-1.529910351
17372,74,6,1055.63,1.945910149,6.962839877,-0.249579171,1.130627399,0.45750821
17373,42,2,287.3,1.098612289,5.664001605,-0.651572248,-0.221680914,-0.605322473
17374,126,2,495.77,1.098612289,6.208127142,0.403659579,-0.221680914,-0.16006818
17375,107,3,400.1,1.386294361,5.994210773,0.164976189,0.237466779,-0.335114517
17376,219,1,105.85,0.693147181,4.671425982,1.571951959,-0.868813241,-1.417540476
17377,34,9,2040.34,2.302585093,7.621361734,-0.752070518,1.699889419,0.996372247
17381,7,24,18261.65,3.218875825,9.81261327,-1.091252176,3.162312058,2.789458743
17384,127,1,227.65,0.693147181,5.43219245,0.416221862,-0.868813241,-0.795010356
17386,7,5,1697.34,1.791759469,7.437406582,-1.091252176,0.884599106,0.845842975
17388,39,3,953.03,1.386294361,6.860695117,-0.689259099,0.237466779,0.373923835
17389,3,25,9504.08,3.258096538,9.159581672,-1.141501311,3.224909285,2.255087348
17391,71,2,508.8,1.098612289,6.234018492,-0.287266022,-0.221680914,-0.138881462
17392,214,2,417.27,1.098612289,6.036127157,1.50914054,-0.221680914,-0.300814619
17394,127,1,203.87,0.693147181,5.322375632,0.416221862,-0.868813241,-0.884872725
17396,56,6,4801.8,1.945910149,8.47695436,-0.475700277,1.130627399,1.696497978
17398,22,3,653.38,1.386294361,6.483688222,-0.902817922,0.237466779,0.065421611
17400,34,5,2097.84,1.791759469,7.64914009,-0.752070518,0.884599106,1.01910309
17402,9,8,1732.45,2.197224577,7.457868921,-1.066127609,1.531731433,0.86258717
17404,35,9,20924.3,2.302585093,9.948714232,-0.739508234,1.699889419,2.900829252
17405,58,1,393.31,0.693147181,5.977137402,-0.45057571,-0.868813241,-0.349085542
17406,241,3,2184.42,1.386294361,7.689563309,1.848322199,0.237466779,1.05218114
17408,71,1,32.65,0.693147181,3.516013056,-0.287266022,-0.868813241,-2.363007156
17409,92,2,771.85,1.098612289,6.650084981,-0.023458066,-0.221680914,0.201582967
17410,4,2,419.55,1.098612289,6.041563378,-1.128939027,-0.221680914,-0.296366196
17411,169,1,285.58,0.693147181,5.658017729,0.943837776,-0.868813241,-0.610219039
17412,104,4,709.82,1.609437912,6.566419233,0.127289338,0.593609398,0.133119845
17414,92,1,598,0.693147181,6.395261598,-0.023458066,-0.868813241,-0.006937305
17416,17,5,5294.49,1.791759469,8.574610794,-0.96562934,0.884599106,1.776409586
17418,231,1,167.39,0.693147181,5.126282718,1.722699362,-0.868813241,-1.045334247
17419,51,8,2660,2.197224577,7.886457271,-0.538511696,1.531731433,1.213298154
17420,79,2,391.51,1.098612289,5.972562015,-0.186767753,-0.221680914,-0.352829551
17422,1,5,1698.97,1.791759469,7.438365883,-1.166625878,0.884599106,0.846627964
17423,125,1,449.42,0.693147181,6.110180481,0.391097295,-0.868813241,-0.240217279
17426,83,3,3279.23,1.386294361,8.095668821,-0.136518619,0.237466779,1.384494568
17428,18,20,10661.09,3.044522438,9.274449739,-0.953067056,2.884039746,2.34908312
17429,36,3,524.92,1.386294361,6.26514911,-0.72694595,0.237466779,-0.113407485
17430,273,1,112.6,0.693147181,4.732683506,2.250315276,-0.868813241,-1.367413853
17431,221,1,403.3,0.693147181,6.002157177,1.597076526,-0.868813241,-0.328612027
17436,134,1,122.4,0.693147181,4.815431111,0.504157848,-0.868813241,-1.29970204
17438,161,1,388.45,0.693147181,5.964735487,0.843339507,-0.868813241,-0.359233946
17440,64,3,186.42,1.386294361,5.233352088,-0.375202008,0.237466779,-0.957720097
17442,1,5,1921.69,1.791759469,7.561480526,-1.166625878,0.884599106,0.947371855
17443,127,1,534.24,0.693147181,6.282715244,0.416221862,-0.868813241,-0.099033234
17444,59,2,2389.1,1.098612289,7.779090485,-0.438013426,-0.221680914,1.125440631
17446,84,2,120.9,1.098612289,4.803201036,-0.123956335,-0.221680914,-1.309709829
17449,2,4,1497.55,1.609437912,7.312253253,-1.154063595,0.593609398,0.743430842
17450,3,23,86301.54,3.17805383,11.36561431,-1.141501311,3.097159147,4.060269121
17451,13,1,346.01,0.693147181,5.849353598,-1.015878474,-0.868813241,-0.453650175
17454,100,4,517.53,1.609437912,6.250997885,0.077040204,0.593609398,-0.124987338
17455,111,1,131.7,0.693147181,4.888090941,0.215225324,-0.868813241,-1.240244987
17456,273,1,249.86,0.693147181,5.524895015,2.250315276,-0.868813241,-0.719152467
17457,34,5,1737.7,1.791759469,7.460892987,-0.752070518,0.884599106,0.865061743
17460,2,6,622.43,1.945910149,6.435236489,-1.154063595,1.130627399,0.025773882
17462,192,1,463.41,0.693147181,6.140767783,1.2327703,-0.868813241,-0.215187894
17463,84,3,1227.59,1.386294361,7.113622449,-0.123956335,0.237466779,0.580892582
17464,66,1,289.96,0.693147181,5.673185801,-0.350077441,-0.868813241,-0.597807107
17469,16,3,1050.27,1.386294361,6.957754236,-0.978191623,0.237466779,0.453346664
17470,35,4,816.47,1.609437912,6.706214205,-0.739508234,0.593609398,0.247513136
17472,99,3,697.54,1.386294361,6.548992443,0.06447792,0.237466779,0.118859618
17481,1,1,260.63,0.693147181,5.566931292,-1.166625878,-0.868813241,-0.684754462
17483,42,2,274.74,1.098612289,5.619458393,-0.651572248,-0.221680914,-0.641771886
17486,169,1,396.87,0.693147181,5.986125319,0.943837776,-0.868813241,-0.34173079
17489,120,1,208.56,0.693147181,5.345010095,0.328285877,-0.868813241,-0.866351095
17490,84,1,305.2,0.693147181,5.724238483,-0.123956335,-0.868813241,-0.556031038
17491,3,6,2118.11,1.945910149,7.658751468,-1.141501311,1.130627399,1.026968017
17492,156,1,374.57,0.693147181,5.928444872,0.780528088,-0.868813241,-0.388930314
17496,266,1,271.05,0.693147181,5.605985873,2.16237929,-0.868813241,-0.652796359
17499,197,1,622.88,0.693147181,6.435958042,1.295581718,-0.868813241,0.026364323
17501,128,2,288.6,1.098612289,5.668500661,0.428784146,-0.221680914,-0.601640926
17504,114,9,2997.03,2.302585093,8.005710685,0.252912175,1.699889419,1.310882427
17505,69,2,1145.84,1.098612289,7.044765613,-0.31239059,-0.221680914,0.524547492
17507,169,2,605.58,1.098612289,6.407836624,0.943837776,-0.221680914,0.003352755
17508,188,1,387.31,0.693147181,5.96180399,1.182521165,-0.868813241,-0.361632771
17511,1,21,59375.75,3.091042453,10.99165801,-1.166625878,2.95828684,3.754263183
17512,29,8,1891.9,2.197224577,7.545865324,-0.814881936,1.531731433,0.934594039
17514,36,1,208.65,0.693147181,5.345439474,-0.72694595,-0.868813241,-0.865999737
17515,114,3,571.37,1.386294361,6.349785635,0.252912175,0.237466779,-0.044149981
17516,27,4,605.65,1.609437912,6.407952018,-0.840006503,0.593609398,0.003447181
17517,216,1,153.94,0.693147181,5.043037945,1.534265108,-0.868813241,-1.113452888
17519,41,5,1488,1.791759469,7.305860033,-0.664134532,0.884599106,0.738199312
17521,107,1,159.56,0.693147181,5.078667704,0.164976189,-0.868813241,-1.084297294
17522,46,4,912.25,1.609437912,6.817009666,-0.601323114,0.593609398,0.338176322
17524,269,1,145,0.693147181,4.983606622,2.200066141,-0.868813241,-1.162085143
17525,267,1,422.7,0.693147181,6.049025658,2.174941574,-0.868813241,-0.290259862
17526,198,3,872.8,1.386294361,6.772851517,1.308144002,0.237466779,0.302042003
17527,17,2,606.62,1.098612289,6.409549687,-0.96562934,-0.221680914,0.004754542
17530,114,6,1365.26,1.945910149,7.219832359,0.252912175,1.130627399,0.667803441
17531,98,1,296.7,0.693147181,5.696086268,0.051915636,-0.868813241,-0.579067808
17535,188,1,164.4,0.693147181,5.108366783,1.182521165,-0.868813241,-1.059994737
17536,85,1,76.5,0.693147181,4.350277936,-0.111394051,-0.868813241,-1.680333777
17537,211,1,620.75,0.693147181,6.432538083,1.471453689,-0.868813241,0.023565793
17540,224,1,268.8,0.693147181,5.597680944,1.634763377,-0.868813241,-0.659592227
17542,177,1,170.75,0.693147181,5.146039931,1.044336045,-0.868813241,-1.029167051
17548,141,1,103.3,0.693147181,4.647271362,0.592093833,-0.868813241,-1.43730604
17550,105,3,267.16,1.386294361,5.591583817,0.139851622,0.237466779,-0.664581465
17551,267,1,290.34,0.693147181,5.67449097,2.174941574,-0.868813241,-0.596739096
17552,280,2,298.52,1.098612289,5.702181193,2.338251261,-0.221680914,-0.574080371
17553,37,1,1487.6,0.693147181,7.30559136,-0.714383667,-0.868813241,0.737979459
17554,30,2,1249.89,1.098612289,7.131610577,-0.802319652,-0.221680914,0.595612146
17555,242,1,195.45,0.693147181,5.280407946,1.860884483,-0.868813241,-0.919214602
17556,113,1,157.9,0.693147181,5.068275074,0.240349891,-0.868813241,-1.092801515
17560,2,4,854.95,1.609437912,6.752211963,-1.154063595,0.593609398,0.285152795
17562,17,4,661.1,1.609437912,6.495416602,-0.96562934,0.593609398,0.075018866
17567,0,6,2925.45,1.945910149,7.981545363,-1.179188162,1.130627399,1.291108105
17569,240,1,344.14,0.693147181,5.843950132,1.835759915,-0.868813241,-0.458071795
17571,53,3,559.55,1.386294361,6.328918445,-0.513387128,0.237466779,-0.061225464
17572,7,3,196,1.386294361,5.283203729,-1.091252176,0.237466779,-0.916926832
17573,1,1,174.71,0.693147181,5.168834909,-1.166625878,-0.868813241,-1.010514073
17574,150,1,185.65,0.693147181,5.229235205,0.705154386,-0.868813241,-0.961088914
17576,7,14,2266.25,2.708050201,7.726322922,-1.091252176,2.347021746,1.082261286
17578,126,1,143.46,0.693147181,4.973002653,0.403659579,-0.868813241,-1.170762301
17579,45,2,270.86,1.098612289,5.605287228,-0.613885397,-0.221680914,-0.653368056
17580,160,3,215.72,1.386294361,5.378606198,0.830777223,0.237466779,-0.838859629
17581,17,17,6522.29,2.890371758,8.783134129,-0.96562934,2.638011453,1.947042838
17582,144,1,175.27,0.693147181,5.17201691,0.629780684,-0.868813241,-1.007910263
17584,35,1,749.45,0.693147181,6.620673027,-0.739508234,-0.868813241,0.177515361
17585,17,4,1116.68,1.609437912,7.019010387,-0.96562934,0.593609398,0.503472163
17588,8,3,1240.2,1.386294361,7.123833933,-1.078689893,0.237466779,0.58924857
17589,59,3,1843.07,1.386294361,7.519730364,-0.438013426,0.237466779,0.913207976
17591,30,6,1840.87,1.945910149,7.518536639,-0.802319652,1.130627399,0.912231158
17593,52,3,2260.04,1.386294361,7.723580163,-0.525949412,0.237466779,1.080016905
17594,162,1,315,0.693147181,5.755742214,0.85590179,-0.868813241,-0.530251746
17596,44,4,1737.08,1.609437912,7.460536335,-0.626447681,0.593609398,0.864769897
17597,121,1,2044.37,0.693147181,7.623333981,0.34084816,-0.868813241,0.997986124
17601,147,1,116.01,0.693147181,4.762259401,0.667467535,-0.868813241,-1.343212096
17602,32,2,909.55,1.098612289,6.814048813,-0.777195085,-0.221680914,0.335753476
17604,125,2,309.36,1.098612289,5.737732914,0.391097295,-0.221680914,-0.544988635
17609,210,2,531.25,1.098612289,6.277113304,1.458891406,-0.221680914,-0.103617265
17611,31,9,2701.15,2.302585093,7.901803031,-0.789757369,1.699889419,1.225855488
17612,3,5,1682.94,1.791759469,7.428891565,-1.141501311,0.884599106,0.838875193
17613,25,9,2976.69,2.302585093,7.998903111,-0.865131071,1.699889419,1.305311834
17615,38,3,329.6,1.386294361,5.800909185,-0.701821383,0.237466779,-0.493291914
17616,81,3,571.2,1.386294361,6.349488581,-0.161643186,0.237466779,-0.044393059
17618,156,2,625.48,1.098612289,6.44011685,0.780528088,-0.221680914,0.029767448
17619,220,1,214.37,0.693147181,5.372357479,1.584514242,-0.868813241,-0.843972913
17621,220,2,901.78,1.098612289,6.805478891,1.584514242,-0.221680914,0.328740766
17624,126,1,400.3,0.693147181,5.994709277,0.403659579,-0.868813241,-0.334706594
17625,48,2,1227.13,1.098612289,7.113247966,-0.576198546,-0.221680914,0.580586145
17629,28,5,798.38,1.791759469,6.683836427,-0.82744422,0.884599106,0.22920155
17630,77,2,503.6,1.098612289,6.223766036,-0.21189232,-0.221680914,-0.147270978
17631,45,2,416.5,1.098612289,6.034284544,-0.613885397,-0.221680914,-0.302322417
17633,11,2,648.61,1.098612289,6.476372183,-1.041003042,-0.221680914,0.059434945
17634,0,7,2077.07,2.079441542,7.639194857,-1.179188162,1.343746799,1.010964973
17637,23,1,338.95,0.693147181,5.828798548,-0.890255638,-0.868813241,-0.470470235
17639,184,1,108.5,0.693147181,4.695924549,1.132272031,-0.868813241,-1.397493462
17642,27,2,712.29,1.098612289,6.56988807,-0.840006503,-0.221680914,0.135958371
17643,281,1,101.55,0.693147181,4.630350485,2.350813545,-0.868813241,-1.451152281
17644,28,7,1625.63,2.079441542,7.394265669,-0.82744422,1.343746799,0.810541054
17646,127,3,1008.39,1.386294361,6.917101467,0.416221862,0.237466779,0.420080774
17648,100,3,1107.39,1.386294361,7.010663791,0.077040204,0.237466779,0.496642199
17649,46,1,868.49,0.693147181,6.767906833,-0.601323114,-0.868813241,0.297995802
17651,63,4,1148.01,1.609437912,7.046655981,-0.387764292,0.593609398,0.526094368
17652,52,6,2713.57,1.945910149,7.90638884,-0.525949412,1.130627399,1.229608024
17653,7,2,343.34,1.098612289,5.841629541,-1.091252176,-0.221680914,-0.459970719
17654,185,1,117.55,0.693147181,4.775334813,1.144834314,-0.868813241,-1.332512574
17655,24,5,1903.33,1.791759469,7.55188552,-0.877693354,0.884599106,0.939520325
17656,14,3,927.65,1.386294361,6.833731919,-1.003316191,0.237466779,0.35186003
17658,119,1,317.6,0.693147181,5.763936397,0.315723593,-0.868813241,-0.5235465
17659,8,9,1653.03,2.302585093,7.410970013,-1.078689893,1.699889419,0.824210107
17660,49,1,178.75,0.693147181,5.191566997,-0.563636263,-0.868813241,-0.991912558
17663,62,4,1016.53,1.609437912,6.925133401,-0.400326575,0.593609398,0.426653252
17664,120,1,326.19,0.693147181,5.790541042,0.328285877,-0.868813241,-0.501776097
17667,69,4,1751.01,1.609437912,7.468518979,-0.31239059,0.593609398,0.871302042
17669,30,5,2433.22,1.791759469,7.797381656,-0.802319652,0.884599106,1.140408173
17670,135,1,205.7,0.693147181,5.331268467,0.516720131,-0.868813241,-0.877595778
17671,65,3,1098.55,1.386294361,7.002656284,-0.362639724,0.237466779,0.49008971
17672,217,1,1177.84,0.693147181,7.072286183,1.546827391,-0.868813241,0.547067391
17673,70,4,1175.62,1.609437912,7.0704012,-0.299828306,0.593609398,0.545524922
17674,276,1,300.66,0.693147181,5.709300555,2.288002127,-0.868813241,-0.568254645
17675,9,23,14074.19,3.17805383,9.552168952,-1.066127609,3.097159147,2.576338897
17676,17,4,730.84,1.609437912,6.595561911,-0.96562934,0.593609398,0.156967103
17677,8,20,11666.5,3.044522438,9.364562478,-1.078689893,2.884039746,2.422821773
17678,171,1,298.11,0.693147181,5.700811399,0.968962343,-0.868813241,-0.575201265
17682,23,5,1899.35,1.791759469,7.549793359,-0.890255638,0.884599106,0.937808324
17685,174,5,1512.72,1.791759469,7.322325476,1.006649194,0.884599106,0.751672875
17686,28,5,4589.35,1.791759469,8.431711553,-0.82744422,0.884599106,1.659476091
17690,9,11,3495.53,2.48490665,8.159526327,-1.066127609,1.990879126,1.436748739
17691,266,2,290.4,1.098612289,5.674696894,2.16237929,-0.221680914,-0.59657059
17692,35,4,740.94,1.609437912,6.609268377,-0.739508234,0.593609398,0.168183013
17693,45,1,200.47,0.693147181,5.305640487,-0.613885397,-0.868813241,-0.898566982
17694,49,1,283.12,0.693147181,5.649396684,-0.563636263,-0.868813241,-0.617273582
17695,39,2,765.34,1.098612289,6.641625935,-0.689259099,-0.221680914,0.194660987
17696,16,7,1915.59,2.079441542,7.558302844,-0.978191623,1.343746799,0.944771579
17697,144,1,338.95,0.693147181,5.828798548,0.629780684,-0.868813241,-0.470470235
17698,168,1,154.95,0.693147181,5.049535443,0.931275492,-0.868813241,-1.108136029
17700,2,3,1681.83,1.386294361,7.428232179,-1.154063595,0.237466779,0.838335622
17701,160,1,417.95,0.693147181,6.037751581,0.830777223,-0.868813241,-0.299485364
17702,16,3,1338.77,1.386294361,7.200253236,-0.978191623,0.237466779,0.651781976
17703,17,2,490.96,1.098612289,6.198397412,-0.96562934,-0.221680914,-0.168029953
17704,76,2,885.19,1.098612289,6.786931375,-0.224454604,-0.221680914,0.313563457
17705,14,6,968,1.945910149,6.876264612,-1.003316191,1.130627399,0.386664249
17706,8,12,8027.5,2.564949357,8.99075299,-1.078689893,2.118629265,2.116935965
17707,93,2,152.4,1.098612289,5.033048889,-0.010895782,-0.221680914,-1.121626866
17708,95,2,263.33,1.098612289,5.577198323,0.014228785,-0.221680914,-0.676353019
17709,77,1,137.45,0.693147181,4.93050925,-0.21189232,-0.868813241,-1.205534368
17711,197,1,220.53,0.693147181,5.40055802,1.295581718,-0.868813241,-0.820896599
17714,228,1,153,0.693147181,5.036952602,1.685012511,-0.868813241,-1.118432484
17715,108,1,326.4,0.693147181,5.791182665,0.177538473,-0.868813241,-0.501251061
17716,2,7,4136.66,2.079441542,8.32788569,-1.154063595,1.343746799,1.574516081
17718,140,1,139.35,0.693147181,4.944139303,0.57953155,-0.868813241,-1.194380987
17719,14,12,4477.4,2.564949357,8.407021119,-1.003316191,2.118629265,1.639272074
17720,21,3,887.6,1.386294361,6.789647191,-0.915380205,0.237466779,0.315785791
17722,4,4,2424.04,1.609437912,7.793603298,-1.128939027,0.593609398,1.137316368
17723,35,6,3276.4,1.945910149,8.094805704,-0.739508234,1.130627399,1.383788286
17724,46,1,373.1,0.693147181,5.924523141,-0.601323114,-0.868813241,-0.39213944
17725,8,8,2507.12,2.197224577,7.827288747,-1.078689893,1.531731433,1.164880947
17730,14,8,3055.77,2.197224577,8.025114082,-1.003316191,1.531731433,1.326760097
17731,36,3,963.74,1.386294361,6.871858635,-0.72694595,0.237466779,0.383058867
17732,280,1,303.97,0.693147181,5.720213411,2.338251261,-0.868813241,-0.559324728
17733,169,1,216.95,0.693147181,5.384265679,0.943837776,-0.868813241,-0.834228513
17734,44,2,540.21,1.098612289,6.293807374,-0.626447681,-0.221680914,-0.089956619
17735,1,16,11091.24,2.833213344,9.314001044,-1.166625878,2.546785213,2.381447689
17736,21,1,307.49,0.693147181,5.731689428,-0.915380205,-0.868813241,-0.54993398
17738,56,3,1571.49,1.386294361,7.360415629,-0.475700277,0.237466779,0.782841792
17739,104,3,1070.77,1.386294361,6.977066766,0.127289338,0.237466779,0.469149978
17742,21,2,355.11,1.098612289,5.875239672,-0.915380205,-0.221680914,-0.432467774
17744,158,4,1288.96,1.609437912,7.162366489,0.805652656,0.593609398,0.620779504
17746,148,1,110.25,0.693147181,4.711779921,0.680029819,-0.868813241,-1.384519117
17747,20,1,71.4,0.693147181,4.282206299,-0.927942489,-0.868813241,-1.736036342
17749,86,2,674.52,1.098612289,6.515482765,-0.098831768,-0.221680914,0.091438873
17750,7,5,1204.5,1.791759469,7.094649698,-1.091252176,0.884599106,0.565367306
17752,267,1,80.64,0.693147181,4.402319338,2.174941574,-0.868813241,-1.637748645
17754,50,2,575.06,1.098612289,6.356211822,-0.551073979,-0.221680914,-0.038891476
17757,22,20,3308.55,3.044522438,8.104567507,-0.902817922,2.884039746,1.391776304
17758,60,4,1433.25,1.609437912,7.268397343,-0.425451143,0.593609398,0.707543844
17759,77,2,167.15,1.098612289,5.124856438,-0.21189232,-0.221680914,-1.046501362
17760,281,1,172.54,0.693147181,5.15640812,2.350813545,-0.868813241,-1.020682831
17763,171,1,15,0.693147181,2.772588722,0.968962343,-0.868813241,-2.971346323
17764,119,1,230.67,0.693147181,5.445313945,0.315723593,-0.868813241,-0.784273124
17765,66,3,367.63,1.386294361,5.909793431,-0.350077441,0.237466779,-0.404192664
17768,74,1,385.83,0.693147181,5.95798532,-0.249579171,-0.868813241,-0.364757563
17769,46,4,1817.88,1.609437912,7.505976206,-0.601323114,0.593609398,0.90195304
17770,106,5,1143.27,1.791759469,7.042522158,0.152413906,0.884599106,0.522711688
17771,231,1,115.8,0.693147181,4.76046307,1.722699362,-0.868813241,-1.344682021
17774,4,4,1213.73,1.609437912,7.102277109,-1.128939027,0.593609398,0.571608765
17775,162,1,56.4,0.693147181,4.050044303,0.85590179,-0.868813241,-1.926012953
17777,8,1,189.8,0.693147181,5.251225759,-1.078689893,-0.868813241,-0.943094191
17779,51,1,323.09,0.693147181,5.781021255,-0.538511696,-0.868813241,-0.509566075
17781,67,2,188.02,1.098612289,5.24185283,-0.337515157,-0.221680914,-0.950763996
17783,155,1,112.41,0.693147181,4.731009571,0.767965805,-0.868813241,-1.368783623
17786,225,1,103.35,0.693147181,4.647750634,1.64732566,-0.868813241,-1.436913855
17787,60,4,1817.54,1.609437912,7.50578926,-0.425451143,0.593609398,0.901800064
17788,37,1,11.75,0.693147181,2.545531272,-0.714383667,-0.868813241,-3.157145918
17789,189,1,225.9,0.693147181,5.424509392,1.195083449,-0.868813241,-0.801297352
17790,28,12,1363.51,2.564949357,7.218550669,-0.82744422,2.118629265,0.666754643
17795,87,2,342.83,1.098612289,5.840147349,-0.086269484,-0.221680914,-0.461183587
17796,221,3,614.1,1.386294361,6.421784856,1.597076526,0.237466779,0.0147665
17797,90,1,272.41,0.693147181,5.6109725,-0.048582633,-0.868813241,-0.648715835
17799,7,9,2514.99,2.302585093,7.830421643,-1.091252176,1.699889419,1.167444574
17800,25,6,765.3,1.945910149,6.641573738,-0.865131071,1.130627399,0.194618274
17802,88,2,632.42,1.098612289,6.451133709,-0.0737072,-0.221680914,0.03878247
17809,37,8,2856.71,2.197224577,7.957775884,-0.714383667,1.531731433,1.271657699
17811,0,24,4834.31,3.218875825,8.483700522,-1.179188162,3.162312058,1.702018317
17812,276,1,193.3,0.693147181,5.269403356,2.288002127,-0.868813241,-0.928219584
17816,177,2,21.31,1.098612289,3.105035008,1.044336045,-0.221680914,-2.699307747
17817,185,2,269.7,1.098612289,5.601011197,1.144834314,-0.221680914,-0.656867104
17819,90,6,3468.47,1.945910149,8.151757124,-0.048582633,1.130627399,1.430391252
17827,150,4,1580.47,1.609437912,7.366110073,0.705154386,0.593609398,0.787501518
17828,17,3,876.66,1.386294361,6.777259275,-0.96562934,0.237466779,0.305648843
17829,206,1,889.24,0.693147181,6.791491089,1.408642271,-0.868813241,0.317294641
17830,169,2,287.65,1.098612289,5.665214882,0.943837776,-0.221680914,-0.604329657
17837,56,3,376.51,1.386294361,5.933597058,-0.475700277,0.237466779,-0.384714314
17838,200,3,1655,1.386294361,7.412160335,1.333268569,0.237466779,0.825184139
17841,2,80,23139.09,4.394449155,10.04932189,-1.154063595,5.038556128,2.983155826
17843,211,1,205.48,0.693147181,5.330203555,1.471453689,-0.868813241,-0.878467188
17844,14,1,51.56,0.693147181,3.961955374,-1.003316191,-0.868813241,-1.998095536
17848,36,8,821.6,2.197224577,6.712470056,-0.72694595,1.531731433,0.252632257
17849,126,4,605.8,1.609437912,6.408199247,0.403659579,0.593609398,0.003649487
17850,280,34,5391.21,3.555348061,8.592710598,2.338251261,3.699330058,1.791220535
17854,93,2,311.26,1.098612289,5.743836174,-0.010895782,-0.221680914,-0.539994378
17855,280,1,208.97,0.693147181,5.346964663,2.338251261,-0.868813241,-0.864751685
17856,141,3,1142.63,1.386294361,7.041962693,0.592093833,0.237466779,0.522253882
17857,6,14,14254.52,2.708050201,9.564899479,-1.10381446,2.347021746,2.586756203
17858,24,9,3641.25,2.302585093,8.200356902,-0.877693354,1.699889419,1.470160125
17859,212,1,141.92,0.693147181,4.962285033,1.484015973,-0.868813241,-1.179532457
17860,276,1,226.45,0.693147181,5.426930434,2.288002127,-0.868813241,-0.799316229
17861,44,5,1299.49,1.791759469,7.170496396,-0.626447681,0.884599106,0.627432152
17862,231,1,330.9,0.693147181,5.804833719,1.722699362,-0.868813241,-0.490080495
17863,53,4,1785.28,1.609437912,7.487890524,-0.513387128,0.593609398,0.887153647
17864,183,1,200.85,0.693147181,5.307524847,1.119709747,-0.868813241,-0.897025023
17865,15,12,7017.34,2.564949357,8.856282002,-0.990753907,2.118629265,2.006899254
17866,50,1,329.65,0.693147181,5.801060414,-0.551073979,-0.868813241,-0.493168165
17867,51,4,957.48,1.609437912,6.865348696,-0.538511696,0.593609398,0.377731828
17869,15,5,428.18,1.791759469,6.061876411,-0.990753907,0.884599106,-0.279744176
17870,31,6,601.57,1.945910149,6.401203841,-0.789757369,1.130627399,-0.002074807
17871,112,1,155.9,0.693147181,5.05560866,0.227787607,-0.868813241,-1.103166357
17873,92,4,1576.92,1.609437912,7.363862803,-0.023458066,0.593609398,0.785662592
17874,93,6,683.46,1.945910149,6.528630206,-0.010895782,1.130627399,0.102197336
17877,78,1,237.61,0.693147181,5.47483042,-0.199330037,-0.868813241,-0.76011999
17879,81,1,178.52,0.693147181,5.190286622,-0.161643186,-0.868813241,-0.992960279
17880,272,1,458.92,0.693147181,6.131052561,2.237752992,-0.868813241,-0.223137795
17881,212,1,133.35,0.693147181,4.900448335,1.484015973,-0.868813241,-1.230133014
17883,154,1,119.35,0.693147181,4.790404164,0.755403521,-0.868813241,-1.320181424
17884,219,3,590.54,1.386294361,6.382729306,1.571951959,0.237466779,-0.017192396
17886,118,2,377.71,1.098612289,5.936770741,0.303161309,-0.221680914,-0.382117311
17887,37,1,111.35,0.693147181,4.721618999,-0.714383667,-0.868813241,-1.376467866
17888,69,4,297,1.609437912,5.697093487,-0.31239059,0.593609398,-0.578243607
17889,120,2,201.37,1.098612289,5.310097705,0.328285877,-0.221680914,-0.894919671
17890,230,2,586.89,1.098612289,6.376539856,1.710137079,-0.221680914,-0.022257182
17891,70,1,203.86,0.693147181,5.322326819,-0.299828306,-0.868813241,-0.884912668
17892,63,1,142.1,0.693147181,4.963543687,-0.387764292,-0.868813241,-1.178502509
17893,133,1,107.21,0.693147181,4.684073784,0.491595564,-0.868813241,-1.407190864
17894,4,7,995.9,2.079441542,6.904650464,-1.128939027,1.343746799,0.409892202
17897,80,3,541.81,1.386294361,6.296759351,-0.17420547,0.237466779,-0.087541036
17898,115,1,99.84,0.693147181,4.613535102,0.265474458,-0.868813241,-1.464912196
17899,67,1,154.55,0.693147181,5.046967223,-0.337515157,-0.868813241,-1.110237586
17900,98,2,112.2,1.098612289,4.729156166,0.051915636,-0.221680914,-1.370300252
17905,64,3,617.74,1.386294361,6.427685152,-0.375202008,0.237466779,0.019594673
17906,155,1,72.9,0.693147181,4.302712828,0.767965805,-0.868813241,-1.719255987
17908,281,1,232.03,0.693147181,5.451167201,2.350813545,-0.868813241,-0.779483445
17912,218,5,310.06,1.791759469,5.73998582,1.559389675,0.884599106,-0.543145098
17913,263,1,218.05,0.693147181,5.389300014,2.124692439,-0.868813241,-0.83010895
17917,164,2,226.71,1.098612289,5.42807289,0.881026357,-0.221680914,-0.798381365
17920,13,9,2328.8,2.302585093,7.753537706,-1.015878474,1.699889419,1.104530962
17921,56,3,595.47,1.386294361,6.391028947,-0.475700277,0.237466779,-0.010400855
17923,190,1,207.5,0.693147181,5.339939041,1.207645733,-0.868813241,-0.870500705
17924,209,2,502.2,1.098612289,6.220987705,1.446329122,-0.221680914,-0.149544467
17925,280,1,244.08,0.693147181,5.501584688,2.338251261,-0.868813241,-0.738227152
17926,41,2,397.29,1.098612289,5.987180383,-0.664134532,-0.221680914,-0.340867437
17928,154,1,78.26,0.693147181,4.372733588,0.755403521,-0.868813241,-1.661958467
17929,20,3,707,1.386294361,6.562444094,-0.927942489,0.237466779,0.129867015
17930,70,2,694.14,1.098612289,6.544113264,-0.299828306,-0.221680914,0.114867019
17931,42,2,408.36,1.098612289,6.014594964,-0.651572248,-0.221680914,-0.318434269
17932,81,2,934.51,1.098612289,6.841091835,-0.161643186,-0.221680914,0.3578826
17935,46,2,142.89,1.098612289,4.969049119,-0.601323114,-0.221680914,-1.173997451
17937,22,5,3614.52,1.791759469,8.192990969,-0.902817922,0.884599106,1.464132632
17939,67,1,99.14,0.693147181,4.606569207,-0.337515157,-0.868813241,-1.470612342
17940,16,9,3828.04,2.302585093,8.250369398,-0.978191623,1.699889419,1.511085017
17941,38,1,304.56,0.693147181,5.722146159,-0.701821383,-0.868813241,-0.557743173
17946,141,2,149.58,1.098612289,5.014494504,0.592093833,-0.221680914,-1.136809795
17948,55,1,358.56,0.693147181,5.884881062,-0.488262561,-0.868813241,-0.424578289
17949,1,33,48209.2,3.526360525,10.7833259,-1.166625878,3.653065233,3.583786402
17950,273,2,263.17,1.098612289,5.576592835,2.250315276,-0.221680914,-0.676848486
17951,266,2,409.5,1.098612289,6.017375929,2.16237929,-0.221680914,-0.316158624
17954,31,10,1885.21,2.397895273,7.542324804,-0.789757369,1.85200682,0.931696855
17955,106,4,557.3,1.609437912,6.324896452,0.152413906,0.593609398,-0.064516634
17956,157,1,12.75,0.693147181,2.621038824,0.793090372,-0.868813241,-3.095358592
17958,24,1,508.46,0.693147181,6.233351341,-0.877693354,-0.868813241,-0.139427387
17960,79,1,73.78,0.693147181,4.31455047,-0.186767753,-0.868813241,-1.709569324
17961,31,31,1179.62,3.465735903,7.073795003,-0.789757369,3.55630684,0.548302048
17962,50,1,102.41,0.693147181,4.638701669,-0.551073979,-0.868813241,-1.444318562
17964,280,1,261.76,0.693147181,5.571241068,2.338251261,-0.868813241,-0.681227801
17965,42,10,1887.73,2.397895273,7.543659925,-0.651572248,1.85200682,0.932789375
17966,59,4,594.43,1.609437912,6.389283834,-0.438013426,0.593609398,-0.01182887
17967,279,1,112.27,0.693147181,4.729774349,2.325688978,-0.868813241,-1.369794397
17968,281,1,265.1,0.693147181,5.583872178,2.350813545,-0.868813241,-0.670891848
17969,74,2,228.2,1.098612289,5.434594985,-0.249579171,-0.221680914,-0.793044378
17970,119,1,562.79,0.693147181,6.334681842,0.315723593,-0.868813241,-0.056509315
17972,149,1,135.19,0.693147181,4.91405097,0.692592103,-0.868813241,-1.219002069
17974,127,1,164.07,0.693147181,5.106369626,0.416221862,-0.868813241,-1.061628997
17975,22,11,3950.45,2.48490665,8.281837879,-0.902817922,1.990879126,1.536835465
17976,280,1,321.79,0.693147181,5.777001957,2.338251261,-0.868813241,-0.51285504
17978,273,1,300.92,0.693147181,5.710162082,2.250315276,-0.868813241,-0.567549663
17979,76,3,494.54,1.386294361,6.205648077,-0.224454604,0.237466779,-0.162096783
17980,73,3,811.45,1.386294361,6.700054374,-0.262141455,0.237466779,0.242472588
17984,53,1,152.68,0.693147181,5.034872518,-0.513387128,-0.868813241,-1.120134603
17987,93,1,198.57,0.693147181,5.296165052,-0.010895782,-0.868813241,-0.906320668
17988,25,5,146,1.791759469,4.990432587,-0.865131071,0.884599106,-1.156499502
17990,144,3,630.84,1.386294361,6.448636198,0.629780684,0.237466779,0.036738773
17991,133,2,93.35,1.098612289,4.547011272,0.491595564,-0.221680914,-1.519348202
17994,29,4,674.89,1.609437912,6.516030341,-0.814881936,0.593609398,0.091886951
17995,189,1,76.1,0.693147181,4.345103281,1.195083449,-0.868813241,-1.684568163
17997,0,6,1711.75,1.945910149,7.445855545,-1.179188162,1.130627399,0.852756705
17999,274,1,190.34,0.693147181,5.25405195,2.26287756,-0.868813241,-0.940781537
18004,270,1,157.92,0.693147181,5.068400931,2.212628425,-0.868813241,-1.092698527
18008,111,7,2065.41,2.079441542,7.633568081,0.215225324,1.343746799,1.006360619
18009,143,1,247.39,0.693147181,5.515000092,0.617218401,-0.868813241,-0.727249416
18010,164,1,174.8,0.693147181,5.169346985,0.881026357,-0.868813241,-1.010095045
18011,281,1,102.79,0.693147181,4.642369627,2.350813545,-0.868813241,-1.441317097
18013,63,2,187.29,1.098612289,5.237983328,-0.387764292,-0.221680914,-0.953930384
18016,94,3,482.86,1.386294361,6.181795609,0.001666502,0.237466779,-0.181615098
18017,77,2,344,1.098612289,5.843544417,-0.21189232,-0.221680914,-0.458403789
18018,16,2,122.14,1.098612289,4.813321919,-0.978191623,-0.221680914,-1.301427978
18024,60,2,389.78,1.098612289,5.968144742,-0.425451143,-0.221680914,-0.356444176
18027,6,1,115.31,0.693147181,4.75625904,-1.10381446,-0.868813241,-1.348122151
18032,242,1,73.5,0.693147181,4.310799125,1.860884483,-0.868813241,-1.712639024
18036,13,2,253.69,1.098612289,5.540047119,-1.015878474,-0.221680914,-0.706753601
18037,62,6,70.02,1.945910149,4.262961528,-0.400326575,1.130627399,-1.751784211
18040,153,1,239,0.693147181,5.480638923,0.742841237,-0.868813241,-0.755366931
18041,11,16,2998.11,2.833213344,8.006070857,-1.041003042,2.546785213,1.311177153
18043,114,2,421.59,1.098612289,6.046402442,0.252912175,-0.221680914,-0.292406422
18044,74,7,1105.53,2.079441542,7.008984272,-0.249579171,1.343746799,0.49526786
18048,111,2,172.29,1.098612289,5.154966492,0.215225324,-0.221680914,-1.021862506
18050,267,1,74.4,0.693147181,4.322807275,2.174941574,-0.868813241,-1.702812835
18055,36,7,3672.86,2.079441542,8.208998159,-0.72694595,1.343746799,1.477231209
18056,196,1,363.65,0.693147181,5.898937989,1.283019434,-0.868813241,-0.413075599
18061,15,8,1793.51,2.197224577,7.492487283,-0.990753907,1.531731433,0.890915145
18062,81,3,720.52,1.386294361,6.581360098,-0.161643186,0.237466779,0.145345854
18064,41,2,814,1.098612289,6.703188113,-0.664134532,-0.221680914,0.245036906
18065,91,8,1412.15,2.197224577,7.253576534,-0.036020349,1.531731433,0.695416074
18068,197,1,101.7,0.693147181,4.631812117,1.295581718,-0.868813241,-1.449956237
18069,88,3,978.32,1.386294361,6.886858453,-0.0737072,0.237466779,0.395333118
18071,165,2,453,1.098612289,6.118097198,0.893588641,-0.221680914,-0.233739082
18072,93,1,247.44,0.693147181,5.515201368,-0.010895782,-0.868813241,-0.727084713
18073,22,12,3859.82,2.564949357,8.258634875,-0.902817922,2.118629265,1.517848602
18074,281,1,489.6,0.693147181,6.195629132,2.350813545,-0.868813241,-0.170295219
18075,14,8,1957.75,2.197224577,7.580061794,-1.003316191,1.531731433,0.962576782
18077,11,7,1622.34,2.079441542,7.392241034,-1.041003042,1.343746799,0.808884309
18078,125,2,336.13,1.098612289,5.820468613,0.391097295,-0.221680914,-0.477286566
18079,34,2,2206.18,1.098612289,7.699470962,-0.752070518,-0.221680914,1.060288506
18080,150,1,841.5,0.693147181,6.736373662,0.705154386,-0.868813241,0.272192419
18081,20,2,208.05,1.098612289,5.342573458,-0.927942489,-0.221680914,-0.868344979
18085,238,2,689.95,1.098612289,6.538067462,1.810635348,-0.221680914,0.10991978
18086,182,1,101.34,0.693147181,4.628300603,1.107147463,-0.868813241,-1.452829685
18087,6,2,4055.72,1.098612289,8.308130044,-1.10381446,-0.221680914,1.558350168
18092,27,8,5851.48,2.197224577,8.674620782,-0.840006503,1.531731433,1.858247091
18093,1,4,2106.52,1.609437912,7.65326718,-1.166625878,0.593609398,1.02248026
18094,44,5,2402.3,1.791759469,7.784598072,-0.626447681,0.884599106,1.129947452
18095,220,2,580.05,1.098612289,6.364836812,1.584514242,-0.221680914,-0.031833704
18097,34,5,1986.2,1.791759469,7.594481892,-0.752070518,0.884599106,0.974376652
18099,35,1,168.31,0.693147181,5.131731354,-0.739508234,-0.868813241,-1.040875664
18101,51,1,110.23,0.693147181,4.71160013,-0.538511696,-0.868813241,-1.384666239
18102,6,27,135450.75,3.33220451,11.81637077,-1.10381446,3.343187439,4.42912012
18106,237,1,421.9,0.693147181,6.047135744,1.798073064,-0.868813241,-0.291806366
18108,162,1,271,0.693147181,5.605802066,0.85590179,-0.868813241,-0.652946767
18109,18,17,4433.02,2.890371758,8.397061901,-0.953067056,2.638011453,1.631122512
18112,74,1,196.64,0.693147181,5.286447194,-0.249579171,-0.868813241,-0.914272726
18113,276,1,76.32,0.693147181,4.347952654,2.288002127,-0.868813241,-1.682236539
18114,198,1,220.1,0.693147181,5.398615088,1.308144002,-0.868813241,-0.822486487
18116,142,7,1239.55,2.079441542,7.123310109,0.604656117,1.343746799,0.588819929
18118,55,18,4064.06,2.944438979,8.310183782,-0.488262561,2.724304074,1.560030728
18119,275,1,180.7,0.693147181,5.202356975,2.275439843,-0.868813241,-0.98308319
18120,122,1,111.15,0.693147181,4.719837261,0.353410444,-0.868813241,-1.37792585
18121,57,2,653.3,1.098612289,6.483565962,-0.463137994,-0.221680914,0.065321566
18122,58,1,119.19,0.693147181,4.789073824,-0.45057571,-0.868813241,-1.321270033
18125,109,3,933.9,1.386294361,6.840439572,0.190100756,0.237466779,0.357348857
18127,41,1,139.6,0.693147181,4.945918979,-0.664134532,-0.868813241,-1.192924689
18129,151,1,112.55,0.693147181,4.732243269,0.71771667,-0.868813241,-1.367774096
18133,120,1,931.5,0.693147181,6.837869152,0.328285877,-0.868813241,0.3552455
18135,98,1,109.82,0.693147181,4.707907263,0.051915636,-0.868813241,-1.387688087
18136,119,2,600.85,1.098612289,6.400008245,0.315723593,-0.221680914,-0.003053156
18138,203,1,152.65,0.693147181,5.034677289,1.37095542,-0.868813241,-1.120294358
18142,65,2,1019.52,1.098612289,6.92806758,-0.362639724,-0.221680914,0.429054272
18143,24,2,1000.16,1.098612289,6.908914607,-0.877693354,-0.221680914,0.413381521
18144,17,9,2165.55,2.302585093,7.68089132,-0.96562934,1.699889419,1.045084909
18145,112,2,1023.78,1.098612289,6.932233234,0.227787607,-0.221680914,0.432462999
18146,48,2,160.35,1.098612289,5.083575918,-0.576198546,-0.221680914,-1.080280936
18147,16,1,98.88,0.693147181,4.603969465,-0.978191623,-0.868813241,-1.472739693
18149,123,2,549.68,1.098612289,6.311153878,0.365972728,-0.221680914,-0.07576209
18150,48,2,413.28,1.098612289,6.026542074,-0.576198546,-0.221680914,-0.308658029
18151,42,2,653.35,1.098612289,6.483642377,-0.651572248,-0.221680914,0.065384096
18155,78,2,266.56,1.098612289,5.58934384,-0.199330037,-0.221680914,-0.666414423
18156,277,1,186.88,0.693147181,5.235803461,2.300564411,-0.868813241,-0.955714154
18159,209,1,530.15,0.693147181,6.275044467,1.446329122,-0.868813241,-0.10531018
18160,108,1,318.55,0.693147181,5.766913756,0.177538473,-0.868813241,-0.521110147
18161,48,3,771.26,1.386294361,6.649321281,-0.576198546,0.237466779,0.200958037
18165,85,1,302.46,0.693147181,5.715249806,-0.111394051,-0.868813241,-0.563386412
18167,13,1,498.48,0.693147181,6.213567557,-1.015878474,-0.868813241,-0.155616325
18168,84,6,1160.04,1.945910149,7.057071434,-0.123956335,1.130627399,0.534617264
18170,20,2,655.51,1.098612289,6.486937926,-0.927942489,-0.221680914,0.068080822
18171,7,4,994.31,1.609437912,6.903054246,-1.091252176,0.593609398,0.408586028
18172,7,11,5635.28,2.48490665,8.636979552,-1.091252176,1.990879126,1.827445524
18173,107,3,1728.84,1.386294361,7.455784198,0.164976189,0.237466779,0.860881255
18176,266,1,476.35,0.693147181,6.168249974,2.16237929,-0.868813241,-0.1926994
18177,65,5,1037.27,1.791759469,6.945311146,-0.362639724,0.884599106,0.443164566
18178,36,4,1590.81,1.609437912,7.372627013,-0.72694595,0.593609398,0.792834286
18179,160,4,1103.16,1.609437912,7.006840144,0.830777223,0.593609398,0.493513334
18180,44,2,601.85,1.098612289,6.40166841,-0.626447681,-0.221680914,-0.001694654
18183,135,2,632.07,1.098612289,6.450581001,0.516720131,-0.221680914,0.038330193
18185,157,1,304.25,0.693147181,5.721131113,0.793090372,-0.868813241,-0.558573778
18188,198,1,426.6,0.693147181,6.058188179,1.308144002,-0.868813241,-0.282762232
18189,175,1,633.1,0.693147181,6.452206671,1.019211478,-0.868813241,0.039660468
18190,100,2,284.46,1.098612289,5.654101914,0.077040204,-0.221680914,-0.613423324
18191,169,1,207.8,0.693147181,5.341376856,0.943837776,-0.868813241,-0.86932415
18193,73,1,243.76,0.693147181,5.500278139,-0.262141455,-0.868813241,-0.739296292
18196,3,2,686.63,1.098612289,6.533250903,-1.141501311,-0.221680914,0.105978421
18198,8,14,4427.39,2.708050201,8.395791366,-1.078689893,2.347021746,1.630082842
18200,14,1,150.35,0.693147181,5.019595035,-1.003316191,-0.868813241,-1.132636065
18202,107,3,1396.99,1.386294361,7.24279077,0.164976189,0.237466779,0.686590155
18203,65,1,160.42,0.693147181,5.084009664,-0.362639724,-0.868813241,-1.079926005
18204,17,2,1358.87,1.098612289,7.215144386,-0.96562934,-0.221680914,0.663967304
18210,175,1,142.4,0.693147181,4.965637928,1.019211478,-0.868813241,-1.176788805
18211,44,2,268.7,1.098612289,5.59731023,-0.626447681,-0.221680914,-0.65989558
18212,234,1,216.07,0.693147181,5.380219882,1.760386213,-0.868813241,-0.837539161
18213,144,1,232.48,0.693147181,5.45309642,0.629780684,-0.868813241,-0.777904777
18218,119,2,641.92,1.098612289,6.4660203,0.315723593,-0.221680914,0.050964068
18219,57,8,1367.13,2.197224577,7.221200123,-0.463137994,1.531731433,0.668922673
18220,134,1,305.28,0.693147181,5.724499716,0.504157848,-0.868813241,-0.555817273
18221,23,3,706.86,1.386294361,6.562246334,-0.890255638,0.237466779,0.129705189
18222,0,1,443,0.693147181,6.095824562,-1.179188162,-0.868813241,-0.251964631
18223,4,11,4036.34,2.48490665,8.303341338,-1.128939027,1.990879126,1.554431602
18224,171,1,158.95,0.693147181,5.074861266,0.968962343,-0.868813241,-1.087412077
18225,21,7,2730.78,2.079441542,7.91270869,-0.915380205,1.343746799,1.234779515
18226,28,9,4251.03,2.302585093,8.355151795,-0.82744422,1.699889419,1.596827753
18227,125,1,93.75,0.693147181,4.551241844,0.391097295,-0.868813241,-1.515886353
18229,1,14,5212.06,2.708050201,8.558922294,-1.166625878,2.347021746,1.763571791
18230,2,5,2146.36,1.791759469,7.67199446,-1.154063595,0.884599106,1.037804668
18231,100,5,2071.77,1.791759469,7.636641156,0.077040204,0.884599106,1.008875296
18232,65,3,500.62,1.386294361,6.217842861,-0.362639724,0.237466779,-0.152117873
18233,233,1,440,0.693147181,6.089044875,1.74782393,-0.868813241,-0.257512404
18235,28,2,749.8,1.098612289,6.621139305,-0.82744422,-0.221680914,0.177896914
18236,37,4,641.19,1.609437912,6.46488421,-0.714383667,0.593609398,0.050034413
18237,27,2,566.59,1.098612289,6.341399327,-0.840006503,-0.221680914,-0.051012442
18239,126,5,1561.61,1.791759469,7.354112779,0.403659579,0.884599106,0.777684212
18241,7,11,1349.58,2.48490665,7.208289409,-1.091252176,1.990879126,0.658357922
18242,104,2,694.08,1.098612289,6.544026947,0.127289338,-0.221680914,0.114796386
18245,57,6,1672.81,1.945910149,7.422857744,-0.463137994,1.130627399,0.833937758
18246,141,1,232.9,0.693147181,5.454893674,0.592093833,-0.868813241,-0.776434097
18248,30,2,804.02,1.098612289,6.690867122,-0.802319652,-0.221680914,0.234954721
18250,218,1,349.27,0.693147181,5.858704286,1.559389675,-0.868813241,-0.44599857
18252,79,1,69.9,0.693147181,4.261270434,-0.186767753,-0.868813241,-1.753168022
18257,22,5,1562.87,1.791759469,7.354918797,-0.902817922,0.884599106,0.778343772
18259,274,1,376.3,0.693147181,5.933040627,2.26287756,-0.868813241,-0.385169638
18260,80,6,2628.35,1.945910149,7.874491946,-0.17420547,1.130627399,1.203507009
18261,3,1,224.8,0.693147181,5.419649652,-1.141501311,-0.868813241,-0.805274044
18262,48,1,149.48,0.693147181,5.013830185,-0.576198546,-0.868813241,-1.137353403
18263,63,2,811.4,1.098612289,6.69999283,-0.387764292,-0.221680914,0.242422227
18265,66,1,488.55,0.693147181,6.193486602,-0.350077441,-0.868813241,-0.172048437
18268,42,1,25.5,0.693147181,3.277144733,-0.651572248,-0.868813241,-2.558471509
18269,274,1,168.6,0.693147181,5.133442723,2.26287756,-0.868813241,-1.039475262
18270,174,1,111.95,0.693147181,4.726945243,1.006649194,-0.868813241,-1.372109435
18272,21,4,2106.45,1.609437912,7.653233965,-0.915380205,0.593609398,1.022453081
18273,3,2,153,1.098612289,5.036952602,-1.141501311,-0.221680914,-1.118432484
18280,185,1,180.6,0.693147181,5.201806466,1.144834314,-0.868813241,-0.983533668
18281,88,1,80.82,0.693147181,4.404521713,-0.0737072,-0.868813241,-1.635946457
18282,34,1,100.21,0.693147181,4.617197566,-0.752070518,-0.868813241,-1.461915226
18283,3,10,1086.83,2.397895273,6.991940165,-1.141501311,1.85200682,0.481320781
18287,109,1,765.28,0.693147181,6.641547638,0.190100756,-0.868813241,0.194596917
